ISO-10303-21;
HEADER;
/* Generated by software containing ST-Developer
 * from STEP Tools, Inc. (www.steptools.com) 
 */

FILE_DESCRIPTION(
/* description */ (''),
/* implementation_level */ '2;1');

FILE_NAME(
/* name */ 'esp_home_light_housing.step',
/* time_stamp */ '2026-09-17T12:03:24+02:00',
/* author */ (''),
/* organization */ (''),
/* preprocessor_version */ 'ST-DEVELOPER v20.2',
/* originating_system */ 'Autodesk Translation Framework v15.15.0.0',
/* authorisation */ '');

FILE_SCHEMA (('AUTOMOTIVE_DESIGN { 1 0 10303 214 3 1 1 }','TECHNICAL_DATA_PACKAGING'));
ENDSEC;

DATA;
#10=MECHANICAL_DESIGN_GEOMETRIC_PRESENTATION_REPRESENTATION('',(#16,#17),
#11984);
#11=SHAPE_REPRESENTATION_RELATIONSHIP('SRR','None',#11990,#12);
#12=ADVANCED_BREP_SHAPE_REPRESENTATION('',(#18,#19),#11983);
#13=CONICAL_SURFACE('',#6456,2.6,0.785398163397448);
#14=CONICAL_SURFACE('',#6459,2.6,0.785398163397448);
#15=CONICAL_SURFACE('',#6462,2.6,0.785398163397448);
#16=STYLED_ITEM('',(#12000),#18);
#17=STYLED_ITEM('',(#12000),#19);
#18=MANIFOLD_SOLID_BREP('Body1',#6157);
#19=MANIFOLD_SOLID_BREP('Body2',#6158);
#20=TOROIDAL_SURFACE('',#6290,2.5,0.5);
#21=TOROIDAL_SURFACE('',#6293,2.5,0.5);
#22=TOROIDAL_SURFACE('',#6295,5.,0.5);
#23=TOROIDAL_SURFACE('',#6297,2.5,0.5);
#24=TOROIDAL_SURFACE('',#6301,2.5,0.5);
#25=TOROIDAL_SURFACE('',#6307,2.5,0.5);
#26=TOROIDAL_SURFACE('',#6310,2.5,0.5);
#27=TOROIDAL_SURFACE('',#6321,1.5,0.5);
#28=TOROIDAL_SURFACE('',#6327,1.5,0.5);
#29=TOROIDAL_SURFACE('',#6332,1.5,0.5);
#30=TOROIDAL_SURFACE('',#6337,1.5,0.5);
#31=TOROIDAL_SURFACE('',#6395,3.50000000000001,0.5);
#32=TOROIDAL_SURFACE('',#6401,3.5,0.5);
#33=TOROIDAL_SURFACE('',#6424,1.5,0.5);
#34=TOROIDAL_SURFACE('',#6430,1.5,0.5);
#35=TOROIDAL_SURFACE('',#6435,1.5,0.5);
#36=TOROIDAL_SURFACE('',#6440,1.5,0.5);
#37=B_SPLINE_SURFACE_WITH_KNOTS('',3,1,((#7748,#7749),(#7750,#7751),(#7752,
#7753),(#7754,#7755),(#7756,#7757)),.UNSPECIFIED.,.F.,.F.,.F.,(4,1,4),(2,
2),(0.,0.0323210445956805,0.0645660439850279),(0.,0.04),.UNSPECIFIED.);
#38=B_SPLINE_SURFACE_WITH_KNOTS('',3,1,((#7780,#7781),(#7782,#7783),(#7784,
#7785),(#7786,#7787),(#7788,#7789)),.UNSPECIFIED.,.F.,.F.,.F.,(4,1,4),(2,
2),(0.,0.0209339640828633,0.0436305283547576),(0.,0.04),.UNSPECIFIED.);
#39=B_SPLINE_SURFACE_WITH_KNOTS('',3,1,((#7803,#7804),(#7805,#7806),(#7807,
#7808),(#7809,#7810),(#7811,#7812)),.UNSPECIFIED.,.F.,.F.,.F.,(4,1,4),(2,
2),(0.,0.0274104607545748,0.0503645559737075),(0.,0.04),.UNSPECIFIED.);
#40=B_SPLINE_SURFACE_WITH_KNOTS('',3,1,((#7832,#7833),(#7834,#7835),(#7836,
#7837),(#7838,#7839),(#7840,#7841)),.UNSPECIFIED.,.F.,.F.,.F.,(4,1,4),(2,
2),(0.,0.0121994583027179,0.0314586876732794),(0.,0.04),.UNSPECIFIED.);
#41=B_SPLINE_SURFACE_WITH_KNOTS('',3,1,((#7855,#7856),(#7857,#7858),(#7859,
#7860),(#7861,#7862),(#7863,#7864)),.UNSPECIFIED.,.F.,.F.,.F.,(4,1,4),(2,
2),(0.,0.00702693915565301,0.0148724082739459),(0.,0.04),.UNSPECIFIED.);
#42=B_SPLINE_SURFACE_WITH_KNOTS('',3,1,((#7884,#7885),(#7886,#7887),(#7888,
#7889),(#7890,#7891),(#7892,#7893)),.UNSPECIFIED.,.F.,.F.,.F.,(4,1,4),(2,
2),(0.,0.00779847257668086,0.0150610156984626),(0.,0.04),.UNSPECIFIED.);
#43=B_SPLINE_SURFACE_WITH_KNOTS('',3,1,((#7907,#7908),(#7909,#7910),(#7911,
#7912),(#7913,#7914),(#7915,#7916)),.UNSPECIFIED.,.F.,.F.,.F.,(4,1,4),(2,
2),(0.,0.0128561665356341,0.0226822359531838),(0.,0.04),.UNSPECIFIED.);
#44=B_SPLINE_SURFACE_WITH_KNOTS('',3,1,((#7930,#7931),(#7932,#7933),(#7934,
#7935),(#7936,#7937),(#7938,#7939)),.UNSPECIFIED.,.F.,.F.,.F.,(4,1,4),(2,
2),(0.,0.0139087311816165,0.0291397013060276),(0.,0.04),.UNSPECIFIED.);
#45=B_SPLINE_SURFACE_WITH_KNOTS('',3,1,((#7953,#7954),(#7955,#7956),(#7957,
#7958),(#7959,#7960),(#7961,#7962)),.UNSPECIFIED.,.F.,.F.,.F.,(4,1,4),(2,
2),(0.,0.0178893659978057,0.0326814534393353),(0.,0.04),.UNSPECIFIED.);
#46=B_SPLINE_SURFACE_WITH_KNOTS('',3,1,((#7982,#7983),(#7984,#7985),(#7986,
#7987),(#7988,#7989),(#7990,#7991)),.UNSPECIFIED.,.F.,.F.,.F.,(4,1,4),(2,
2),(0.,0.0254823412434963,0.0493207107804774),(0.,0.04),.UNSPECIFIED.);
#47=B_SPLINE_SURFACE_WITH_KNOTS('',3,1,((#8005,#8006),(#8007,#8008),(#8009,
#8010),(#8011,#8012),(#8013,#8014)),.UNSPECIFIED.,.F.,.F.,.F.,(4,1,4),(2,
2),(0.,0.0266029998727511,0.0530188954701831),(0.,0.04),.UNSPECIFIED.);
#48=B_SPLINE_SURFACE_WITH_KNOTS('',3,1,((#8028,#8029),(#8030,#8031),(#8032,
#8033),(#8034,#8035),(#8036,#8037)),.UNSPECIFIED.,.F.,.F.,.F.,(4,1,4),(2,
2),(0.,0.0257957248710456,0.053998231768662),(0.,0.04),.UNSPECIFIED.);
#49=B_SPLINE_SURFACE_WITH_KNOTS('',3,1,((#8051,#8052),(#8053,#8054),(#8055,
#8056),(#8057,#8058),(#8059,#8060)),.UNSPECIFIED.,.F.,.F.,.F.,(4,1,4),(2,
2),(0.,0.0211044939896824,0.0444134665631592),(0.,0.04),.UNSPECIFIED.);
#50=B_SPLINE_SURFACE_WITH_KNOTS('',3,1,((#8074,#8075),(#8076,#8077),(#8078,
#8079),(#8080,#8081),(#8082,#8083)),.UNSPECIFIED.,.F.,.F.,.F.,(4,1,4),(2,
2),(0.,0.0200851402330406,0.0399827670630441),(0.,0.04),.UNSPECIFIED.);
#51=B_SPLINE_SURFACE_WITH_KNOTS('',3,1,((#8103,#8104),(#8105,#8106),(#8107,
#8108),(#8109,#8110),(#8111,#8112)),.UNSPECIFIED.,.F.,.F.,.F.,(4,1,4),(2,
2),(0.,0.0200805591018949,0.0416216154946874),(0.,0.04),.UNSPECIFIED.);
#52=B_SPLINE_SURFACE_WITH_KNOTS('',3,1,((#8126,#8127),(#8128,#8129),(#8130,
#8131),(#8132,#8133),(#8134,#8135)),.UNSPECIFIED.,.F.,.F.,.F.,(4,1,4),(2,
2),(0.,0.0279732184033971,0.0505614238475122),(0.,0.04),.UNSPECIFIED.);
#53=B_SPLINE_SURFACE_WITH_KNOTS('',3,1,((#8155,#8156),(#8157,#8158),(#8159,
#8160),(#8161,#8162),(#8163,#8164)),.UNSPECIFIED.,.F.,.F.,.F.,(4,1,4),(2,
2),(0.,0.0122271240124864,0.0313822362669958),(0.,0.04),.UNSPECIFIED.);
#54=B_SPLINE_SURFACE_WITH_KNOTS('',3,1,((#8178,#8179),(#8180,#8181),(#8182,
#8183),(#8184,#8185),(#8186,#8187)),.UNSPECIFIED.,.F.,.F.,.F.,(4,1,4),(2,
2),(0.,0.00841708994643153,0.0167358213743089),(0.,0.04),.UNSPECIFIED.);
#55=B_SPLINE_SURFACE_WITH_KNOTS('',3,1,((#8207,#8208),(#8209,#8210),(#8211,
#8212),(#8213,#8214),(#8215,#8216)),.UNSPECIFIED.,.F.,.F.,.F.,(4,1,4),(2,
2),(0.,0.00914924943327974,0.0175793160741189),(0.,0.04),.UNSPECIFIED.);
#56=B_SPLINE_SURFACE_WITH_KNOTS('',3,1,((#8230,#8231),(#8232,#8233),(#8234,
#8235),(#8236,#8237),(#8238,#8239)),.UNSPECIFIED.,.F.,.F.,.F.,(4,1,4),(2,
2),(0.,0.0157075455010313,0.0276338362914398),(0.,0.04),.UNSPECIFIED.);
#57=B_SPLINE_SURFACE_WITH_KNOTS('',3,1,((#8253,#8254),(#8255,#8256),(#8257,
#8258),(#8259,#8260),(#8261,#8262)),.UNSPECIFIED.,.F.,.F.,.F.,(4,1,4),(2,
2),(0.,0.0165896513711971,0.0338967800190686),(0.,0.04),.UNSPECIFIED.);
#58=B_SPLINE_SURFACE_WITH_KNOTS('',3,1,((#8276,#8277),(#8278,#8279),(#8280,
#8281),(#8282,#8283),(#8284,#8285)),.UNSPECIFIED.,.F.,.F.,.F.,(4,1,4),(2,
2),(0.,0.0191830849815047,0.0364035404657864),(0.,0.04),.UNSPECIFIED.);
#59=B_SPLINE_SURFACE_WITH_KNOTS('',3,1,((#8305,#8306),(#8307,#8308),(#8309,
#8310),(#8311,#8312),(#8313,#8314)),.UNSPECIFIED.,.F.,.F.,.F.,(4,1,4),(2,
2),(0.,0.0277981247821067,0.0537302824689139),(0.,0.04),.UNSPECIFIED.);
#60=B_SPLINE_SURFACE_WITH_KNOTS('',3,1,((#8328,#8329),(#8330,#8331),(#8332,
#8333),(#8334,#8335),(#8336,#8337)),.UNSPECIFIED.,.F.,.F.,.F.,(4,1,4),(2,
2),(0.,0.0316867001443816,0.0614985249777629),(0.,0.04),.UNSPECIFIED.);
#61=B_SPLINE_SURFACE_WITH_KNOTS('',3,1,((#8351,#8352),(#8353,#8354),(#8355,
#8356),(#8357,#8358),(#8359,#8360)),.UNSPECIFIED.,.F.,.F.,.F.,(4,1,4),(2,
2),(0.,0.0370555611541917,0.0798272926021585),(0.,0.04),.UNSPECIFIED.);
#62=B_SPLINE_SURFACE_WITH_KNOTS('',3,1,((#8372,#8373),(#8374,#8375),(#8376,
#8377),(#8378,#8379),(#8380,#8381)),.UNSPECIFIED.,.F.,.F.,.F.,(4,1,4),(2,
2),(0.,0.0322654230583152,0.0691994124234806),(0.,0.04),.UNSPECIFIED.);
#63=B_SPLINE_SURFACE_WITH_KNOTS('',3,1,((#8402,#8403),(#8404,#8405),(#8406,
#8407),(#8408,#8409),(#8410,#8411)),.UNSPECIFIED.,.F.,.F.,.F.,(4,1,4),(2,
2),(0.,0.0267694566948788,0.0562687691323889),(0.,0.04),.UNSPECIFIED.);
#64=B_SPLINE_SURFACE_WITH_KNOTS('',3,1,((#8428,#8429),(#8430,#8431),(#8432,
#8433),(#8434,#8435),(#8436,#8437)),.UNSPECIFIED.,.F.,.F.,.F.,(4,1,4),(2,
2),(0.,0.0246317602718856,0.0495591288437099),(0.,0.04),.UNSPECIFIED.);
#65=B_SPLINE_SURFACE_WITH_KNOTS('',3,1,((#8457,#8458),(#8459,#8460),(#8461,
#8462),(#8463,#8464),(#8465,#8466)),.UNSPECIFIED.,.F.,.F.,.F.,(4,1,4),(2,
2),(0.,0.0257855814223828,0.0523117685314406),(0.,0.04),.UNSPECIFIED.);
#66=B_SPLINE_SURFACE_WITH_KNOTS('',3,1,((#8480,#8481),(#8482,#8483),(#8484,
#8485),(#8486,#8487),(#8488,#8489)),.UNSPECIFIED.,.F.,.F.,.F.,(4,1,4),(2,
2),(0.,0.0269889504551795,0.0537801480995354),(0.,0.04),.UNSPECIFIED.);
#67=B_SPLINE_SURFACE_WITH_KNOTS('',3,1,((#8503,#8504),(#8505,#8506),(#8507,
#8508),(#8509,#8510),(#8511,#8512)),.UNSPECIFIED.,.F.,.F.,.F.,(4,1,4),(2,
2),(0.,0.0233168845148822,0.0475024580320192),(0.,0.04),.UNSPECIFIED.);
#68=B_SPLINE_SURFACE_WITH_KNOTS('',3,1,((#8526,#8527),(#8528,#8529),(#8530,
#8531),(#8532,#8533),(#8534,#8535)),.UNSPECIFIED.,.F.,.F.,.F.,(4,1,4),(2,
2),(0.,0.0196601488750589,0.0411704250025494),(0.,0.04),.UNSPECIFIED.);
#69=B_SPLINE_SURFACE_WITH_KNOTS('',3,1,((#8555,#8556),(#8557,#8558),(#8559,
#8560),(#8561,#8562),(#8563,#8564)),.UNSPECIFIED.,.F.,.F.,.F.,(4,1,4),(2,
2),(0.,0.0219154709238144,0.0434848807227675),(0.,0.04),.UNSPECIFIED.);
#70=B_SPLINE_SURFACE_WITH_KNOTS('',3,1,((#8578,#8579),(#8580,#8581),(#8582,
#8583),(#8584,#8585),(#8586,#8587)),.UNSPECIFIED.,.F.,.F.,.F.,(4,1,4),(2,
2),(0.,0.0259676114677886,0.0495496634773951),(0.,0.04),.UNSPECIFIED.);
#71=B_SPLINE_SURFACE_WITH_KNOTS('',3,1,((#8601,#8602),(#8603,#8604),(#8605,
#8606),(#8607,#8608),(#8609,#8610)),.UNSPECIFIED.,.F.,.F.,.F.,(4,1,4),(2,
2),(0.,0.0302190716619224,0.0585005755811042),(0.,0.04),.UNSPECIFIED.);
#72=B_SPLINE_SURFACE_WITH_KNOTS('',3,1,((#8625,#8626),(#8627,#8628),(#8629,
#8630),(#8631,#8632),(#8633,#8634)),.UNSPECIFIED.,.F.,.F.,.F.,(4,1,4),(2,
2),(0.,0.0319951177344584,0.06278416134106),(0.,0.04),.UNSPECIFIED.);
#73=B_SPLINE_SURFACE_WITH_KNOTS('',3,1,((#8654,#8655),(#8656,#8657),(#8658,
#8659),(#8660,#8661),(#8662,#8663)),.UNSPECIFIED.,.F.,.F.,.F.,(4,1,4),(2,
2),(0.,0.0197605536698599,0.0422141684853207),(0.,0.04),.UNSPECIFIED.);
#74=B_SPLINE_SURFACE_WITH_KNOTS('',3,1,((#8677,#8678),(#8679,#8680),(#8681,
#8682),(#8683,#8684),(#8685,#8686)),.UNSPECIFIED.,.F.,.F.,.F.,(4,1,4),(2,
2),(0.,0.0187296393813615,0.0371611060127591),(0.,0.04),.UNSPECIFIED.);
#75=B_SPLINE_SURFACE_WITH_KNOTS('',3,1,((#8700,#8701),(#8702,#8703),(#8704,
#8705),(#8706,#8707),(#8708,#8709)),.UNSPECIFIED.,.F.,.F.,.F.,(4,1,4),(2,
2),(0.,0.0154045112149787,0.0336352736142485),(0.,0.04),.UNSPECIFIED.);
#76=B_SPLINE_SURFACE_WITH_KNOTS('',3,1,((#8723,#8724),(#8725,#8726),(#8727,
#8728),(#8729,#8730),(#8731,#8732)),.UNSPECIFIED.,.F.,.F.,.F.,(4,1,4),(2,
2),(0.,0.0147150376031939,0.0284389169648339),(0.,0.04),.UNSPECIFIED.);
#77=B_SPLINE_SURFACE_WITH_KNOTS('',3,1,((#8752,#8753),(#8754,#8755),(#8756,
#8757),(#8758,#8759),(#8760,#8761)),.UNSPECIFIED.,.F.,.F.,.F.,(4,1,4),(2,
2),(0.,0.0153679118064237,0.0314728861098332),(0.,0.04),.UNSPECIFIED.);
#78=B_SPLINE_SURFACE_WITH_KNOTS('',3,1,((#8775,#8776),(#8777,#8778),(#8779,
#8780),(#8781,#8782),(#8783,#8784)),.UNSPECIFIED.,.F.,.F.,.F.,(4,1,4),(2,
2),(0.,0.0196392710303491,0.0372058155718705),(0.,0.04),.UNSPECIFIED.);
#79=B_SPLINE_SURFACE_WITH_KNOTS('',3,1,((#8816,#8817),(#8818,#8819),(#8820,
#8821),(#8822,#8823),(#8824,#8825)),.UNSPECIFIED.,.F.,.F.,.F.,(4,1,4),(2,
2),(0.,0.0209794775651747,0.0432626946928802),(0.,0.04),.UNSPECIFIED.);
#80=B_SPLINE_SURFACE_WITH_KNOTS('',3,1,((#8839,#8840),(#8841,#8842),(#8843,
#8844),(#8845,#8846),(#8847,#8848)),.UNSPECIFIED.,.F.,.F.,.F.,(4,1,4),(2,
2),(0.,0.0199300843185155,0.0386748036307511),(0.,0.04),.UNSPECIFIED.);
#81=B_SPLINE_SURFACE_WITH_KNOTS('',3,1,((#8868,#8869),(#8870,#8871),(#8872,
#8873),(#8874,#8875),(#8876,#8877)),.UNSPECIFIED.,.F.,.F.,.F.,(4,1,4),(2,
2),(0.,0.0169706602902516,0.0356298083932276),(0.,0.04),.UNSPECIFIED.);
#82=B_SPLINE_SURFACE_WITH_KNOTS('',3,1,((#8891,#8892),(#8893,#8894),(#8895,
#8896),(#8897,#8898),(#8899,#8900)),.UNSPECIFIED.,.F.,.F.,.F.,(4,1,4),(2,
2),(0.,0.0223703411650434,0.0412563164711433),(0.,0.04),.UNSPECIFIED.);
#83=B_SPLINE_SURFACE_WITH_KNOTS('',3,1,((#8914,#8915),(#8916,#8917),(#8918,
#8919),(#8920,#8921),(#8922,#8923)),.UNSPECIFIED.,.F.,.F.,.F.,(4,1,4),(2,
2),(0.,0.042468697486242,0.0824589272422062),(0.,0.04),.UNSPECIFIED.);
#84=B_SPLINE_SURFACE_WITH_KNOTS('',3,1,((#8943,#8944),(#8945,#8946),(#8947,
#8948),(#8949,#8950),(#8951,#8952)),.UNSPECIFIED.,.F.,.F.,.F.,(4,1,4),(2,
2),(0.,0.0311147618953702,0.0625265339195977),(0.,0.04),.UNSPECIFIED.);
#85=B_SPLINE_SURFACE_WITH_KNOTS('',3,1,((#8966,#8967),(#8968,#8969),(#8970,
#8971),(#8972,#8973),(#8974,#8975)),.UNSPECIFIED.,.F.,.F.,.F.,(4,1,4),(2,
2),(0.,0.0391691127495987,0.0727327135879685),(0.,0.04),.UNSPECIFIED.);
#86=B_SPLINE_SURFACE_WITH_KNOTS('',3,1,((#8989,#8990),(#8991,#8992),(#8993,
#8994),(#8995,#8996),(#8997,#8998)),.UNSPECIFIED.,.F.,.F.,.F.,(4,1,4),(2,
2),(0.,0.0322917918393389,0.0671566392938412),(0.,0.04),.UNSPECIFIED.);
#87=B_SPLINE_SURFACE_WITH_KNOTS('',3,1,((#9010,#9011),(#9012,#9013),(#9014,
#9015),(#9016,#9017),(#9018,#9019)),.UNSPECIFIED.,.F.,.F.,.F.,(4,1,4),(2,
2),(0.,0.0323210445956805,0.0645660021562449),(0.,0.04),.UNSPECIFIED.);
#88=B_SPLINE_SURFACE_WITH_KNOTS('',3,1,((#9042,#9043),(#9044,#9045),(#9046,
#9047),(#9048,#9049),(#9050,#9051)),.UNSPECIFIED.,.F.,.F.,.F.,(4,1,4),(2,
2),(0.,0.0209339328441419,0.0436304971160363),(0.,0.04),.UNSPECIFIED.);
#89=B_SPLINE_SURFACE_WITH_KNOTS('',3,1,((#9065,#9066),(#9067,#9068),(#9069,
#9070),(#9071,#9072),(#9073,#9074)),.UNSPECIFIED.,.F.,.F.,.F.,(4,1,4),(2,
2),(0.,0.0274104607545748,0.0503646028625839),(0.,0.04),.UNSPECIFIED.);
#90=B_SPLINE_SURFACE_WITH_KNOTS('',3,1,((#9094,#9095),(#9096,#9097),(#9098,
#9099),(#9100,#9101),(#9102,#9103)),.UNSPECIFIED.,.F.,.F.,.F.,(4,1,4),(2,
2),(0.,0.0121994060938885,0.0314587461719313),(0.,0.04),.UNSPECIFIED.);
#91=B_SPLINE_SURFACE_WITH_KNOTS('',3,1,((#9117,#9118),(#9119,#9120),(#9121,
#9122),(#9123,#9124),(#9125,#9126)),.UNSPECIFIED.,.F.,.F.,.F.,(4,1,4),(2,
2),(0.,0.00702691661759413,0.0148724059232494),(0.,0.04),.UNSPECIFIED.);
#92=B_SPLINE_SURFACE_WITH_KNOTS('',3,1,((#9146,#9147),(#9148,#9149),(#9150,
#9151),(#9152,#9153),(#9154,#9155)),.UNSPECIFIED.,.F.,.F.,.F.,(4,1,4),(2,
2),(0.,0.00779849354080078,0.0150610366625825),(0.,0.04),.UNSPECIFIED.);
#93=B_SPLINE_SURFACE_WITH_KNOTS('',3,1,((#9169,#9170),(#9171,#9172),(#9173,
#9174),(#9175,#9176),(#9177,#9178)),.UNSPECIFIED.,.F.,.F.,.F.,(4,1,4),(2,
2),(0.,0.0128562258800525,0.0226822121073102),(0.,0.04),.UNSPECIFIED.);
#94=B_SPLINE_SURFACE_WITH_KNOTS('',3,1,((#9192,#9193),(#9194,#9195),(#9196,
#9197),(#9198,#9199),(#9200,#9201)),.UNSPECIFIED.,.F.,.F.,.F.,(4,1,4),(2,
2),(0.,0.0139088477447775,0.0291397583859016),(0.,0.04),.UNSPECIFIED.);
#95=B_SPLINE_SURFACE_WITH_KNOTS('',3,1,((#9215,#9216),(#9217,#9218),(#9219,
#9220),(#9221,#9222),(#9223,#9224)),.UNSPECIFIED.,.F.,.F.,.F.,(4,1,4),(2,
2),(0.,0.0178892624249832,0.0326813498665128),(0.,0.04),.UNSPECIFIED.);
#96=B_SPLINE_SURFACE_WITH_KNOTS('',3,1,((#9244,#9245),(#9246,#9247),(#9248,
#9249),(#9250,#9251),(#9252,#9253)),.UNSPECIFIED.,.F.,.F.,.F.,(4,1,4),(2,
2),(0.,0.0254823412434963,0.0493207107804774),(0.,0.04),.UNSPECIFIED.);
#97=B_SPLINE_SURFACE_WITH_KNOTS('',3,1,((#9267,#9268),(#9269,#9270),(#9271,
#9272),(#9273,#9274),(#9275,#9276)),.UNSPECIFIED.,.F.,.F.,.F.,(4,1,4),(2,
2),(0.,0.0266029404669929,0.0530188360644249),(0.,0.04),.UNSPECIFIED.);
#98=B_SPLINE_SURFACE_WITH_KNOTS('',3,1,((#9290,#9291),(#9292,#9293),(#9294,
#9295),(#9296,#9297),(#9298,#9299)),.UNSPECIFIED.,.F.,.F.,.F.,(4,1,4),(2,
2),(0.,0.0257957248710456,0.053998231768662),(0.,0.04),.UNSPECIFIED.);
#99=B_SPLINE_SURFACE_WITH_KNOTS('',3,1,((#9313,#9314),(#9315,#9316),(#9317,
#9318),(#9319,#9320),(#9321,#9322)),.UNSPECIFIED.,.F.,.F.,.F.,(4,1,4),(2,
2),(0.,0.0211045811383707,0.0444135008152495),(0.,0.04),.UNSPECIFIED.);
#100=B_SPLINE_SURFACE_WITH_KNOTS('',3,1,((#9336,#9337),(#9338,#9339),(#9340,
#9341),(#9342,#9343),(#9344,#9345)),.UNSPECIFIED.,.F.,.F.,.F.,(4,1,4),(2,
2),(0.,0.0200851307368257,0.039982771945581),(0.,0.04),.UNSPECIFIED.);
#101=B_SPLINE_SURFACE_WITH_KNOTS('',3,1,((#9365,#9366),(#9367,#9368),(#9369,
#9370),(#9371,#9372),(#9373,#9374)),.UNSPECIFIED.,.F.,.F.,.F.,(4,1,4),(2,
2),(0.,0.0200804970226868,0.0416215678832285),(0.,0.04),.UNSPECIFIED.);
#102=B_SPLINE_SURFACE_WITH_KNOTS('',3,1,((#9388,#9389),(#9390,#9391),(#9392,
#9393),(#9394,#9395),(#9396,#9397)),.UNSPECIFIED.,.F.,.F.,.F.,(4,1,4),(2,
2),(0.,0.0279731913121216,0.0505614436506227),(0.,0.04),.UNSPECIFIED.);
#103=B_SPLINE_SURFACE_WITH_KNOTS('',3,1,((#9417,#9418),(#9419,#9420),(#9421,
#9422),(#9423,#9424),(#9425,#9426)),.UNSPECIFIED.,.F.,.F.,.F.,(4,1,4),(2,
2),(0.,0.0122270719217879,0.0313821841762973),(0.,0.04),.UNSPECIFIED.);
#104=B_SPLINE_SURFACE_WITH_KNOTS('',3,1,((#9440,#9441),(#9442,#9443),(#9444,
#9445),(#9446,#9447),(#9448,#9449)),.UNSPECIFIED.,.F.,.F.,.F.,(4,1,4),(2,
2),(0.,0.00841708994643153,0.0167358213743089),(0.,0.04),.UNSPECIFIED.);
#105=B_SPLINE_SURFACE_WITH_KNOTS('',3,1,((#9469,#9470),(#9471,#9472),(#9473,
#9474),(#9475,#9476),(#9477,#9478)),.UNSPECIFIED.,.F.,.F.,.F.,(4,1,4),(2,
2),(0.,0.00914920476141193,0.0175792714022511),(0.,0.04),.UNSPECIFIED.);
#106=B_SPLINE_SURFACE_WITH_KNOTS('',3,1,((#9492,#9493),(#9494,#9495),(#9496,
#9497),(#9498,#9499),(#9500,#9501)),.UNSPECIFIED.,.F.,.F.,.F.,(4,1,4),(2,
2),(0.,0.0157075752077499,0.0276338659981584),(0.,0.04),.UNSPECIFIED.);
#107=B_SPLINE_SURFACE_WITH_KNOTS('',3,1,((#9515,#9516),(#9517,#9518),(#9519,
#9520),(#9521,#9522),(#9523,#9524)),.UNSPECIFIED.,.F.,.F.,.F.,(4,1,4),(2,
2),(0.,0.0165897092679473,0.0338967784832842),(0.,0.04),.UNSPECIFIED.);
#108=B_SPLINE_SURFACE_WITH_KNOTS('',3,1,((#9538,#9539),(#9540,#9541),(#9542,
#9543),(#9544,#9545),(#9546,#9547)),.UNSPECIFIED.,.F.,.F.,.F.,(4,1,4),(2,
2),(0.,0.019183059769218,0.0364035152534996),(0.,0.04),.UNSPECIFIED.);
#109=B_SPLINE_SURFACE_WITH_KNOTS('',3,1,((#9567,#9568),(#9569,#9570),(#9571,
#9572),(#9573,#9574),(#9575,#9576)),.UNSPECIFIED.,.F.,.F.,.F.,(4,1,4),(2,
2),(0.,0.0277980433638731,0.0537302958796564),(0.,0.04),.UNSPECIFIED.);
#110=B_SPLINE_SURFACE_WITH_KNOTS('',3,1,((#9590,#9591),(#9592,#9593),(#9594,
#9595),(#9596,#9597),(#9598,#9599)),.UNSPECIFIED.,.F.,.F.,.F.,(4,1,4),(2,
2),(0.,0.0316867298651304,0.0614985546985117),(0.,0.04),.UNSPECIFIED.);
#111=B_SPLINE_SURFACE_WITH_KNOTS('',3,1,((#9613,#9614),(#9615,#9616),(#9617,
#9618),(#9619,#9620),(#9621,#9622)),.UNSPECIFIED.,.F.,.F.,.F.,(4,1,4),(2,
2),(0.,0.0370556163035027,0.0798272588826314),(0.,0.04),.UNSPECIFIED.);
#112=B_SPLINE_SURFACE_WITH_KNOTS('',3,1,((#9634,#9635),(#9636,#9637),(#9638,
#9639),(#9640,#9641),(#9642,#9643)),.UNSPECIFIED.,.F.,.F.,.F.,(4,1,4),(2,
2),(0.,0.0363821260701456,0.0772695666118219),(0.,0.04),.UNSPECIFIED.);
#113=B_SPLINE_SURFACE_WITH_KNOTS('',3,1,((#9664,#9665),(#9666,#9667),(#9668,
#9669),(#9670,#9671),(#9672,#9673)),.UNSPECIFIED.,.F.,.F.,.F.,(4,1,4),(2,
2),(0.,0.0319244516578329,0.0573299267657158),(0.,0.04),.UNSPECIFIED.);
#114=B_SPLINE_SURFACE_WITH_KNOTS('',3,1,((#9696,#9697),(#9698,#9699),(#9700,
#9701),(#9702,#9703),(#9704,#9705)),.UNSPECIFIED.,.F.,.F.,.F.,(4,1,4),(2,
2),(0.,0.0255086075111223,0.0577737016168283),(0.,0.04),.UNSPECIFIED.);
#115=B_SPLINE_SURFACE_WITH_KNOTS('',3,1,((#9719,#9720),(#9721,#9722),(#9723,
#9724),(#9725,#9726),(#9727,#9728)),.UNSPECIFIED.,.F.,.F.,.F.,(4,1,4),(2,
2),(0.,0.0256777250058675,0.0485471231634307),(0.,0.04),.UNSPECIFIED.);
#116=B_SPLINE_SURFACE_WITH_KNOTS('',3,1,((#9742,#9743),(#9744,#9745),(#9746,
#9747),(#9748,#9749),(#9750,#9751)),.UNSPECIFIED.,.F.,.F.,.F.,(4,1,4),(2,
2),(0.,0.0228695875979875,0.048547312603855),(0.,0.04),.UNSPECIFIED.);
#117=B_SPLINE_SURFACE_WITH_KNOTS('',3,1,((#9765,#9766),(#9767,#9768),(#9769,
#9770),(#9771,#9772),(#9773,#9774)),.UNSPECIFIED.,.F.,.F.,.F.,(4,1,4),(2,
2),(0.,0.0322650644954408,0.0577736989113806),(0.,0.04),.UNSPECIFIED.);
#118=B_SPLINE_SURFACE_WITH_KNOTS('',3,1,((#9794,#9795),(#9796,#9797),(#9798,
#9799),(#9800,#9801),(#9802,#9803)),.UNSPECIFIED.,.F.,.F.,.F.,(4,1,4),(2,
2),(0.,0.0254054751078829,0.0573299267657158),(0.,0.04),.UNSPECIFIED.);
#119=B_SPLINE_SURFACE_WITH_KNOTS('',3,1,((#9817,#9818),(#9819,#9820),(#9821,
#9822),(#9823,#9824),(#9825,#9826)),.UNSPECIFIED.,.F.,.F.,.F.,(4,1,4),(2,
2),(0.,0.0256777196337966,0.0485473253268452),(0.,0.04),.UNSPECIFIED.);
#120=B_SPLINE_SURFACE_WITH_KNOTS('',3,1,((#9840,#9841),(#9842,#9843),(#9844,
#9845),(#9846,#9847),(#9848,#9849)),.UNSPECIFIED.,.F.,.F.,.F.,(4,1,4),(2,
2),(0.,0.0228694072051657,0.0485471295249935),(0.,0.04),.UNSPECIFIED.);
#121=B_SPLINE_SURFACE_WITH_KNOTS('',3,1,((#9860,#9861),(#9862,#9863),(#9864,
#9865),(#9866,#9867),(#9868,#9869)),.UNSPECIFIED.,.F.,.F.,.F.,(4,1,4),(2,
2),(0.,0.0328001579965742,0.0663858767344179),(0.,0.04),.UNSPECIFIED.);
#122=B_SPLINE_SURFACE_WITH_KNOTS('',3,1,((#9883,#9884),(#9885,#9886),(#9887,
#9888),(#9889,#9890),(#9891,#9892)),.UNSPECIFIED.,.F.,.F.,.F.,(4,1,4),(2,
2),(0.,0.0370735415490315,0.0711960754811192),(0.,0.04),.UNSPECIFIED.);
#123=B_SPLINE_SURFACE_WITH_KNOTS('',3,1,((#9912,#9913),(#9914,#9915),(#9916,
#9917),(#9918,#9919),(#9920,#9921)),.UNSPECIFIED.,.F.,.F.,.F.,(4,1,4),(2,
2),(0.,0.0340155665457237,0.0707482821346426),(0.,0.04),.UNSPECIFIED.);
#124=B_SPLINE_SURFACE_WITH_KNOTS('',3,1,((#9935,#9936),(#9937,#9938),(#9939,
#9940),(#9941,#9942),(#9943,#9944)),.UNSPECIFIED.,.F.,.F.,.F.,(4,1,4),(2,
2),(0.,0.0335857187378438,0.0663858767344179),(0.,0.04),.UNSPECIFIED.);
#125=B_SPLINE_SURFACE_WITH_KNOTS('',3,1,((#9958,#9959),(#9960,#9961),(#9962,
#9963),(#9964,#9965),(#9966,#9967)),.UNSPECIFIED.,.F.,.F.,.F.,(4,1,4),(2,
2),(0.,0.0408874405416763,0.0772695666118219),(0.,0.04),.UNSPECIFIED.);
#126=B_SPLINE_SURFACE_WITH_KNOTS('',3,1,((#9981,#9982),(#9983,#9984),(#9985,
#9986),(#9987,#9988),(#9989,#9990)),.UNSPECIFIED.,.F.,.F.,.F.,(4,1,4),(2,
2),(0.,0.0366514084201284,0.0779369629520549),(0.,0.04),.UNSPECIFIED.);
#127=B_SPLINE_SURFACE_WITH_KNOTS('',3,1,((#10004,#10005),(#10006,#10007),
(#10008,#10009),(#10010,#10011),(#10012,#10013)),.UNSPECIFIED.,.F.,.F.,
 .F.,(4,1,4),(2,2),(0.,0.032731421822961,0.0664099072752459),(0.,0.04),
 .UNSPECIFIED.);
#128=B_SPLINE_SURFACE_WITH_KNOTS('',3,1,((#10027,#10028),(#10029,#10030),
(#10031,#10032),(#10033,#10034),(#10035,#10036)),.UNSPECIFIED.,.F.,.F.,
 .F.,(4,1,4),(2,2),(0.,0.0367265287079923,0.0706820822137944),(0.,0.04),
 .UNSPECIFIED.);
#129=B_SPLINE_SURFACE_WITH_KNOTS('',3,1,((#10056,#10057),(#10058,#10059),
(#10060,#10061),(#10062,#10063),(#10064,#10065)),.UNSPECIFIED.,.F.,.F.,
 .F.,(4,1,4),(2,2),(0.,0.0340626265576128,0.0711300634731377),(0.,0.04),
 .UNSPECIFIED.);
#130=B_SPLINE_SURFACE_WITH_KNOTS('',3,1,((#10079,#10080),(#10081,#10082),
(#10083,#10084),(#10085,#10086),(#10087,#10088)),.UNSPECIFIED.,.F.,.F.,
 .F.,(4,1,4),(2,2),(0.,0.0336784681586716,0.0664099138110019),(0.,0.04),
 .UNSPECIFIED.);
#131=B_SPLINE_SURFACE_WITH_KNOTS('',3,1,((#10102,#10103),(#10104,#10105),
(#10106,#10107),(#10108,#10109),(#10110,#10111)),.UNSPECIFIED.,.F.,.F.,
 .F.,(4,1,4),(2,2),(0.,0.0412855516032358,0.0779369699203073),(0.,0.04),
 .UNSPECIFIED.);
#132=B_SPLINE_SURFACE_WITH_KNOTS('',3,1,((#10127,#10128),(#10129,#10130),
(#10131,#10132),(#10133,#10134),(#10135,#10136)),.UNSPECIFIED.,.F.,.F.,
 .F.,(4,1,4),(2,2),(0.,0.0363821260701456,0.0772695666118219),(0.,0.04),
 .UNSPECIFIED.);
#133=B_SPLINE_SURFACE_WITH_KNOTS('',3,1,((#10157,#10158),(#10159,#10160),
(#10161,#10162),(#10163,#10164),(#10165,#10166)),.UNSPECIFIED.,.F.,.F.,
 .F.,(4,1,4),(2,2),(0.,0.0319244516578329,0.0573299267657158),(0.,0.04),
 .UNSPECIFIED.);
#134=B_SPLINE_SURFACE_WITH_KNOTS('',3,1,((#10189,#10190),(#10191,#10192),
(#10193,#10194),(#10195,#10196),(#10197,#10198)),.UNSPECIFIED.,.F.,.F.,
 .F.,(4,1,4),(2,2),(0.,0.0255086075111223,0.0577737016168283),(0.,0.04),
 .UNSPECIFIED.);
#135=B_SPLINE_SURFACE_WITH_KNOTS('',3,1,((#10212,#10213),(#10214,#10215),
(#10216,#10217),(#10218,#10219),(#10220,#10221)),.UNSPECIFIED.,.F.,.F.,
 .F.,(4,1,4),(2,2),(0.,0.0256777250058675,0.0485471231634307),(0.,0.04),
 .UNSPECIFIED.);
#136=B_SPLINE_SURFACE_WITH_KNOTS('',3,1,((#10235,#10236),(#10237,#10238),
(#10239,#10240),(#10241,#10242),(#10243,#10244)),.UNSPECIFIED.,.F.,.F.,
 .F.,(4,1,4),(2,2),(0.,0.0228695875979875,0.048547312603855),(0.,0.04),
 .UNSPECIFIED.);
#137=B_SPLINE_SURFACE_WITH_KNOTS('',3,1,((#10258,#10259),(#10260,#10261),
(#10262,#10263),(#10264,#10265),(#10266,#10267)),.UNSPECIFIED.,.F.,.F.,
 .F.,(4,1,4),(2,2),(0.,0.0322650644954408,0.0577736989113806),(0.,0.04),
 .UNSPECIFIED.);
#138=B_SPLINE_SURFACE_WITH_KNOTS('',3,1,((#10287,#10288),(#10289,#10290),
(#10291,#10292),(#10293,#10294),(#10295,#10296)),.UNSPECIFIED.,.F.,.F.,
 .F.,(4,1,4),(2,2),(0.,0.0254053721459301,0.0573298511166597),(0.,0.04),
 .UNSPECIFIED.);
#139=B_SPLINE_SURFACE_WITH_KNOTS('',3,1,((#10310,#10311),(#10312,#10313),
(#10314,#10315),(#10316,#10317),(#10318,#10319)),.UNSPECIFIED.,.F.,.F.,
 .F.,(4,1,4),(2,2),(0.,0.0256777196337966,0.0485473253268452),(0.,0.04),
 .UNSPECIFIED.);
#140=B_SPLINE_SURFACE_WITH_KNOTS('',3,1,((#10333,#10334),(#10335,#10336),
(#10337,#10338),(#10339,#10340),(#10341,#10342)),.UNSPECIFIED.,.F.,.F.,
 .F.,(4,1,4),(2,2),(0.,0.0228694072051657,0.0485471295249935),(0.,0.04),
 .UNSPECIFIED.);
#141=B_SPLINE_SURFACE_WITH_KNOTS('',3,1,((#10353,#10354),(#10355,#10356),
(#10357,#10358),(#10359,#10360),(#10361,#10362)),.UNSPECIFIED.,.F.,.F.,
 .F.,(4,1,4),(2,2),(0.,0.0328003017115005,0.0663858265497672),(0.,0.04),
 .UNSPECIFIED.);
#142=B_SPLINE_SURFACE_WITH_KNOTS('',3,1,((#10376,#10377),(#10378,#10379),
(#10380,#10381),(#10382,#10383),(#10384,#10385)),.UNSPECIFIED.,.F.,.F.,
 .F.,(4,1,4),(2,2),(0.,0.0370735415490315,0.0711960754811192),(0.,0.04),
 .UNSPECIFIED.);
#143=B_SPLINE_SURFACE_WITH_KNOTS('',3,1,((#10405,#10406),(#10407,#10408),
(#10409,#10410),(#10411,#10412),(#10413,#10414)),.UNSPECIFIED.,.F.,.F.,
 .F.,(4,1,4),(2,2),(0.,0.0340154824366417,0.0707482239885233),(0.,0.04),
 .UNSPECIFIED.);
#144=B_SPLINE_SURFACE_WITH_KNOTS('',3,1,((#10428,#10429),(#10430,#10431),
(#10432,#10433),(#10434,#10435),(#10436,#10437)),.UNSPECIFIED.,.F.,.F.,
 .F.,(4,1,4),(2,2),(0.,0.0335855248382667,0.0663858265497672),(0.,0.04),
 .UNSPECIFIED.);
#145=B_SPLINE_SURFACE_WITH_KNOTS('',3,1,((#10451,#10452),(#10453,#10454),
(#10455,#10456),(#10457,#10458),(#10459,#10460)),.UNSPECIFIED.,.F.,.F.,
 .F.,(4,1,4),(2,2),(0.,0.0408874405416763,0.0772695666118219),(0.,0.04),
 .UNSPECIFIED.);
#146=B_SPLINE_SURFACE_WITH_KNOTS('',3,1,((#10474,#10475),(#10476,#10477),
(#10478,#10479),(#10480,#10481),(#10482,#10483)),.UNSPECIFIED.,.F.,.F.,
 .F.,(4,1,4),(2,2),(0.,0.0366514084201284,0.0779369629520549),(0.,0.04),
 .UNSPECIFIED.);
#147=B_SPLINE_SURFACE_WITH_KNOTS('',3,1,((#10497,#10498),(#10499,#10500),
(#10501,#10502),(#10503,#10504),(#10505,#10506)),.UNSPECIFIED.,.F.,.F.,
 .F.,(4,1,4),(2,2),(0.,0.032731421822961,0.0664099072752459),(0.,0.04),
 .UNSPECIFIED.);
#148=B_SPLINE_SURFACE_WITH_KNOTS('',3,1,((#10520,#10521),(#10522,#10523),
(#10524,#10525),(#10526,#10527),(#10528,#10529)),.UNSPECIFIED.,.F.,.F.,
 .F.,(4,1,4),(2,2),(0.,0.0367265543038693,0.0706820247539082),(0.,0.04),
 .UNSPECIFIED.);
#149=B_SPLINE_SURFACE_WITH_KNOTS('',3,1,((#10549,#10550),(#10551,#10552),
(#10553,#10554),(#10555,#10556),(#10557,#10558)),.UNSPECIFIED.,.F.,.F.,
 .F.,(4,1,4),(2,2),(0.,0.0340627093520951,0.0711301209071301),(0.,0.04),
 .UNSPECIFIED.);
#150=B_SPLINE_SURFACE_WITH_KNOTS('',3,1,((#10572,#10573),(#10574,#10575),
(#10576,#10577),(#10578,#10579),(#10580,#10581)),.UNSPECIFIED.,.F.,.F.,
 .F.,(4,1,4),(2,2),(0.,0.0336784681586716,0.0664099138110019),(0.,0.04),
 .UNSPECIFIED.);
#151=B_SPLINE_SURFACE_WITH_KNOTS('',3,1,((#10595,#10596),(#10597,#10598),
(#10599,#10600),(#10601,#10602),(#10603,#10604)),.UNSPECIFIED.,.F.,.F.,
 .F.,(4,1,4),(2,2),(0.,0.041285314338664,0.0779369575438784),(0.,0.04),
 .UNSPECIFIED.);
#152=B_SPLINE_SURFACE_WITH_KNOTS('',3,1,((#10815,#10816),(#10817,#10818),
(#10819,#10820),(#10821,#10822),(#10823,#10824)),.UNSPECIFIED.,.F.,.F.,
 .F.,(4,1,4),(2,2),(0.,0.0322654729359371,0.0691994474539889),(0.,0.04),
 .UNSPECIFIED.);
#153=B_SPLINE_SURFACE_WITH_KNOTS('',3,1,((#10845,#10846),(#10847,#10848),
(#10849,#10850),(#10851,#10852),(#10853,#10854)),.UNSPECIFIED.,.F.,.F.,
 .F.,(4,1,4),(2,2),(0.,0.0267694566948788,0.0562686901577272),(0.,0.04),
 .UNSPECIFIED.);
#154=B_SPLINE_SURFACE_WITH_KNOTS('',3,1,((#10871,#10872),(#10873,#10874),
(#10875,#10876),(#10877,#10878),(#10879,#10880)),.UNSPECIFIED.,.F.,.F.,
 .F.,(4,1,4),(2,2),(0.,0.0246317403599294,0.049559197471275),(0.,0.04),
 .UNSPECIFIED.);
#155=B_SPLINE_SURFACE_WITH_KNOTS('',3,1,((#10900,#10901),(#10902,#10903),
(#10904,#10905),(#10906,#10907),(#10908,#10909)),.UNSPECIFIED.,.F.,.F.,
 .F.,(4,1,4),(2,2),(0.,0.0257856087646654,0.0523117988269348),(0.,0.04),
 .UNSPECIFIED.);
#156=B_SPLINE_SURFACE_WITH_KNOTS('',3,1,((#10923,#10924),(#10925,#10926),
(#10927,#10928),(#10929,#10930),(#10931,#10932)),.UNSPECIFIED.,.F.,.F.,
 .F.,(4,1,4),(2,2),(0.,0.0269889219341658,0.0537801447503469),(0.,0.04),
 .UNSPECIFIED.);
#157=B_SPLINE_SURFACE_WITH_KNOTS('',3,1,((#10946,#10947),(#10948,#10949),
(#10950,#10951),(#10952,#10953),(#10954,#10955)),.UNSPECIFIED.,.F.,.F.,
 .F.,(4,1,4),(2,2),(0.,0.02331680015706,0.0475024857719185),(0.,0.04),
 .UNSPECIFIED.);
#158=B_SPLINE_SURFACE_WITH_KNOTS('',3,1,((#10969,#10970),(#10971,#10972),
(#10973,#10974),(#10975,#10976),(#10977,#10978)),.UNSPECIFIED.,.F.,.F.,
 .F.,(4,1,4),(2,2),(0.,0.0196601456700565,0.0411704569493603),(0.,0.04),
 .UNSPECIFIED.);
#159=B_SPLINE_SURFACE_WITH_KNOTS('',3,1,((#10998,#10999),(#11000,#11001),
(#11002,#11003),(#11004,#11005),(#11006,#11007)),.UNSPECIFIED.,.F.,.F.,
 .F.,(4,1,4),(2,2),(0.,0.0219154709238144,0.0434848883023071),(0.,0.04),
 .UNSPECIFIED.);
#160=B_SPLINE_SURFACE_WITH_KNOTS('',3,1,((#11021,#11022),(#11023,#11024),
(#11025,#11026),(#11027,#11028),(#11029,#11030)),.UNSPECIFIED.,.F.,.F.,
 .F.,(4,1,4),(2,2),(0.,0.0259675718238278,0.0495495797818444),(0.,0.04),
 .UNSPECIFIED.);
#161=B_SPLINE_SURFACE_WITH_KNOTS('',3,1,((#11044,#11045),(#11046,#11047),
(#11048,#11049),(#11050,#11051),(#11052,#11053)),.UNSPECIFIED.,.F.,.F.,
 .F.,(4,1,4),(2,2),(0.,0.030219056812428,0.058500618177246),(0.,0.04),
 .UNSPECIFIED.);
#162=B_SPLINE_SURFACE_WITH_KNOTS('',3,1,((#11068,#11069),(#11070,#11071),
(#11072,#11073),(#11074,#11075),(#11076,#11077)),.UNSPECIFIED.,.F.,.F.,
 .F.,(4,1,4),(2,2),(0.,0.0319951547534724,0.0627841271739229),(0.,0.04),
 .UNSPECIFIED.);
#163=B_SPLINE_SURFACE_WITH_KNOTS('',3,1,((#11097,#11098),(#11099,#11100),
(#11101,#11102),(#11103,#11104),(#11105,#11106)),.UNSPECIFIED.,.F.,.F.,
 .F.,(4,1,4),(2,2),(0.,0.0197605213518223,0.0422140894467609),(0.,0.04),
 .UNSPECIFIED.);
#164=B_SPLINE_SURFACE_WITH_KNOTS('',3,1,((#11120,#11121),(#11122,#11123),
(#11124,#11125),(#11126,#11127),(#11128,#11129)),.UNSPECIFIED.,.F.,.F.,
 .F.,(4,1,4),(2,2),(0.,0.0187296245605888,0.0371611760108756),(0.,0.04),
 .UNSPECIFIED.);
#165=B_SPLINE_SURFACE_WITH_KNOTS('',3,1,((#11143,#11144),(#11145,#11146),
(#11147,#11148),(#11149,#11150),(#11151,#11152)),.UNSPECIFIED.,.F.,.F.,
 .F.,(4,1,4),(2,2),(0.,0.01540452486805,0.0336352576553356),(0.,0.04),
 .UNSPECIFIED.);
#166=B_SPLINE_SURFACE_WITH_KNOTS('',3,1,((#11166,#11167),(#11168,#11169),
(#11170,#11171),(#11172,#11173),(#11174,#11175)),.UNSPECIFIED.,.F.,.F.,
 .F.,(4,1,4),(2,2),(0.,0.0147150253355537,0.028438944157483),(0.,0.04),
 .UNSPECIFIED.);
#167=B_SPLINE_SURFACE_WITH_KNOTS('',3,1,((#11195,#11196),(#11197,#11198),
(#11199,#11200),(#11201,#11202),(#11203,#11204)),.UNSPECIFIED.,.F.,.F.,
 .F.,(4,1,4),(2,2),(0.,0.0153679227770655,0.0314729005699997),(0.,0.04),
 .UNSPECIFIED.);
#168=B_SPLINE_SURFACE_WITH_KNOTS('',3,1,((#11218,#11219),(#11220,#11221),
(#11222,#11223),(#11224,#11225),(#11226,#11227)),.UNSPECIFIED.,.F.,.F.,
 .F.,(4,1,4),(2,2),(0.,0.0196391968900254,0.0372057554885602),(0.,0.04),
 .UNSPECIFIED.);
#169=B_SPLINE_SURFACE_WITH_KNOTS('',3,1,((#11259,#11260),(#11261,#11262),
(#11263,#11264),(#11265,#11266),(#11267,#11268)),.UNSPECIFIED.,.F.,.F.,
 .F.,(4,1,4),(2,2),(0.,0.0209795340621886,0.0432626770576338),(0.,0.04),
 .UNSPECIFIED.);
#170=B_SPLINE_SURFACE_WITH_KNOTS('',3,1,((#11282,#11283),(#11284,#11285),
(#11286,#11287),(#11288,#11289),(#11290,#11291)),.UNSPECIFIED.,.F.,.F.,
 .F.,(4,1,4),(2,2),(0.,0.0199300703049594,0.038674789617195),(0.,0.04),
 .UNSPECIFIED.);
#171=B_SPLINE_SURFACE_WITH_KNOTS('',3,1,((#11311,#11312),(#11313,#11314),
(#11315,#11316),(#11317,#11318),(#11319,#11320)),.UNSPECIFIED.,.F.,.F.,
 .F.,(4,1,4),(2,2),(0.,0.0169706602902516,0.0356298024607474),(0.,0.04),
 .UNSPECIFIED.);
#172=B_SPLINE_SURFACE_WITH_KNOTS('',3,1,((#11334,#11335),(#11336,#11337),
(#11338,#11339),(#11340,#11341),(#11342,#11343)),.UNSPECIFIED.,.F.,.F.,
 .F.,(4,1,4),(2,2),(0.,0.0223703189549265,0.0412562669388091),(0.,0.04),
 .UNSPECIFIED.);
#173=B_SPLINE_SURFACE_WITH_KNOTS('',3,1,((#11357,#11358),(#11359,#11360),
(#11361,#11362),(#11363,#11364),(#11365,#11366)),.UNSPECIFIED.,.F.,.F.,
 .F.,(4,1,4),(2,2),(0.,0.0424687930840839,0.0824589937117839),(0.,0.04),
 .UNSPECIFIED.);
#174=B_SPLINE_SURFACE_WITH_KNOTS('',3,1,((#11386,#11387),(#11388,#11389),
(#11390,#11391),(#11392,#11393),(#11394,#11395)),.UNSPECIFIED.,.F.,.F.,
 .F.,(4,1,4),(2,2),(0.,0.0311147618953702,0.0625265305226873),(0.,0.04),
 .UNSPECIFIED.);
#175=B_SPLINE_SURFACE_WITH_KNOTS('',3,1,((#11409,#11410),(#11411,#11412),
(#11413,#11414),(#11415,#11416),(#11417,#11418)),.UNSPECIFIED.,.F.,.F.,
 .F.,(4,1,4),(2,2),(0.,0.0391690385109858,0.0727327283012395),(0.,0.04),
 .UNSPECIFIED.);
#176=B_SPLINE_SURFACE_WITH_KNOTS('',3,1,((#11432,#11433),(#11434,#11435),
(#11436,#11437),(#11438,#11439),(#11440,#11441)),.UNSPECIFIED.,.F.,.F.,
 .F.,(4,1,4),(2,2),(0.,0.0322917774947196,0.0671566546472463),(0.,0.04),
 .UNSPECIFIED.);
#177=B_SPLINE_SURFACE_WITH_KNOTS('',3,3,((#11529,#11530,#11531,#11532,#11533),
(#11534,#11535,#11536,#11537,#11538),(#11539,#11540,#11541,#11542,#11543),
(#11544,#11545,#11546,#11547,#11548),(#11549,#11550,#11551,#11552,#11553),
(#11554,#11555,#11556,#11557,#11558)),.UNSPECIFIED.,.F.,.F.,.F.,(4,1,1,
4),(4,1,4),(0.,0.285714285714286,0.571428571428571,1.),(6.75230743873548E-16,
0.0805766228159201,0.16115324563184),.UNSPECIFIED.);
#178=B_SPLINE_SURFACE_WITH_KNOTS('',3,3,((#11572,#11573,#11574,#11575,#11576),
(#11577,#11578,#11579,#11580,#11581),(#11582,#11583,#11584,#11585,#11586),
(#11587,#11588,#11589,#11590,#11591),(#11592,#11593,#11594,#11595,#11596),
(#11597,#11598,#11599,#11600,#11601)),.UNSPECIFIED.,.F.,.F.,.F.,(4,1,1,
4),(4,1,4),(0.,0.285714285714286,0.571428571428571,1.),(5.26635178850171E-17,
0.0805762457860709,0.161152491572142),.UNSPECIFIED.);
#179=B_SPLINE_SURFACE_WITH_KNOTS('',3,3,((#11605,#11606,#11607,#11608,#11609),
(#11610,#11611,#11612,#11613,#11614),(#11615,#11616,#11617,#11618,#11619),
(#11620,#11621,#11622,#11623,#11624),(#11625,#11626,#11627,#11628,#11629),
(#11630,#11631,#11632,#11633,#11634)),.UNSPECIFIED.,.F.,.F.,.F.,(4,1,1,
4),(4,1,4),(0.,0.285714285714286,0.571428571428571,1.),(6.50521303491553E-18,
0.0805766228159206,0.161153245631841),.UNSPECIFIED.);
#180=B_SPLINE_SURFACE_WITH_KNOTS('',3,3,((#11640,#11641,#11642,#11643,#11644),
(#11645,#11646,#11647,#11648,#11649),(#11650,#11651,#11652,#11653,#11654),
(#11655,#11656,#11657,#11658,#11659),(#11660,#11661,#11662,#11663,#11664),
(#11665,#11666,#11667,#11668,#11669)),.UNSPECIFIED.,.F.,.F.,.F.,(4,1,1,
4),(4,1,4),(0.,0.285714285714286,0.571428571428571,1.),(0.,0.0805762329716992,
0.161152465943398),.UNSPECIFIED.);
#181=B_SPLINE_CURVE_WITH_KNOTS('',3,(#7660,#7661,#7662,#7663,#7664),
 .UNSPECIFIED.,.F.,.F.,(4,1,4),(-0.16115324563184,-0.0805766228159201,-6.75230743873548E-16),
 .UNSPECIFIED.);
#182=B_SPLINE_CURVE_WITH_KNOTS('',3,(#7668,#7669,#7670,#7671,#7672),
 .UNSPECIFIED.,.F.,.F.,(4,1,4),(-0.161152491572142,-0.0805762457860709,
-5.26635178850171E-17),.UNSPECIFIED.);
#183=B_SPLINE_CURVE_WITH_KNOTS('',3,(#7698,#7699,#7700,#7701,#7702),
 .UNSPECIFIED.,.F.,.F.,(4,1,4),(-0.161153245631841,-0.0805766228159206,
-6.50521303491553E-18),.UNSPECIFIED.);
#184=B_SPLINE_CURVE_WITH_KNOTS('',3,(#7705,#7706,#7707,#7708,#7709),
 .UNSPECIFIED.,.F.,.F.,(4,1,4),(-0.161152465943398,-0.0805762329716992,
0.),.UNSPECIFIED.);
#185=B_SPLINE_CURVE_WITH_KNOTS('',3,(#7760,#7761,#7762,#7763,#7764),
 .UNSPECIFIED.,.F.,.F.,(4,1,4),(0.,0.0323210445956805,0.0645660439850279),
 .UNSPECIFIED.);
#186=B_SPLINE_CURVE_WITH_KNOTS('',3,(#7768,#7769,#7770,#7771,#7772),
 .UNSPECIFIED.,.F.,.F.,(4,1,4),(0.,0.0323210445956805,0.0645660439850279),
 .UNSPECIFIED.);
#187=B_SPLINE_CURVE_WITH_KNOTS('',3,(#7791,#7792,#7793,#7794,#7795),
 .UNSPECIFIED.,.F.,.F.,(4,1,4),(0.,0.0209339640828633,0.0436305283547576),
 .UNSPECIFIED.);
#188=B_SPLINE_CURVE_WITH_KNOTS('',3,(#7798,#7799,#7800,#7801,#7802),
 .UNSPECIFIED.,.F.,.F.,(4,1,4),(0.,0.0209339640828633,0.0436305283547576),
 .UNSPECIFIED.);
#189=B_SPLINE_CURVE_WITH_KNOTS('',3,(#7814,#7815,#7816,#7817,#7818),
 .UNSPECIFIED.,.F.,.F.,(4,1,4),(0.,0.0274104607545748,0.0503645559737075),
 .UNSPECIFIED.);
#190=B_SPLINE_CURVE_WITH_KNOTS('',3,(#7821,#7822,#7823,#7824,#7825),
 .UNSPECIFIED.,.F.,.F.,(4,1,4),(0.,0.0274104607545748,0.0503645559737075),
 .UNSPECIFIED.);
#191=B_SPLINE_CURVE_WITH_KNOTS('',3,(#7843,#7844,#7845,#7846,#7847),
 .UNSPECIFIED.,.F.,.F.,(4,1,4),(0.,0.0121994583027179,0.0314586876732794),
 .UNSPECIFIED.);
#192=B_SPLINE_CURVE_WITH_KNOTS('',3,(#7850,#7851,#7852,#7853,#7854),
 .UNSPECIFIED.,.F.,.F.,(4,1,4),(0.,0.0121994583027179,0.0314586876732794),
 .UNSPECIFIED.);
#193=B_SPLINE_CURVE_WITH_KNOTS('',3,(#7866,#7867,#7868,#7869,#7870),
 .UNSPECIFIED.,.F.,.F.,(4,1,4),(0.,0.00702693915565301,0.0148724082739459),
 .UNSPECIFIED.);
#194=B_SPLINE_CURVE_WITH_KNOTS('',3,(#7873,#7874,#7875,#7876,#7877),
 .UNSPECIFIED.,.F.,.F.,(4,1,4),(0.,0.00702693915565301,0.0148724082739459),
 .UNSPECIFIED.);
#195=B_SPLINE_CURVE_WITH_KNOTS('',3,(#7895,#7896,#7897,#7898,#7899),
 .UNSPECIFIED.,.F.,.F.,(4,1,4),(0.,0.00779847257668086,0.0150610156984626),
 .UNSPECIFIED.);
#196=B_SPLINE_CURVE_WITH_KNOTS('',3,(#7902,#7903,#7904,#7905,#7906),
 .UNSPECIFIED.,.F.,.F.,(4,1,4),(0.,0.00779847257668086,0.0150610156984626),
 .UNSPECIFIED.);
#197=B_SPLINE_CURVE_WITH_KNOTS('',3,(#7918,#7919,#7920,#7921,#7922),
 .UNSPECIFIED.,.F.,.F.,(4,1,4),(0.,0.0128561665356341,0.0226822359531838),
 .UNSPECIFIED.);
#198=B_SPLINE_CURVE_WITH_KNOTS('',3,(#7925,#7926,#7927,#7928,#7929),
 .UNSPECIFIED.,.F.,.F.,(4,1,4),(0.,0.0128561665356341,0.0226822359531838),
 .UNSPECIFIED.);
#199=B_SPLINE_CURVE_WITH_KNOTS('',3,(#7941,#7942,#7943,#7944,#7945),
 .UNSPECIFIED.,.F.,.F.,(4,1,4),(0.,0.0139087311816165,0.0291397013060276),
 .UNSPECIFIED.);
#200=B_SPLINE_CURVE_WITH_KNOTS('',3,(#7948,#7949,#7950,#7951,#7952),
 .UNSPECIFIED.,.F.,.F.,(4,1,4),(0.,0.0139087311816165,0.0291397013060276),
 .UNSPECIFIED.);
#201=B_SPLINE_CURVE_WITH_KNOTS('',3,(#7964,#7965,#7966,#7967,#7968),
 .UNSPECIFIED.,.F.,.F.,(4,1,4),(0.,0.0178893659978057,0.0326814534393353),
 .UNSPECIFIED.);
#202=B_SPLINE_CURVE_WITH_KNOTS('',3,(#7971,#7972,#7973,#7974,#7975),
 .UNSPECIFIED.,.F.,.F.,(4,1,4),(0.,0.0178893659978057,0.0326814534393353),
 .UNSPECIFIED.);
#203=B_SPLINE_CURVE_WITH_KNOTS('',3,(#7993,#7994,#7995,#7996,#7997),
 .UNSPECIFIED.,.F.,.F.,(4,1,4),(0.,0.0254823412434963,0.0493207107804774),
 .UNSPECIFIED.);
#204=B_SPLINE_CURVE_WITH_KNOTS('',3,(#8000,#8001,#8002,#8003,#8004),
 .UNSPECIFIED.,.F.,.F.,(4,1,4),(0.,0.0254823412434963,0.0493207107804774),
 .UNSPECIFIED.);
#205=B_SPLINE_CURVE_WITH_KNOTS('',3,(#8016,#8017,#8018,#8019,#8020),
 .UNSPECIFIED.,.F.,.F.,(4,1,4),(0.,0.0266029998727511,0.0530188954701831),
 .UNSPECIFIED.);
#206=B_SPLINE_CURVE_WITH_KNOTS('',3,(#8023,#8024,#8025,#8026,#8027),
 .UNSPECIFIED.,.F.,.F.,(4,1,4),(0.,0.0266029998727511,0.0530188954701831),
 .UNSPECIFIED.);
#207=B_SPLINE_CURVE_WITH_KNOTS('',3,(#8039,#8040,#8041,#8042,#8043),
 .UNSPECIFIED.,.F.,.F.,(4,1,4),(0.,0.0257957248710456,0.053998231768662),
 .UNSPECIFIED.);
#208=B_SPLINE_CURVE_WITH_KNOTS('',3,(#8046,#8047,#8048,#8049,#8050),
 .UNSPECIFIED.,.F.,.F.,(4,1,4),(0.,0.0257957248710456,0.053998231768662),
 .UNSPECIFIED.);
#209=B_SPLINE_CURVE_WITH_KNOTS('',3,(#8062,#8063,#8064,#8065,#8066),
 .UNSPECIFIED.,.F.,.F.,(4,1,4),(0.,0.0211044939896824,0.0444134665631592),
 .UNSPECIFIED.);
#210=B_SPLINE_CURVE_WITH_KNOTS('',3,(#8069,#8070,#8071,#8072,#8073),
 .UNSPECIFIED.,.F.,.F.,(4,1,4),(0.,0.0211044939896824,0.0444134665631592),
 .UNSPECIFIED.);
#211=B_SPLINE_CURVE_WITH_KNOTS('',3,(#8085,#8086,#8087,#8088,#8089),
 .UNSPECIFIED.,.F.,.F.,(4,1,4),(0.,0.0200851402330406,0.0399827670630441),
 .UNSPECIFIED.);
#212=B_SPLINE_CURVE_WITH_KNOTS('',3,(#8092,#8093,#8094,#8095,#8096),
 .UNSPECIFIED.,.F.,.F.,(4,1,4),(0.,0.0200851402330406,0.0399827670630441),
 .UNSPECIFIED.);
#213=B_SPLINE_CURVE_WITH_KNOTS('',3,(#8114,#8115,#8116,#8117,#8118),
 .UNSPECIFIED.,.F.,.F.,(4,1,4),(0.,0.0200805591018949,0.0416216154946874),
 .UNSPECIFIED.);
#214=B_SPLINE_CURVE_WITH_KNOTS('',3,(#8121,#8122,#8123,#8124,#8125),
 .UNSPECIFIED.,.F.,.F.,(4,1,4),(0.,0.0200805591018949,0.0416216154946874),
 .UNSPECIFIED.);
#215=B_SPLINE_CURVE_WITH_KNOTS('',3,(#8137,#8138,#8139,#8140,#8141),
 .UNSPECIFIED.,.F.,.F.,(4,1,4),(0.,0.0279732184033971,0.0505614238475122),
 .UNSPECIFIED.);
#216=B_SPLINE_CURVE_WITH_KNOTS('',3,(#8144,#8145,#8146,#8147,#8148),
 .UNSPECIFIED.,.F.,.F.,(4,1,4),(0.,0.0279732184033971,0.0505614238475122),
 .UNSPECIFIED.);
#217=B_SPLINE_CURVE_WITH_KNOTS('',3,(#8166,#8167,#8168,#8169,#8170),
 .UNSPECIFIED.,.F.,.F.,(4,1,4),(0.,0.0122271240124864,0.0313822362669958),
 .UNSPECIFIED.);
#218=B_SPLINE_CURVE_WITH_KNOTS('',3,(#8173,#8174,#8175,#8176,#8177),
 .UNSPECIFIED.,.F.,.F.,(4,1,4),(0.,0.0122271240124864,0.0313822362669958),
 .UNSPECIFIED.);
#219=B_SPLINE_CURVE_WITH_KNOTS('',3,(#8189,#8190,#8191,#8192,#8193),
 .UNSPECIFIED.,.F.,.F.,(4,1,4),(0.,0.00841708994643153,0.0167358213743089),
 .UNSPECIFIED.);
#220=B_SPLINE_CURVE_WITH_KNOTS('',3,(#8196,#8197,#8198,#8199,#8200),
 .UNSPECIFIED.,.F.,.F.,(4,1,4),(0.,0.00841708994643153,0.0167358213743089),
 .UNSPECIFIED.);
#221=B_SPLINE_CURVE_WITH_KNOTS('',3,(#8218,#8219,#8220,#8221,#8222),
 .UNSPECIFIED.,.F.,.F.,(4,1,4),(0.,0.00914924943327974,0.0175793160741189),
 .UNSPECIFIED.);
#222=B_SPLINE_CURVE_WITH_KNOTS('',3,(#8225,#8226,#8227,#8228,#8229),
 .UNSPECIFIED.,.F.,.F.,(4,1,4),(0.,0.00914924943327974,0.0175793160741189),
 .UNSPECIFIED.);
#223=B_SPLINE_CURVE_WITH_KNOTS('',3,(#8241,#8242,#8243,#8244,#8245),
 .UNSPECIFIED.,.F.,.F.,(4,1,4),(0.,0.0157075455010313,0.0276338362914398),
 .UNSPECIFIED.);
#224=B_SPLINE_CURVE_WITH_KNOTS('',3,(#8248,#8249,#8250,#8251,#8252),
 .UNSPECIFIED.,.F.,.F.,(4,1,4),(0.,0.0157075455010313,0.0276338362914398),
 .UNSPECIFIED.);
#225=B_SPLINE_CURVE_WITH_KNOTS('',3,(#8264,#8265,#8266,#8267,#8268),
 .UNSPECIFIED.,.F.,.F.,(4,1,4),(0.,0.0165896513711971,0.0338967800190686),
 .UNSPECIFIED.);
#226=B_SPLINE_CURVE_WITH_KNOTS('',3,(#8271,#8272,#8273,#8274,#8275),
 .UNSPECIFIED.,.F.,.F.,(4,1,4),(0.,0.0165896513711971,0.0338967800190686),
 .UNSPECIFIED.);
#227=B_SPLINE_CURVE_WITH_KNOTS('',3,(#8287,#8288,#8289,#8290,#8291),
 .UNSPECIFIED.,.F.,.F.,(4,1,4),(0.,0.0191830849815047,0.0364035404657864),
 .UNSPECIFIED.);
#228=B_SPLINE_CURVE_WITH_KNOTS('',3,(#8294,#8295,#8296,#8297,#8298),
 .UNSPECIFIED.,.F.,.F.,(4,1,4),(0.,0.0191830849815047,0.0364035404657864),
 .UNSPECIFIED.);
#229=B_SPLINE_CURVE_WITH_KNOTS('',3,(#8316,#8317,#8318,#8319,#8320),
 .UNSPECIFIED.,.F.,.F.,(4,1,4),(0.,0.0277981247821067,0.0537302824689139),
 .UNSPECIFIED.);
#230=B_SPLINE_CURVE_WITH_KNOTS('',3,(#8323,#8324,#8325,#8326,#8327),
 .UNSPECIFIED.,.F.,.F.,(4,1,4),(0.,0.0277981247821067,0.0537302824689139),
 .UNSPECIFIED.);
#231=B_SPLINE_CURVE_WITH_KNOTS('',3,(#8339,#8340,#8341,#8342,#8343),
 .UNSPECIFIED.,.F.,.F.,(4,1,4),(0.,0.0316867001443816,0.0614985249777629),
 .UNSPECIFIED.);
#232=B_SPLINE_CURVE_WITH_KNOTS('',3,(#8346,#8347,#8348,#8349,#8350),
 .UNSPECIFIED.,.F.,.F.,(4,1,4),(0.,0.0316867001443816,0.0614985249777629),
 .UNSPECIFIED.);
#233=B_SPLINE_CURVE_WITH_KNOTS('',3,(#8361,#8362,#8363,#8364,#8365),
 .UNSPECIFIED.,.F.,.F.,(4,1,4),(0.,0.0370555611541917,0.0798272926021585),
 .UNSPECIFIED.);
#234=B_SPLINE_CURVE_WITH_KNOTS('',3,(#8366,#8367,#8368,#8369,#8370),
 .UNSPECIFIED.,.F.,.F.,(4,1,4),(0.,0.0370555611541917,0.0798272926021585),
 .UNSPECIFIED.);
#235=B_SPLINE_CURVE_WITH_KNOTS('',3,(#8384,#8385,#8386,#8387),
 .UNSPECIFIED.,.F.,.F.,(4,4),(0.,0.0529812247223103),.UNSPECIFIED.);
#236=B_SPLINE_CURVE_WITH_KNOTS('',3,(#8389,#8390,#8391,#8392),
 .UNSPECIFIED.,.F.,.F.,(4,4),(0.,0.0159967616118749),.UNSPECIFIED.);
#237=B_SPLINE_CURVE_WITH_KNOTS('',3,(#8396,#8397,#8398,#8399,#8400),
 .UNSPECIFIED.,.F.,.F.,(4,1,4),(0.,0.0322654230583152,0.0691994124234806),
 .UNSPECIFIED.);
#238=B_SPLINE_CURVE_WITH_KNOTS('',3,(#8414,#8415,#8416,#8417,#8418),
 .UNSPECIFIED.,.F.,.F.,(4,1,4),(0.,0.0267694566948788,0.0562687691323889),
 .UNSPECIFIED.);
#239=B_SPLINE_CURVE_WITH_KNOTS('',3,(#8422,#8423,#8424,#8425,#8426),
 .UNSPECIFIED.,.F.,.F.,(4,1,4),(0.,0.0267694566948788,0.0562687691323889),
 .UNSPECIFIED.);
#240=B_SPLINE_CURVE_WITH_KNOTS('',3,(#8439,#8440,#8441,#8442,#8443),
 .UNSPECIFIED.,.F.,.F.,(4,1,4),(0.,0.0246317602718856,0.0495591288437099),
 .UNSPECIFIED.);
#241=B_SPLINE_CURVE_WITH_KNOTS('',3,(#8446,#8447,#8448,#8449,#8450),
 .UNSPECIFIED.,.F.,.F.,(4,1,4),(0.,0.0246317602718856,0.0495591288437099),
 .UNSPECIFIED.);
#242=B_SPLINE_CURVE_WITH_KNOTS('',3,(#8468,#8469,#8470,#8471,#8472),
 .UNSPECIFIED.,.F.,.F.,(4,1,4),(0.,0.0257855814223828,0.0523117685314406),
 .UNSPECIFIED.);
#243=B_SPLINE_CURVE_WITH_KNOTS('',3,(#8475,#8476,#8477,#8478,#8479),
 .UNSPECIFIED.,.F.,.F.,(4,1,4),(0.,0.0257855814223828,0.0523117685314406),
 .UNSPECIFIED.);
#244=B_SPLINE_CURVE_WITH_KNOTS('',3,(#8491,#8492,#8493,#8494,#8495),
 .UNSPECIFIED.,.F.,.F.,(4,1,4),(0.,0.0269889504551795,0.0537801480995354),
 .UNSPECIFIED.);
#245=B_SPLINE_CURVE_WITH_KNOTS('',3,(#8498,#8499,#8500,#8501,#8502),
 .UNSPECIFIED.,.F.,.F.,(4,1,4),(0.,0.0269889504551795,0.0537801480995354),
 .UNSPECIFIED.);
#246=B_SPLINE_CURVE_WITH_KNOTS('',3,(#8514,#8515,#8516,#8517,#8518),
 .UNSPECIFIED.,.F.,.F.,(4,1,4),(0.,0.0233168845148822,0.0475024580320192),
 .UNSPECIFIED.);
#247=B_SPLINE_CURVE_WITH_KNOTS('',3,(#8521,#8522,#8523,#8524,#8525),
 .UNSPECIFIED.,.F.,.F.,(4,1,4),(0.,0.0233168845148822,0.0475024580320192),
 .UNSPECIFIED.);
#248=B_SPLINE_CURVE_WITH_KNOTS('',3,(#8537,#8538,#8539,#8540,#8541),
 .UNSPECIFIED.,.F.,.F.,(4,1,4),(0.,0.0196601488750589,0.0411704250025494),
 .UNSPECIFIED.);
#249=B_SPLINE_CURVE_WITH_KNOTS('',3,(#8544,#8545,#8546,#8547,#8548),
 .UNSPECIFIED.,.F.,.F.,(4,1,4),(0.,0.0196601488750589,0.0411704250025494),
 .UNSPECIFIED.);
#250=B_SPLINE_CURVE_WITH_KNOTS('',3,(#8566,#8567,#8568,#8569,#8570),
 .UNSPECIFIED.,.F.,.F.,(4,1,4),(0.,0.0219154709238144,0.0434848807227675),
 .UNSPECIFIED.);
#251=B_SPLINE_CURVE_WITH_KNOTS('',3,(#8573,#8574,#8575,#8576,#8577),
 .UNSPECIFIED.,.F.,.F.,(4,1,4),(0.,0.0219154709238144,0.0434848807227675),
 .UNSPECIFIED.);
#252=B_SPLINE_CURVE_WITH_KNOTS('',3,(#8589,#8590,#8591,#8592,#8593),
 .UNSPECIFIED.,.F.,.F.,(4,1,4),(0.,0.0259676114677886,0.0495496634773951),
 .UNSPECIFIED.);
#253=B_SPLINE_CURVE_WITH_KNOTS('',3,(#8596,#8597,#8598,#8599,#8600),
 .UNSPECIFIED.,.F.,.F.,(4,1,4),(0.,0.0259676114677886,0.0495496634773951),
 .UNSPECIFIED.);
#254=B_SPLINE_CURVE_WITH_KNOTS('',3,(#8612,#8613,#8614,#8615),
 .UNSPECIFIED.,.F.,.F.,(4,4),(0.,0.0493617214918056),.UNSPECIFIED.);
#255=B_SPLINE_CURVE_WITH_KNOTS('',3,(#8616,#8617,#8618,#8619,#8620),
 .UNSPECIFIED.,.F.,.F.,(4,1,4),(0.,0.0302190716619224,0.0585005755811042),
 .UNSPECIFIED.);
#256=B_SPLINE_CURVE_WITH_KNOTS('',3,(#8621,#8622,#8623,#8624),
 .UNSPECIFIED.,.F.,.F.,(4,4),(0.0495552837815728,0.0585005755811042),
 .UNSPECIFIED.);
#257=B_SPLINE_CURVE_WITH_KNOTS('',3,(#8636,#8637,#8638,#8639,#8640),
 .UNSPECIFIED.,.F.,.F.,(4,1,4),(0.,0.0319951177344584,0.06278416134106),
 .UNSPECIFIED.);
#258=B_SPLINE_CURVE_WITH_KNOTS('',3,(#8643,#8644,#8645,#8646,#8647),
 .UNSPECIFIED.,.F.,.F.,(4,1,4),(0.,0.0319951177344584,0.06278416134106),
 .UNSPECIFIED.);
#259=B_SPLINE_CURVE_WITH_KNOTS('',3,(#8665,#8666,#8667,#8668,#8669),
 .UNSPECIFIED.,.F.,.F.,(4,1,4),(0.,0.0197605536698599,0.0422141684853207),
 .UNSPECIFIED.);
#260=B_SPLINE_CURVE_WITH_KNOTS('',3,(#8672,#8673,#8674,#8675,#8676),
 .UNSPECIFIED.,.F.,.F.,(4,1,4),(0.,0.0197605536698599,0.0422141684853207),
 .UNSPECIFIED.);
#261=B_SPLINE_CURVE_WITH_KNOTS('',3,(#8688,#8689,#8690,#8691,#8692),
 .UNSPECIFIED.,.F.,.F.,(4,1,4),(0.,0.0187296393813615,0.0371611060127591),
 .UNSPECIFIED.);
#262=B_SPLINE_CURVE_WITH_KNOTS('',3,(#8695,#8696,#8697,#8698,#8699),
 .UNSPECIFIED.,.F.,.F.,(4,1,4),(0.,0.0187296393813615,0.0371611060127591),
 .UNSPECIFIED.);
#263=B_SPLINE_CURVE_WITH_KNOTS('',3,(#8711,#8712,#8713,#8714,#8715),
 .UNSPECIFIED.,.F.,.F.,(4,1,4),(0.,0.0154045112149787,0.0336352736142485),
 .UNSPECIFIED.);
#264=B_SPLINE_CURVE_WITH_KNOTS('',3,(#8718,#8719,#8720,#8721,#8722),
 .UNSPECIFIED.,.F.,.F.,(4,1,4),(0.,0.0154045112149787,0.0336352736142485),
 .UNSPECIFIED.);
#265=B_SPLINE_CURVE_WITH_KNOTS('',3,(#8734,#8735,#8736,#8737,#8738),
 .UNSPECIFIED.,.F.,.F.,(4,1,4),(0.,0.0147150376031939,0.0284389169648339),
 .UNSPECIFIED.);
#266=B_SPLINE_CURVE_WITH_KNOTS('',3,(#8741,#8742,#8743,#8744,#8745),
 .UNSPECIFIED.,.F.,.F.,(4,1,4),(0.,0.0147150376031939,0.0284389169648339),
 .UNSPECIFIED.);
#267=B_SPLINE_CURVE_WITH_KNOTS('',3,(#8763,#8764,#8765,#8766,#8767),
 .UNSPECIFIED.,.F.,.F.,(4,1,4),(0.,0.0153679118064237,0.0314728861098332),
 .UNSPECIFIED.);
#268=B_SPLINE_CURVE_WITH_KNOTS('',3,(#8770,#8771,#8772,#8773,#8774),
 .UNSPECIFIED.,.F.,.F.,(4,1,4),(0.,0.0153679118064237,0.0314728861098332),
 .UNSPECIFIED.);
#269=B_SPLINE_CURVE_WITH_KNOTS('',3,(#8786,#8787,#8788,#8789,#8790),
 .UNSPECIFIED.,.F.,.F.,(4,1,4),(0.,0.0196392710303491,0.0372058155718705),
 .UNSPECIFIED.);
#270=B_SPLINE_CURVE_WITH_KNOTS('',3,(#8793,#8794,#8795,#8796,#8797),
 .UNSPECIFIED.,.F.,.F.,(4,1,4),(0.,0.0196392710303491,0.0372058155718705),
 .UNSPECIFIED.);
#271=B_SPLINE_CURVE_WITH_KNOTS('',3,(#8827,#8828,#8829,#8830,#8831),
 .UNSPECIFIED.,.F.,.F.,(4,1,4),(0.,0.0209794775651747,0.0432626946928802),
 .UNSPECIFIED.);
#272=B_SPLINE_CURVE_WITH_KNOTS('',3,(#8834,#8835,#8836,#8837,#8838),
 .UNSPECIFIED.,.F.,.F.,(4,1,4),(0.,0.0209794775651747,0.0432626946928802),
 .UNSPECIFIED.);
#273=B_SPLINE_CURVE_WITH_KNOTS('',3,(#8850,#8851,#8852,#8853,#8854),
 .UNSPECIFIED.,.F.,.F.,(4,1,4),(0.,0.0199300843185155,0.0386748036307511),
 .UNSPECIFIED.);
#274=B_SPLINE_CURVE_WITH_KNOTS('',3,(#8857,#8858,#8859,#8860,#8861),
 .UNSPECIFIED.,.F.,.F.,(4,1,4),(0.,0.0199300843185155,0.0386748036307511),
 .UNSPECIFIED.);
#275=B_SPLINE_CURVE_WITH_KNOTS('',3,(#8879,#8880,#8881,#8882,#8883),
 .UNSPECIFIED.,.F.,.F.,(4,1,4),(0.,0.0169706602902516,0.0356298083932276),
 .UNSPECIFIED.);
#276=B_SPLINE_CURVE_WITH_KNOTS('',3,(#8886,#8887,#8888,#8889,#8890),
 .UNSPECIFIED.,.F.,.F.,(4,1,4),(0.,0.0169706602902516,0.0356298083932276),
 .UNSPECIFIED.);
#277=B_SPLINE_CURVE_WITH_KNOTS('',3,(#8902,#8903,#8904,#8905,#8906),
 .UNSPECIFIED.,.F.,.F.,(4,1,4),(0.,0.0223703411650434,0.0412563164711433),
 .UNSPECIFIED.);
#278=B_SPLINE_CURVE_WITH_KNOTS('',3,(#8909,#8910,#8911,#8912,#8913),
 .UNSPECIFIED.,.F.,.F.,(4,1,4),(0.,0.0223703411650434,0.0412563164711433),
 .UNSPECIFIED.);
#279=B_SPLINE_CURVE_WITH_KNOTS('',3,(#8925,#8926,#8927,#8928,#8929),
 .UNSPECIFIED.,.F.,.F.,(4,1,4),(0.,0.042468697486242,0.0824589272422062),
 .UNSPECIFIED.);
#280=B_SPLINE_CURVE_WITH_KNOTS('',3,(#8932,#8933,#8934,#8935,#8936),
 .UNSPECIFIED.,.F.,.F.,(4,1,4),(0.,0.042468697486242,0.0824589272422062),
 .UNSPECIFIED.);
#281=B_SPLINE_CURVE_WITH_KNOTS('',3,(#8954,#8955,#8956,#8957,#8958),
 .UNSPECIFIED.,.F.,.F.,(4,1,4),(0.,0.0311147618953702,0.0625265339195977),
 .UNSPECIFIED.);
#282=B_SPLINE_CURVE_WITH_KNOTS('',3,(#8961,#8962,#8963,#8964,#8965),
 .UNSPECIFIED.,.F.,.F.,(4,1,4),(0.,0.0311147618953702,0.0625265339195977),
 .UNSPECIFIED.);
#283=B_SPLINE_CURVE_WITH_KNOTS('',3,(#8977,#8978,#8979,#8980,#8981),
 .UNSPECIFIED.,.F.,.F.,(4,1,4),(0.,0.0391691127495987,0.0727327135879685),
 .UNSPECIFIED.);
#284=B_SPLINE_CURVE_WITH_KNOTS('',3,(#8984,#8985,#8986,#8987,#8988),
 .UNSPECIFIED.,.F.,.F.,(4,1,4),(0.,0.0391691127495987,0.0727327135879685),
 .UNSPECIFIED.);
#285=B_SPLINE_CURVE_WITH_KNOTS('',3,(#8999,#9000,#9001,#9002,#9003),
 .UNSPECIFIED.,.F.,.F.,(4,1,4),(0.,0.0322917918393389,0.0671566392938412),
 .UNSPECIFIED.);
#286=B_SPLINE_CURVE_WITH_KNOTS('',3,(#9004,#9005,#9006,#9007,#9008),
 .UNSPECIFIED.,.F.,.F.,(4,1,4),(0.,0.0322917918393389,0.0671566392938412),
 .UNSPECIFIED.);
#287=B_SPLINE_CURVE_WITH_KNOTS('',3,(#9022,#9023,#9024,#9025,#9026),
 .UNSPECIFIED.,.F.,.F.,(4,1,4),(0.,0.0323210445956805,0.0645660021562449),
 .UNSPECIFIED.);
#288=B_SPLINE_CURVE_WITH_KNOTS('',3,(#9030,#9031,#9032,#9033,#9034),
 .UNSPECIFIED.,.F.,.F.,(4,1,4),(0.,0.0323210445956805,0.0645660021562449),
 .UNSPECIFIED.);
#289=B_SPLINE_CURVE_WITH_KNOTS('',3,(#9053,#9054,#9055,#9056,#9057),
 .UNSPECIFIED.,.F.,.F.,(4,1,4),(0.,0.0209339328441419,0.0436304971160363),
 .UNSPECIFIED.);
#290=B_SPLINE_CURVE_WITH_KNOTS('',3,(#9060,#9061,#9062,#9063,#9064),
 .UNSPECIFIED.,.F.,.F.,(4,1,4),(0.,0.0209339328441419,0.0436304971160363),
 .UNSPECIFIED.);
#291=B_SPLINE_CURVE_WITH_KNOTS('',3,(#9076,#9077,#9078,#9079,#9080),
 .UNSPECIFIED.,.F.,.F.,(4,1,4),(0.,0.0274104607545748,0.0503646028625839),
 .UNSPECIFIED.);
#292=B_SPLINE_CURVE_WITH_KNOTS('',3,(#9083,#9084,#9085,#9086,#9087),
 .UNSPECIFIED.,.F.,.F.,(4,1,4),(0.,0.0274104607545748,0.0503646028625839),
 .UNSPECIFIED.);
#293=B_SPLINE_CURVE_WITH_KNOTS('',3,(#9105,#9106,#9107,#9108,#9109),
 .UNSPECIFIED.,.F.,.F.,(4,1,4),(0.,0.0121994060938885,0.0314587461719313),
 .UNSPECIFIED.);
#294=B_SPLINE_CURVE_WITH_KNOTS('',3,(#9112,#9113,#9114,#9115,#9116),
 .UNSPECIFIED.,.F.,.F.,(4,1,4),(0.,0.0121994060938885,0.0314587461719313),
 .UNSPECIFIED.);
#295=B_SPLINE_CURVE_WITH_KNOTS('',3,(#9128,#9129,#9130,#9131,#9132),
 .UNSPECIFIED.,.F.,.F.,(4,1,4),(0.,0.00702691661759413,0.0148724059232494),
 .UNSPECIFIED.);
#296=B_SPLINE_CURVE_WITH_KNOTS('',3,(#9135,#9136,#9137,#9138,#9139),
 .UNSPECIFIED.,.F.,.F.,(4,1,4),(0.,0.00702691661759413,0.0148724059232494),
 .UNSPECIFIED.);
#297=B_SPLINE_CURVE_WITH_KNOTS('',3,(#9157,#9158,#9159,#9160,#9161),
 .UNSPECIFIED.,.F.,.F.,(4,1,4),(0.,0.00779849354080078,0.0150610366625825),
 .UNSPECIFIED.);
#298=B_SPLINE_CURVE_WITH_KNOTS('',3,(#9164,#9165,#9166,#9167,#9168),
 .UNSPECIFIED.,.F.,.F.,(4,1,4),(0.,0.00779849354080078,0.0150610366625825),
 .UNSPECIFIED.);
#299=B_SPLINE_CURVE_WITH_KNOTS('',3,(#9180,#9181,#9182,#9183,#9184),
 .UNSPECIFIED.,.F.,.F.,(4,1,4),(0.,0.0128562258800525,0.0226822121073102),
 .UNSPECIFIED.);
#300=B_SPLINE_CURVE_WITH_KNOTS('',3,(#9187,#9188,#9189,#9190,#9191),
 .UNSPECIFIED.,.F.,.F.,(4,1,4),(0.,0.0128562258800525,0.0226822121073102),
 .UNSPECIFIED.);
#301=B_SPLINE_CURVE_WITH_KNOTS('',3,(#9203,#9204,#9205,#9206,#9207),
 .UNSPECIFIED.,.F.,.F.,(4,1,4),(0.,0.0139088477447775,0.0291397583859016),
 .UNSPECIFIED.);
#302=B_SPLINE_CURVE_WITH_KNOTS('',3,(#9210,#9211,#9212,#9213,#9214),
 .UNSPECIFIED.,.F.,.F.,(4,1,4),(0.,0.0139088477447775,0.0291397583859016),
 .UNSPECIFIED.);
#303=B_SPLINE_CURVE_WITH_KNOTS('',3,(#9226,#9227,#9228,#9229,#9230),
 .UNSPECIFIED.,.F.,.F.,(4,1,4),(0.,0.0178892624249832,0.0326813498665128),
 .UNSPECIFIED.);
#304=B_SPLINE_CURVE_WITH_KNOTS('',3,(#9233,#9234,#9235,#9236,#9237),
 .UNSPECIFIED.,.F.,.F.,(4,1,4),(0.,0.0178892624249832,0.0326813498665128),
 .UNSPECIFIED.);
#305=B_SPLINE_CURVE_WITH_KNOTS('',3,(#9255,#9256,#9257,#9258,#9259),
 .UNSPECIFIED.,.F.,.F.,(4,1,4),(0.,0.0254823412434963,0.0493207107804774),
 .UNSPECIFIED.);
#306=B_SPLINE_CURVE_WITH_KNOTS('',3,(#9262,#9263,#9264,#9265,#9266),
 .UNSPECIFIED.,.F.,.F.,(4,1,4),(0.,0.0254823412434963,0.0493207107804774),
 .UNSPECIFIED.);
#307=B_SPLINE_CURVE_WITH_KNOTS('',3,(#9278,#9279,#9280,#9281,#9282),
 .UNSPECIFIED.,.F.,.F.,(4,1,4),(0.,0.0266029404669929,0.0530188360644249),
 .UNSPECIFIED.);
#308=B_SPLINE_CURVE_WITH_KNOTS('',3,(#9285,#9286,#9287,#9288,#9289),
 .UNSPECIFIED.,.F.,.F.,(4,1,4),(0.,0.0266029404669929,0.0530188360644249),
 .UNSPECIFIED.);
#309=B_SPLINE_CURVE_WITH_KNOTS('',3,(#9301,#9302,#9303,#9304,#9305),
 .UNSPECIFIED.,.F.,.F.,(4,1,4),(0.,0.0257957248710456,0.053998231768662),
 .UNSPECIFIED.);
#310=B_SPLINE_CURVE_WITH_KNOTS('',3,(#9308,#9309,#9310,#9311,#9312),
 .UNSPECIFIED.,.F.,.F.,(4,1,4),(0.,0.0257957248710456,0.053998231768662),
 .UNSPECIFIED.);
#311=B_SPLINE_CURVE_WITH_KNOTS('',3,(#9324,#9325,#9326,#9327,#9328),
 .UNSPECIFIED.,.F.,.F.,(4,1,4),(0.,0.0211045811383707,0.0444135008152495),
 .UNSPECIFIED.);
#312=B_SPLINE_CURVE_WITH_KNOTS('',3,(#9331,#9332,#9333,#9334,#9335),
 .UNSPECIFIED.,.F.,.F.,(4,1,4),(0.,0.0211045811383707,0.0444135008152495),
 .UNSPECIFIED.);
#313=B_SPLINE_CURVE_WITH_KNOTS('',3,(#9347,#9348,#9349,#9350,#9351),
 .UNSPECIFIED.,.F.,.F.,(4,1,4),(0.,0.0200851307368257,0.039982771945581),
 .UNSPECIFIED.);
#314=B_SPLINE_CURVE_WITH_KNOTS('',3,(#9354,#9355,#9356,#9357,#9358),
 .UNSPECIFIED.,.F.,.F.,(4,1,4),(0.,0.0200851307368257,0.039982771945581),
 .UNSPECIFIED.);
#315=B_SPLINE_CURVE_WITH_KNOTS('',3,(#9376,#9377,#9378,#9379,#9380),
 .UNSPECIFIED.,.F.,.F.,(4,1,4),(0.,0.0200804970226868,0.0416215678832285),
 .UNSPECIFIED.);
#316=B_SPLINE_CURVE_WITH_KNOTS('',3,(#9383,#9384,#9385,#9386,#9387),
 .UNSPECIFIED.,.F.,.F.,(4,1,4),(0.,0.0200804970226868,0.0416215678832285),
 .UNSPECIFIED.);
#317=B_SPLINE_CURVE_WITH_KNOTS('',3,(#9399,#9400,#9401,#9402,#9403),
 .UNSPECIFIED.,.F.,.F.,(4,1,4),(0.,0.0279731913121216,0.0505614436506227),
 .UNSPECIFIED.);
#318=B_SPLINE_CURVE_WITH_KNOTS('',3,(#9406,#9407,#9408,#9409,#9410),
 .UNSPECIFIED.,.F.,.F.,(4,1,4),(0.,0.0279731913121216,0.0505614436506227),
 .UNSPECIFIED.);
#319=B_SPLINE_CURVE_WITH_KNOTS('',3,(#9428,#9429,#9430,#9431,#9432),
 .UNSPECIFIED.,.F.,.F.,(4,1,4),(0.,0.0122270719217879,0.0313821841762973),
 .UNSPECIFIED.);
#320=B_SPLINE_CURVE_WITH_KNOTS('',3,(#9435,#9436,#9437,#9438,#9439),
 .UNSPECIFIED.,.F.,.F.,(4,1,4),(0.,0.0122270719217879,0.0313821841762973),
 .UNSPECIFIED.);
#321=B_SPLINE_CURVE_WITH_KNOTS('',3,(#9451,#9452,#9453,#9454,#9455),
 .UNSPECIFIED.,.F.,.F.,(4,1,4),(0.,0.00841708994643153,0.0167358213743089),
 .UNSPECIFIED.);
#322=B_SPLINE_CURVE_WITH_KNOTS('',3,(#9458,#9459,#9460,#9461,#9462),
 .UNSPECIFIED.,.F.,.F.,(4,1,4),(0.,0.00841708994643153,0.0167358213743089),
 .UNSPECIFIED.);
#323=B_SPLINE_CURVE_WITH_KNOTS('',3,(#9480,#9481,#9482,#9483,#9484),
 .UNSPECIFIED.,.F.,.F.,(4,1,4),(0.,0.00914920476141193,0.0175792714022511),
 .UNSPECIFIED.);
#324=B_SPLINE_CURVE_WITH_KNOTS('',3,(#9487,#9488,#9489,#9490,#9491),
 .UNSPECIFIED.,.F.,.F.,(4,1,4),(0.,0.00914920476141193,0.0175792714022511),
 .UNSPECIFIED.);
#325=B_SPLINE_CURVE_WITH_KNOTS('',3,(#9503,#9504,#9505,#9506,#9507),
 .UNSPECIFIED.,.F.,.F.,(4,1,4),(0.,0.0157075752077499,0.0276338659981584),
 .UNSPECIFIED.);
#326=B_SPLINE_CURVE_WITH_KNOTS('',3,(#9510,#9511,#9512,#9513,#9514),
 .UNSPECIFIED.,.F.,.F.,(4,1,4),(0.,0.0157075752077499,0.0276338659981584),
 .UNSPECIFIED.);
#327=B_SPLINE_CURVE_WITH_KNOTS('',3,(#9526,#9527,#9528,#9529,#9530),
 .UNSPECIFIED.,.F.,.F.,(4,1,4),(0.,0.0165897092679473,0.0338967784832842),
 .UNSPECIFIED.);
#328=B_SPLINE_CURVE_WITH_KNOTS('',3,(#9533,#9534,#9535,#9536,#9537),
 .UNSPECIFIED.,.F.,.F.,(4,1,4),(0.,0.0165897092679473,0.0338967784832842),
 .UNSPECIFIED.);
#329=B_SPLINE_CURVE_WITH_KNOTS('',3,(#9549,#9550,#9551,#9552,#9553),
 .UNSPECIFIED.,.F.,.F.,(4,1,4),(0.,0.019183059769218,0.0364035152534996),
 .UNSPECIFIED.);
#330=B_SPLINE_CURVE_WITH_KNOTS('',3,(#9556,#9557,#9558,#9559,#9560),
 .UNSPECIFIED.,.F.,.F.,(4,1,4),(0.,0.019183059769218,0.0364035152534996),
 .UNSPECIFIED.);
#331=B_SPLINE_CURVE_WITH_KNOTS('',3,(#9578,#9579,#9580,#9581,#9582),
 .UNSPECIFIED.,.F.,.F.,(4,1,4),(0.,0.0277980433638731,0.0537302958796564),
 .UNSPECIFIED.);
#332=B_SPLINE_CURVE_WITH_KNOTS('',3,(#9585,#9586,#9587,#9588,#9589),
 .UNSPECIFIED.,.F.,.F.,(4,1,4),(0.,0.0277980433638731,0.0537302958796564),
 .UNSPECIFIED.);
#333=B_SPLINE_CURVE_WITH_KNOTS('',3,(#9601,#9602,#9603,#9604,#9605),
 .UNSPECIFIED.,.F.,.F.,(4,1,4),(0.,0.0316867298651304,0.0614985546985117),
 .UNSPECIFIED.);
#334=B_SPLINE_CURVE_WITH_KNOTS('',3,(#9608,#9609,#9610,#9611,#9612),
 .UNSPECIFIED.,.F.,.F.,(4,1,4),(0.,0.0316867298651304,0.0614985546985117),
 .UNSPECIFIED.);
#335=B_SPLINE_CURVE_WITH_KNOTS('',3,(#9623,#9624,#9625,#9626,#9627),
 .UNSPECIFIED.,.F.,.F.,(4,1,4),(0.,0.0370556163035027,0.0798272588826314),
 .UNSPECIFIED.);
#336=B_SPLINE_CURVE_WITH_KNOTS('',3,(#9628,#9629,#9630,#9631,#9632),
 .UNSPECIFIED.,.F.,.F.,(4,1,4),(0.,0.0370556163035027,0.0798272588826314),
 .UNSPECIFIED.);
#337=B_SPLINE_CURVE_WITH_KNOTS('',3,(#9646,#9647,#9648,#9649),
 .UNSPECIFIED.,.F.,.F.,(4,4),(0.,0.0526343669261307),.UNSPECIFIED.);
#338=B_SPLINE_CURVE_WITH_KNOTS('',3,(#9651,#9652,#9653,#9654),
 .UNSPECIFIED.,.F.,.F.,(4,4),(0.,0.0244242775330269),.UNSPECIFIED.);
#339=B_SPLINE_CURVE_WITH_KNOTS('',3,(#9658,#9659,#9660,#9661,#9662),
 .UNSPECIFIED.,.F.,.F.,(4,1,4),(0.,0.0363821260701456,0.0772695666118219),
 .UNSPECIFIED.);
#340=B_SPLINE_CURVE_WITH_KNOTS('',3,(#9676,#9677,#9678,#9679,#9680),
 .UNSPECIFIED.,.F.,.F.,(4,1,4),(0.,0.0319244516578329,0.0573299267657158),
 .UNSPECIFIED.);
#341=B_SPLINE_CURVE_WITH_KNOTS('',3,(#9684,#9685,#9686,#9687,#9688),
 .UNSPECIFIED.,.F.,.F.,(4,1,4),(0.,0.0319244516578329,0.0573299267657158),
 .UNSPECIFIED.);
#342=B_SPLINE_CURVE_WITH_KNOTS('',3,(#9707,#9708,#9709,#9710,#9711),
 .UNSPECIFIED.,.F.,.F.,(4,1,4),(0.,0.0255086075111223,0.0577737016168283),
 .UNSPECIFIED.);
#343=B_SPLINE_CURVE_WITH_KNOTS('',3,(#9714,#9715,#9716,#9717,#9718),
 .UNSPECIFIED.,.F.,.F.,(4,1,4),(0.,0.0255086075111223,0.0577737016168283),
 .UNSPECIFIED.);
#344=B_SPLINE_CURVE_WITH_KNOTS('',3,(#9730,#9731,#9732,#9733,#9734),
 .UNSPECIFIED.,.F.,.F.,(4,1,4),(0.,0.0256777250058675,0.0485471231634307),
 .UNSPECIFIED.);
#345=B_SPLINE_CURVE_WITH_KNOTS('',3,(#9737,#9738,#9739,#9740,#9741),
 .UNSPECIFIED.,.F.,.F.,(4,1,4),(0.,0.0256777250058675,0.0485471231634307),
 .UNSPECIFIED.);
#346=B_SPLINE_CURVE_WITH_KNOTS('',3,(#9753,#9754,#9755,#9756,#9757),
 .UNSPECIFIED.,.F.,.F.,(4,1,4),(0.,0.0228695875979875,0.048547312603855),
 .UNSPECIFIED.);
#347=B_SPLINE_CURVE_WITH_KNOTS('',3,(#9760,#9761,#9762,#9763,#9764),
 .UNSPECIFIED.,.F.,.F.,(4,1,4),(0.,0.0228695875979875,0.048547312603855),
 .UNSPECIFIED.);
#348=B_SPLINE_CURVE_WITH_KNOTS('',3,(#9776,#9777,#9778,#9779,#9780),
 .UNSPECIFIED.,.F.,.F.,(4,1,4),(0.,0.0322650644954408,0.0577736989113806),
 .UNSPECIFIED.);
#349=B_SPLINE_CURVE_WITH_KNOTS('',3,(#9783,#9784,#9785,#9786,#9787),
 .UNSPECIFIED.,.F.,.F.,(4,1,4),(0.,0.0322650644954408,0.0577736989113806),
 .UNSPECIFIED.);
#350=B_SPLINE_CURVE_WITH_KNOTS('',3,(#9805,#9806,#9807,#9808,#9809),
 .UNSPECIFIED.,.F.,.F.,(4,1,4),(0.,0.0254054751078829,0.0573299267657158),
 .UNSPECIFIED.);
#351=B_SPLINE_CURVE_WITH_KNOTS('',3,(#9812,#9813,#9814,#9815,#9816),
 .UNSPECIFIED.,.F.,.F.,(4,1,4),(0.,0.0254054751078829,0.0573299267657158),
 .UNSPECIFIED.);
#352=B_SPLINE_CURVE_WITH_KNOTS('',3,(#9828,#9829,#9830,#9831,#9832),
 .UNSPECIFIED.,.F.,.F.,(4,1,4),(0.,0.0256777196337966,0.0485473253268452),
 .UNSPECIFIED.);
#353=B_SPLINE_CURVE_WITH_KNOTS('',3,(#9835,#9836,#9837,#9838,#9839),
 .UNSPECIFIED.,.F.,.F.,(4,1,4),(0.,0.0256777196337966,0.0485473253268452),
 .UNSPECIFIED.);
#354=B_SPLINE_CURVE_WITH_KNOTS('',3,(#9850,#9851,#9852,#9853,#9854),
 .UNSPECIFIED.,.F.,.F.,(4,1,4),(0.,0.0228694072051657,0.0485471295249935),
 .UNSPECIFIED.);
#355=B_SPLINE_CURVE_WITH_KNOTS('',3,(#9855,#9856,#9857,#9858,#9859),
 .UNSPECIFIED.,.F.,.F.,(4,1,4),(0.,0.0228694072051657,0.0485471295249935),
 .UNSPECIFIED.);
#356=B_SPLINE_CURVE_WITH_KNOTS('',3,(#9871,#9872,#9873,#9874,#9875),
 .UNSPECIFIED.,.F.,.F.,(4,1,4),(0.,0.0328001579965742,0.0663858767344179),
 .UNSPECIFIED.);
#357=B_SPLINE_CURVE_WITH_KNOTS('',3,(#9878,#9879,#9880,#9881,#9882),
 .UNSPECIFIED.,.F.,.F.,(4,1,4),(0.,0.0328001579965742,0.0663858767344179),
 .UNSPECIFIED.);
#358=B_SPLINE_CURVE_WITH_KNOTS('',3,(#9894,#9895,#9896,#9897,#9898),
 .UNSPECIFIED.,.F.,.F.,(4,1,4),(0.,0.0370735415490315,0.0711960754811192),
 .UNSPECIFIED.);
#359=B_SPLINE_CURVE_WITH_KNOTS('',3,(#9901,#9902,#9903,#9904,#9905),
 .UNSPECIFIED.,.F.,.F.,(4,1,4),(0.,0.0370735415490315,0.0711960754811192),
 .UNSPECIFIED.);
#360=B_SPLINE_CURVE_WITH_KNOTS('',3,(#9923,#9924,#9925,#9926,#9927),
 .UNSPECIFIED.,.F.,.F.,(4,1,4),(0.,0.0340155665457237,0.0707482821346426),
 .UNSPECIFIED.);
#361=B_SPLINE_CURVE_WITH_KNOTS('',3,(#9930,#9931,#9932,#9933,#9934),
 .UNSPECIFIED.,.F.,.F.,(4,1,4),(0.,0.0340155665457237,0.0707482821346426),
 .UNSPECIFIED.);
#362=B_SPLINE_CURVE_WITH_KNOTS('',3,(#9946,#9947,#9948,#9949,#9950),
 .UNSPECIFIED.,.F.,.F.,(4,1,4),(0.,0.0335857187378438,0.0663858767344179),
 .UNSPECIFIED.);
#363=B_SPLINE_CURVE_WITH_KNOTS('',3,(#9953,#9954,#9955,#9956,#9957),
 .UNSPECIFIED.,.F.,.F.,(4,1,4),(0.,0.0335857187378438,0.0663858767344179),
 .UNSPECIFIED.);
#364=B_SPLINE_CURVE_WITH_KNOTS('',3,(#9969,#9970,#9971,#9972,#9973),
 .UNSPECIFIED.,.F.,.F.,(4,1,4),(0.,0.0408874405416763,0.0772695666118219),
 .UNSPECIFIED.);
#365=B_SPLINE_CURVE_WITH_KNOTS('',3,(#9976,#9977,#9978,#9979,#9980),
 .UNSPECIFIED.,.F.,.F.,(4,1,4),(0.,0.0408874405416763,0.0772695666118219),
 .UNSPECIFIED.);
#366=B_SPLINE_CURVE_WITH_KNOTS('',3,(#9992,#9993,#9994,#9995,#9996),
 .UNSPECIFIED.,.F.,.F.,(4,1,4),(0.,0.0366514084201284,0.0779369629520549),
 .UNSPECIFIED.);
#367=B_SPLINE_CURVE_WITH_KNOTS('',3,(#9999,#10000,#10001,#10002,#10003),
 .UNSPECIFIED.,.F.,.F.,(4,1,4),(0.,0.0366514084201284,0.0779369629520549),
 .UNSPECIFIED.);
#368=B_SPLINE_CURVE_WITH_KNOTS('',3,(#10015,#10016,#10017,#10018,#10019),
 .UNSPECIFIED.,.F.,.F.,(4,1,4),(0.,0.032731421822961,0.0664099072752459),
 .UNSPECIFIED.);
#369=B_SPLINE_CURVE_WITH_KNOTS('',3,(#10022,#10023,#10024,#10025,#10026),
 .UNSPECIFIED.,.F.,.F.,(4,1,4),(0.,0.032731421822961,0.0664099072752459),
 .UNSPECIFIED.);
#370=B_SPLINE_CURVE_WITH_KNOTS('',3,(#10038,#10039,#10040,#10041,#10042),
 .UNSPECIFIED.,.F.,.F.,(4,1,4),(0.,0.0367265287079923,0.0706820822137944),
 .UNSPECIFIED.);
#371=B_SPLINE_CURVE_WITH_KNOTS('',3,(#10045,#10046,#10047,#10048,#10049),
 .UNSPECIFIED.,.F.,.F.,(4,1,4),(0.,0.0367265287079923,0.0706820822137944),
 .UNSPECIFIED.);
#372=B_SPLINE_CURVE_WITH_KNOTS('',3,(#10067,#10068,#10069,#10070,#10071),
 .UNSPECIFIED.,.F.,.F.,(4,1,4),(0.,0.0340626265576128,0.0711300634731377),
 .UNSPECIFIED.);
#373=B_SPLINE_CURVE_WITH_KNOTS('',3,(#10074,#10075,#10076,#10077,#10078),
 .UNSPECIFIED.,.F.,.F.,(4,1,4),(0.,0.0340626265576128,0.0711300634731377),
 .UNSPECIFIED.);
#374=B_SPLINE_CURVE_WITH_KNOTS('',3,(#10090,#10091,#10092,#10093,#10094),
 .UNSPECIFIED.,.F.,.F.,(4,1,4),(0.,0.0336784681586716,0.0664099138110019),
 .UNSPECIFIED.);
#375=B_SPLINE_CURVE_WITH_KNOTS('',3,(#10097,#10098,#10099,#10100,#10101),
 .UNSPECIFIED.,.F.,.F.,(4,1,4),(0.,0.0336784681586716,0.0664099138110019),
 .UNSPECIFIED.);
#376=B_SPLINE_CURVE_WITH_KNOTS('',3,(#10113,#10114,#10115,#10116),
 .UNSPECIFIED.,.F.,.F.,(4,4),(0.,0.0531215569785539),.UNSPECIFIED.);
#377=B_SPLINE_CURVE_WITH_KNOTS('',3,(#10117,#10118,#10119,#10120,#10121),
 .UNSPECIFIED.,.F.,.F.,(4,1,4),(0.,0.0412855516032358,0.0779369699203073),
 .UNSPECIFIED.);
#378=B_SPLINE_CURVE_WITH_KNOTS('',3,(#10122,#10123,#10124,#10125),
 .UNSPECIFIED.,.F.,.F.,(4,4),(0.0533313126865427,0.0779369699203073),
 .UNSPECIFIED.);
#379=B_SPLINE_CURVE_WITH_KNOTS('',3,(#10139,#10140,#10141,#10142),
 .UNSPECIFIED.,.F.,.F.,(4,4),(0.,0.052634366926132),.UNSPECIFIED.);
#380=B_SPLINE_CURVE_WITH_KNOTS('',3,(#10144,#10145,#10146,#10147),
 .UNSPECIFIED.,.F.,.F.,(4,4),(0.,0.0244242775330273),.UNSPECIFIED.);
#381=B_SPLINE_CURVE_WITH_KNOTS('',3,(#10151,#10152,#10153,#10154,#10155),
 .UNSPECIFIED.,.F.,.F.,(4,1,4),(0.,0.0363821260701456,0.0772695666118219),
 .UNSPECIFIED.);
#382=B_SPLINE_CURVE_WITH_KNOTS('',3,(#10169,#10170,#10171,#10172,#10173),
 .UNSPECIFIED.,.F.,.F.,(4,1,4),(0.,0.0319244516578329,0.0573299267657158),
 .UNSPECIFIED.);
#383=B_SPLINE_CURVE_WITH_KNOTS('',3,(#10177,#10178,#10179,#10180,#10181),
 .UNSPECIFIED.,.F.,.F.,(4,1,4),(0.,0.0319244516578329,0.0573299267657158),
 .UNSPECIFIED.);
#384=B_SPLINE_CURVE_WITH_KNOTS('',3,(#10200,#10201,#10202,#10203,#10204),
 .UNSPECIFIED.,.F.,.F.,(4,1,4),(0.,0.0255086075111223,0.0577737016168283),
 .UNSPECIFIED.);
#385=B_SPLINE_CURVE_WITH_KNOTS('',3,(#10207,#10208,#10209,#10210,#10211),
 .UNSPECIFIED.,.F.,.F.,(4,1,4),(0.,0.0255086075111223,0.0577737016168283),
 .UNSPECIFIED.);
#386=B_SPLINE_CURVE_WITH_KNOTS('',3,(#10223,#10224,#10225,#10226,#10227),
 .UNSPECIFIED.,.F.,.F.,(4,1,4),(0.,0.0256777250058675,0.0485471231634307),
 .UNSPECIFIED.);
#387=B_SPLINE_CURVE_WITH_KNOTS('',3,(#10230,#10231,#10232,#10233,#10234),
 .UNSPECIFIED.,.F.,.F.,(4,1,4),(0.,0.0256777250058675,0.0485471231634307),
 .UNSPECIFIED.);
#388=B_SPLINE_CURVE_WITH_KNOTS('',3,(#10246,#10247,#10248,#10249,#10250),
 .UNSPECIFIED.,.F.,.F.,(4,1,4),(0.,0.0228695875979875,0.048547312603855),
 .UNSPECIFIED.);
#389=B_SPLINE_CURVE_WITH_KNOTS('',3,(#10253,#10254,#10255,#10256,#10257),
 .UNSPECIFIED.,.F.,.F.,(4,1,4),(0.,0.0228695875979875,0.048547312603855),
 .UNSPECIFIED.);
#390=B_SPLINE_CURVE_WITH_KNOTS('',3,(#10269,#10270,#10271,#10272,#10273),
 .UNSPECIFIED.,.F.,.F.,(4,1,4),(0.,0.0322650644954408,0.0577736989113806),
 .UNSPECIFIED.);
#391=B_SPLINE_CURVE_WITH_KNOTS('',3,(#10276,#10277,#10278,#10279,#10280),
 .UNSPECIFIED.,.F.,.F.,(4,1,4),(0.,0.0322650644954408,0.0577736989113806),
 .UNSPECIFIED.);
#392=B_SPLINE_CURVE_WITH_KNOTS('',3,(#10298,#10299,#10300,#10301,#10302),
 .UNSPECIFIED.,.F.,.F.,(4,1,4),(0.,0.0254053721459301,0.0573298511166597),
 .UNSPECIFIED.);
#393=B_SPLINE_CURVE_WITH_KNOTS('',3,(#10305,#10306,#10307,#10308,#10309),
 .UNSPECIFIED.,.F.,.F.,(4,1,4),(0.,0.0254053721459301,0.0573298511166597),
 .UNSPECIFIED.);
#394=B_SPLINE_CURVE_WITH_KNOTS('',3,(#10321,#10322,#10323,#10324,#10325),
 .UNSPECIFIED.,.F.,.F.,(4,1,4),(0.,0.0256777196337966,0.0485473253268452),
 .UNSPECIFIED.);
#395=B_SPLINE_CURVE_WITH_KNOTS('',3,(#10328,#10329,#10330,#10331,#10332),
 .UNSPECIFIED.,.F.,.F.,(4,1,4),(0.,0.0256777196337966,0.0485473253268452),
 .UNSPECIFIED.);
#396=B_SPLINE_CURVE_WITH_KNOTS('',3,(#10343,#10344,#10345,#10346,#10347),
 .UNSPECIFIED.,.F.,.F.,(4,1,4),(0.,0.0228694072051657,0.0485471295249935),
 .UNSPECIFIED.);
#397=B_SPLINE_CURVE_WITH_KNOTS('',3,(#10348,#10349,#10350,#10351,#10352),
 .UNSPECIFIED.,.F.,.F.,(4,1,4),(0.,0.0228694072051657,0.0485471295249935),
 .UNSPECIFIED.);
#398=B_SPLINE_CURVE_WITH_KNOTS('',3,(#10364,#10365,#10366,#10367,#10368),
 .UNSPECIFIED.,.F.,.F.,(4,1,4),(0.,0.0328003017115005,0.0663858265497672),
 .UNSPECIFIED.);
#399=B_SPLINE_CURVE_WITH_KNOTS('',3,(#10371,#10372,#10373,#10374,#10375),
 .UNSPECIFIED.,.F.,.F.,(4,1,4),(0.,0.0328003017115005,0.0663858265497672),
 .UNSPECIFIED.);
#400=B_SPLINE_CURVE_WITH_KNOTS('',3,(#10387,#10388,#10389,#10390,#10391),
 .UNSPECIFIED.,.F.,.F.,(4,1,4),(0.,0.0370735415490315,0.0711960754811192),
 .UNSPECIFIED.);
#401=B_SPLINE_CURVE_WITH_KNOTS('',3,(#10394,#10395,#10396,#10397,#10398),
 .UNSPECIFIED.,.F.,.F.,(4,1,4),(0.,0.0370735415490315,0.0711960754811192),
 .UNSPECIFIED.);
#402=B_SPLINE_CURVE_WITH_KNOTS('',3,(#10416,#10417,#10418,#10419,#10420),
 .UNSPECIFIED.,.F.,.F.,(4,1,4),(0.,0.0340154824366417,0.0707482239885233),
 .UNSPECIFIED.);
#403=B_SPLINE_CURVE_WITH_KNOTS('',3,(#10423,#10424,#10425,#10426,#10427),
 .UNSPECIFIED.,.F.,.F.,(4,1,4),(0.,0.0340154824366417,0.0707482239885233),
 .UNSPECIFIED.);
#404=B_SPLINE_CURVE_WITH_KNOTS('',3,(#10439,#10440,#10441,#10442,#10443),
 .UNSPECIFIED.,.F.,.F.,(4,1,4),(0.,0.0335855248382667,0.0663858265497672),
 .UNSPECIFIED.);
#405=B_SPLINE_CURVE_WITH_KNOTS('',3,(#10446,#10447,#10448,#10449,#10450),
 .UNSPECIFIED.,.F.,.F.,(4,1,4),(0.,0.0335855248382667,0.0663858265497672),
 .UNSPECIFIED.);
#406=B_SPLINE_CURVE_WITH_KNOTS('',3,(#10462,#10463,#10464,#10465,#10466),
 .UNSPECIFIED.,.F.,.F.,(4,1,4),(0.,0.0408874405416763,0.0772695666118219),
 .UNSPECIFIED.);
#407=B_SPLINE_CURVE_WITH_KNOTS('',3,(#10469,#10470,#10471,#10472,#10473),
 .UNSPECIFIED.,.F.,.F.,(4,1,4),(0.,0.0408874405416763,0.0772695666118219),
 .UNSPECIFIED.);
#408=B_SPLINE_CURVE_WITH_KNOTS('',3,(#10485,#10486,#10487,#10488,#10489),
 .UNSPECIFIED.,.F.,.F.,(4,1,4),(0.,0.0366514084201284,0.0779369629520549),
 .UNSPECIFIED.);
#409=B_SPLINE_CURVE_WITH_KNOTS('',3,(#10492,#10493,#10494,#10495,#10496),
 .UNSPECIFIED.,.F.,.F.,(4,1,4),(0.,0.0366514084201284,0.0779369629520549),
 .UNSPECIFIED.);
#410=B_SPLINE_CURVE_WITH_KNOTS('',3,(#10508,#10509,#10510,#10511,#10512),
 .UNSPECIFIED.,.F.,.F.,(4,1,4),(0.,0.032731421822961,0.0664099072752459),
 .UNSPECIFIED.);
#411=B_SPLINE_CURVE_WITH_KNOTS('',3,(#10515,#10516,#10517,#10518,#10519),
 .UNSPECIFIED.,.F.,.F.,(4,1,4),(0.,0.032731421822961,0.0664099072752459),
 .UNSPECIFIED.);
#412=B_SPLINE_CURVE_WITH_KNOTS('',3,(#10531,#10532,#10533,#10534,#10535),
 .UNSPECIFIED.,.F.,.F.,(4,1,4),(0.,0.0367265543038693,0.0706820247539082),
 .UNSPECIFIED.);
#413=B_SPLINE_CURVE_WITH_KNOTS('',3,(#10538,#10539,#10540,#10541,#10542),
 .UNSPECIFIED.,.F.,.F.,(4,1,4),(0.,0.0367265543038693,0.0706820247539082),
 .UNSPECIFIED.);
#414=B_SPLINE_CURVE_WITH_KNOTS('',3,(#10560,#10561,#10562,#10563,#10564),
 .UNSPECIFIED.,.F.,.F.,(4,1,4),(0.,0.0340627093520951,0.0711301209071301),
 .UNSPECIFIED.);
#415=B_SPLINE_CURVE_WITH_KNOTS('',3,(#10567,#10568,#10569,#10570,#10571),
 .UNSPECIFIED.,.F.,.F.,(4,1,4),(0.,0.0340627093520951,0.0711301209071301),
 .UNSPECIFIED.);
#416=B_SPLINE_CURVE_WITH_KNOTS('',3,(#10583,#10584,#10585,#10586,#10587),
 .UNSPECIFIED.,.F.,.F.,(4,1,4),(0.,0.0336784681586716,0.0664099138110019),
 .UNSPECIFIED.);
#417=B_SPLINE_CURVE_WITH_KNOTS('',3,(#10590,#10591,#10592,#10593,#10594),
 .UNSPECIFIED.,.F.,.F.,(4,1,4),(0.,0.0336784681586716,0.0664099138110019),
 .UNSPECIFIED.);
#418=B_SPLINE_CURVE_WITH_KNOTS('',3,(#10606,#10607,#10608,#10609),
 .UNSPECIFIED.,.F.,.F.,(4,4),(0.,0.0531214009481724),.UNSPECIFIED.);
#419=B_SPLINE_CURVE_WITH_KNOTS('',3,(#10610,#10611,#10612,#10613,#10614),
 .UNSPECIFIED.,.F.,.F.,(4,1,4),(0.,0.041285314338664,0.0779369575438784),
 .UNSPECIFIED.);
#420=B_SPLINE_CURVE_WITH_KNOTS('',3,(#10615,#10616,#10617,#10618),
 .UNSPECIFIED.,.F.,.F.,(4,4),(0.0533311524231043,0.0779369575438784),
 .UNSPECIFIED.);
#421=B_SPLINE_CURVE_WITH_KNOTS('',3,(#10827,#10828,#10829,#10830),
 .UNSPECIFIED.,.F.,.F.,(4,4),(0.,0.0529812363359426),.UNSPECIFIED.);
#422=B_SPLINE_CURVE_WITH_KNOTS('',3,(#10832,#10833,#10834,#10835),
 .UNSPECIFIED.,.F.,.F.,(4,4),(0.,0.0159967858831304),.UNSPECIFIED.);
#423=B_SPLINE_CURVE_WITH_KNOTS('',3,(#10839,#10840,#10841,#10842,#10843),
 .UNSPECIFIED.,.F.,.F.,(4,1,4),(0.,0.0322654729359371,0.0691994474539889),
 .UNSPECIFIED.);
#424=B_SPLINE_CURVE_WITH_KNOTS('',3,(#10857,#10858,#10859,#10860,#10861),
 .UNSPECIFIED.,.F.,.F.,(4,1,4),(0.,0.0267694566948788,0.0562686901577272),
 .UNSPECIFIED.);
#425=B_SPLINE_CURVE_WITH_KNOTS('',3,(#10865,#10866,#10867,#10868,#10869),
 .UNSPECIFIED.,.F.,.F.,(4,1,4),(0.,0.0267694566948788,0.0562686901577272),
 .UNSPECIFIED.);
#426=B_SPLINE_CURVE_WITH_KNOTS('',3,(#10882,#10883,#10884,#10885,#10886),
 .UNSPECIFIED.,.F.,.F.,(4,1,4),(0.,0.0246317403599294,0.049559197471275),
 .UNSPECIFIED.);
#427=B_SPLINE_CURVE_WITH_KNOTS('',3,(#10889,#10890,#10891,#10892,#10893),
 .UNSPECIFIED.,.F.,.F.,(4,1,4),(0.,0.0246317403599294,0.049559197471275),
 .UNSPECIFIED.);
#428=B_SPLINE_CURVE_WITH_KNOTS('',3,(#10911,#10912,#10913,#10914,#10915),
 .UNSPECIFIED.,.F.,.F.,(4,1,4),(0.,0.0257856087646654,0.0523117988269348),
 .UNSPECIFIED.);
#429=B_SPLINE_CURVE_WITH_KNOTS('',3,(#10918,#10919,#10920,#10921,#10922),
 .UNSPECIFIED.,.F.,.F.,(4,1,4),(0.,0.0257856087646654,0.0523117988269348),
 .UNSPECIFIED.);
#430=B_SPLINE_CURVE_WITH_KNOTS('',3,(#10934,#10935,#10936,#10937,#10938),
 .UNSPECIFIED.,.F.,.F.,(4,1,4),(0.,0.0269889219341658,0.0537801447503469),
 .UNSPECIFIED.);
#431=B_SPLINE_CURVE_WITH_KNOTS('',3,(#10941,#10942,#10943,#10944,#10945),
 .UNSPECIFIED.,.F.,.F.,(4,1,4),(0.,0.0269889219341658,0.0537801447503469),
 .UNSPECIFIED.);
#432=B_SPLINE_CURVE_WITH_KNOTS('',3,(#10957,#10958,#10959,#10960,#10961),
 .UNSPECIFIED.,.F.,.F.,(4,1,4),(0.,0.02331680015706,0.0475024857719185),
 .UNSPECIFIED.);
#433=B_SPLINE_CURVE_WITH_KNOTS('',3,(#10964,#10965,#10966,#10967,#10968),
 .UNSPECIFIED.,.F.,.F.,(4,1,4),(0.,0.02331680015706,0.0475024857719185),
 .UNSPECIFIED.);
#434=B_SPLINE_CURVE_WITH_KNOTS('',3,(#10980,#10981,#10982,#10983,#10984),
 .UNSPECIFIED.,.F.,.F.,(4,1,4),(0.,0.0196601456700565,0.0411704569493603),
 .UNSPECIFIED.);
#435=B_SPLINE_CURVE_WITH_KNOTS('',3,(#10987,#10988,#10989,#10990,#10991),
 .UNSPECIFIED.,.F.,.F.,(4,1,4),(0.,0.0196601456700565,0.0411704569493603),
 .UNSPECIFIED.);
#436=B_SPLINE_CURVE_WITH_KNOTS('',3,(#11009,#11010,#11011,#11012,#11013),
 .UNSPECIFIED.,.F.,.F.,(4,1,4),(0.,0.0219154709238144,0.0434848883023071),
 .UNSPECIFIED.);
#437=B_SPLINE_CURVE_WITH_KNOTS('',3,(#11016,#11017,#11018,#11019,#11020),
 .UNSPECIFIED.,.F.,.F.,(4,1,4),(0.,0.0219154709238144,0.0434848883023071),
 .UNSPECIFIED.);
#438=B_SPLINE_CURVE_WITH_KNOTS('',3,(#11032,#11033,#11034,#11035,#11036),
 .UNSPECIFIED.,.F.,.F.,(4,1,4),(0.,0.0259675718238278,0.0495495797818444),
 .UNSPECIFIED.);
#439=B_SPLINE_CURVE_WITH_KNOTS('',3,(#11039,#11040,#11041,#11042,#11043),
 .UNSPECIFIED.,.F.,.F.,(4,1,4),(0.,0.0259675718238278,0.0495495797818444),
 .UNSPECIFIED.);
#440=B_SPLINE_CURVE_WITH_KNOTS('',3,(#11055,#11056,#11057,#11058),
 .UNSPECIFIED.,.F.,.F.,(4,4),(0.,0.0493617471518848),.UNSPECIFIED.);
#441=B_SPLINE_CURVE_WITH_KNOTS('',3,(#11059,#11060,#11061,#11062,#11063),
 .UNSPECIFIED.,.F.,.F.,(4,1,4),(0.,0.030219056812428,0.058500618177246),
 .UNSPECIFIED.);
#442=B_SPLINE_CURVE_WITH_KNOTS('',3,(#11064,#11065,#11066,#11067),
 .UNSPECIFIED.,.F.,.F.,(4,4),(0.0495553083990203,0.058500618177246),
 .UNSPECIFIED.);
#443=B_SPLINE_CURVE_WITH_KNOTS('',3,(#11079,#11080,#11081,#11082,#11083),
 .UNSPECIFIED.,.F.,.F.,(4,1,4),(0.,0.0319951547534724,0.0627841271739229),
 .UNSPECIFIED.);
#444=B_SPLINE_CURVE_WITH_KNOTS('',3,(#11086,#11087,#11088,#11089,#11090),
 .UNSPECIFIED.,.F.,.F.,(4,1,4),(0.,0.0319951547534724,0.0627841271739229),
 .UNSPECIFIED.);
#445=B_SPLINE_CURVE_WITH_KNOTS('',3,(#11108,#11109,#11110,#11111,#11112),
 .UNSPECIFIED.,.F.,.F.,(4,1,4),(0.,0.0197605213518223,0.0422140894467609),
 .UNSPECIFIED.);
#446=B_SPLINE_CURVE_WITH_KNOTS('',3,(#11115,#11116,#11117,#11118,#11119),
 .UNSPECIFIED.,.F.,.F.,(4,1,4),(0.,0.0197605213518223,0.0422140894467609),
 .UNSPECIFIED.);
#447=B_SPLINE_CURVE_WITH_KNOTS('',3,(#11131,#11132,#11133,#11134,#11135),
 .UNSPECIFIED.,.F.,.F.,(4,1,4),(0.,0.0187296245605888,0.0371611760108756),
 .UNSPECIFIED.);
#448=B_SPLINE_CURVE_WITH_KNOTS('',3,(#11138,#11139,#11140,#11141,#11142),
 .UNSPECIFIED.,.F.,.F.,(4,1,4),(0.,0.0187296245605888,0.0371611760108756),
 .UNSPECIFIED.);
#449=B_SPLINE_CURVE_WITH_KNOTS('',3,(#11154,#11155,#11156,#11157,#11158),
 .UNSPECIFIED.,.F.,.F.,(4,1,4),(0.,0.01540452486805,0.0336352576553356),
 .UNSPECIFIED.);
#450=B_SPLINE_CURVE_WITH_KNOTS('',3,(#11161,#11162,#11163,#11164,#11165),
 .UNSPECIFIED.,.F.,.F.,(4,1,4),(0.,0.01540452486805,0.0336352576553356),
 .UNSPECIFIED.);
#451=B_SPLINE_CURVE_WITH_KNOTS('',3,(#11177,#11178,#11179,#11180,#11181),
 .UNSPECIFIED.,.F.,.F.,(4,1,4),(0.,0.0147150253355537,0.028438944157483),
 .UNSPECIFIED.);
#452=B_SPLINE_CURVE_WITH_KNOTS('',3,(#11184,#11185,#11186,#11187,#11188),
 .UNSPECIFIED.,.F.,.F.,(4,1,4),(0.,0.0147150253355537,0.028438944157483),
 .UNSPECIFIED.);
#453=B_SPLINE_CURVE_WITH_KNOTS('',3,(#11206,#11207,#11208,#11209,#11210),
 .UNSPECIFIED.,.F.,.F.,(4,1,4),(0.,0.0153679227770655,0.0314729005699997),
 .UNSPECIFIED.);
#454=B_SPLINE_CURVE_WITH_KNOTS('',3,(#11213,#11214,#11215,#11216,#11217),
 .UNSPECIFIED.,.F.,.F.,(4,1,4),(0.,0.0153679227770655,0.0314729005699997),
 .UNSPECIFIED.);
#455=B_SPLINE_CURVE_WITH_KNOTS('',3,(#11229,#11230,#11231,#11232,#11233),
 .UNSPECIFIED.,.F.,.F.,(4,1,4),(0.,0.0196391968900254,0.0372057554885602),
 .UNSPECIFIED.);
#456=B_SPLINE_CURVE_WITH_KNOTS('',3,(#11236,#11237,#11238,#11239,#11240),
 .UNSPECIFIED.,.F.,.F.,(4,1,4),(0.,0.0196391968900254,0.0372057554885602),
 .UNSPECIFIED.);
#457=B_SPLINE_CURVE_WITH_KNOTS('',3,(#11270,#11271,#11272,#11273,#11274),
 .UNSPECIFIED.,.F.,.F.,(4,1,4),(0.,0.0209795340621886,0.0432626770576338),
 .UNSPECIFIED.);
#458=B_SPLINE_CURVE_WITH_KNOTS('',3,(#11277,#11278,#11279,#11280,#11281),
 .UNSPECIFIED.,.F.,.F.,(4,1,4),(0.,0.0209795340621886,0.0432626770576338),
 .UNSPECIFIED.);
#459=B_SPLINE_CURVE_WITH_KNOTS('',3,(#11293,#11294,#11295,#11296,#11297),
 .UNSPECIFIED.,.F.,.F.,(4,1,4),(0.,0.0199300703049594,0.038674789617195),
 .UNSPECIFIED.);
#460=B_SPLINE_CURVE_WITH_KNOTS('',3,(#11300,#11301,#11302,#11303,#11304),
 .UNSPECIFIED.,.F.,.F.,(4,1,4),(0.,0.0199300703049594,0.038674789617195),
 .UNSPECIFIED.);
#461=B_SPLINE_CURVE_WITH_KNOTS('',3,(#11322,#11323,#11324,#11325,#11326),
 .UNSPECIFIED.,.F.,.F.,(4,1,4),(0.,0.0169706602902516,0.0356298024607474),
 .UNSPECIFIED.);
#462=B_SPLINE_CURVE_WITH_KNOTS('',3,(#11329,#11330,#11331,#11332,#11333),
 .UNSPECIFIED.,.F.,.F.,(4,1,4),(0.,0.0169706602902516,0.0356298024607474),
 .UNSPECIFIED.);
#463=B_SPLINE_CURVE_WITH_KNOTS('',3,(#11345,#11346,#11347,#11348,#11349),
 .UNSPECIFIED.,.F.,.F.,(4,1,4),(0.,0.0223703189549265,0.0412562669388091),
 .UNSPECIFIED.);
#464=B_SPLINE_CURVE_WITH_KNOTS('',3,(#11352,#11353,#11354,#11355,#11356),
 .UNSPECIFIED.,.F.,.F.,(4,1,4),(0.,0.0223703189549265,0.0412562669388091),
 .UNSPECIFIED.);
#465=B_SPLINE_CURVE_WITH_KNOTS('',3,(#11368,#11369,#11370,#11371,#11372),
 .UNSPECIFIED.,.F.,.F.,(4,1,4),(0.,0.0424687930840839,0.0824589937117839),
 .UNSPECIFIED.);
#466=B_SPLINE_CURVE_WITH_KNOTS('',3,(#11375,#11376,#11377,#11378,#11379),
 .UNSPECIFIED.,.F.,.F.,(4,1,4),(0.,0.0424687930840839,0.0824589937117839),
 .UNSPECIFIED.);
#467=B_SPLINE_CURVE_WITH_KNOTS('',3,(#11397,#11398,#11399,#11400,#11401),
 .UNSPECIFIED.,.F.,.F.,(4,1,4),(0.,0.0311147618953702,0.0625265305226873),
 .UNSPECIFIED.);
#468=B_SPLINE_CURVE_WITH_KNOTS('',3,(#11404,#11405,#11406,#11407,#11408),
 .UNSPECIFIED.,.F.,.F.,(4,1,4),(0.,0.0311147618953702,0.0625265305226873),
 .UNSPECIFIED.);
#469=B_SPLINE_CURVE_WITH_KNOTS('',3,(#11420,#11421,#11422,#11423,#11424),
 .UNSPECIFIED.,.F.,.F.,(4,1,4),(0.,0.0391690385109858,0.0727327283012395),
 .UNSPECIFIED.);
#470=B_SPLINE_CURVE_WITH_KNOTS('',3,(#11427,#11428,#11429,#11430,#11431),
 .UNSPECIFIED.,.F.,.F.,(4,1,4),(0.,0.0391690385109858,0.0727327283012395),
 .UNSPECIFIED.);
#471=B_SPLINE_CURVE_WITH_KNOTS('',3,(#11442,#11443,#11444,#11445,#11446),
 .UNSPECIFIED.,.F.,.F.,(4,1,4),(0.,0.0322917774947196,0.0671566546472463),
 .UNSPECIFIED.);
#472=B_SPLINE_CURVE_WITH_KNOTS('',3,(#11447,#11448,#11449,#11450,#11451),
 .UNSPECIFIED.,.F.,.F.,(4,1,4),(0.,0.0322917774947196,0.0671566546472463),
 .UNSPECIFIED.);
#473=B_SPLINE_CURVE_WITH_KNOTS('',3,(#11480,#11481,#11482,#11483,#11484),
 .UNSPECIFIED.,.F.,.F.,(4,1,4),(5.26635178850171E-17,0.0805762457860709,
0.161152491572142),.UNSPECIFIED.);
#474=B_SPLINE_CURVE_WITH_KNOTS('',3,(#11492,#11493,#11494,#11495,#11496),
 .UNSPECIFIED.,.F.,.F.,(4,1,4),(0.,0.0805762329716992,0.161152465943398),
 .UNSPECIFIED.);
#475=B_SPLINE_CURVE_WITH_KNOTS('',3,(#11559,#11560,#11561,#11562,#11563),
 .UNSPECIFIED.,.F.,.F.,(4,1,4),(6.75230743873548E-16,0.0805766228159201,
0.16115324563184),.UNSPECIFIED.);
#476=B_SPLINE_CURVE_WITH_KNOTS('',3,(#11635,#11636,#11637,#11638,#11639),
 .UNSPECIFIED.,.F.,.F.,(4,1,4),(6.50521303491553E-18,0.0805766228159206,
0.161153245631841),.UNSPECIFIED.);
#477=CYLINDRICAL_SURFACE('',#6173,2.);
#478=CYLINDRICAL_SURFACE('',#6181,2.);
#479=CYLINDRICAL_SURFACE('',#6186,2.);
#480=CYLINDRICAL_SURFACE('',#6271,0.5);
#481=CYLINDRICAL_SURFACE('',#6279,2.);
#482=CYLINDRICAL_SURFACE('',#6282,2.);
#483=CYLINDRICAL_SURFACE('',#6284,3.);
#484=CYLINDRICAL_SURFACE('',#6286,4.5);
#485=CYLINDRICAL_SURFACE('',#6288,3.);
#486=CYLINDRICAL_SURFACE('',#6299,0.5);
#487=CYLINDRICAL_SURFACE('',#6304,0.5);
#488=CYLINDRICAL_SURFACE('',#6314,0.5);
#489=CYLINDRICAL_SURFACE('',#6319,2.);
#490=CYLINDRICAL_SURFACE('',#6320,2.);
#491=CYLINDRICAL_SURFACE('',#6325,0.5);
#492=CYLINDRICAL_SURFACE('',#6330,0.5);
#493=CYLINDRICAL_SURFACE('',#6335,0.5);
#494=CYLINDRICAL_SURFACE('',#6341,0.5);
#495=CYLINDRICAL_SURFACE('',#6342,2.);
#496=CYLINDRICAL_SURFACE('',#6355,4.99999999999999);
#497=CYLINDRICAL_SURFACE('',#6357,1.5);
#498=CYLINDRICAL_SURFACE('',#6359,1.6);
#499=CYLINDRICAL_SURFACE('',#6361,0.999999999999988);
#500=CYLINDRICAL_SURFACE('',#6363,0.999999999999996);
#501=CYLINDRICAL_SURFACE('',#6366,5.);
#502=CYLINDRICAL_SURFACE('',#6369,1.5);
#503=CYLINDRICAL_SURFACE('',#6372,3.5);
#504=CYLINDRICAL_SURFACE('',#6375,1.5);
#505=CYLINDRICAL_SURFACE('',#6378,6.5);
#506=CYLINDRICAL_SURFACE('',#6382,1.5);
#507=CYLINDRICAL_SURFACE('',#6387,0.999999999999996);
#508=CYLINDRICAL_SURFACE('',#6392,0.5);
#509=CYLINDRICAL_SURFACE('',#6399,0.5);
#510=CYLINDRICAL_SURFACE('',#6404,3.00000000000001);
#511=CYLINDRICAL_SURFACE('',#6416,3.);
#512=CYLINDRICAL_SURFACE('',#6428,0.5);
#513=CYLINDRICAL_SURFACE('',#6433,0.5);
#514=CYLINDRICAL_SURFACE('',#6438,0.5);
#515=CYLINDRICAL_SURFACE('',#6443,0.5);
#516=CYLINDRICAL_SURFACE('',#6445,2.);
#517=CYLINDRICAL_SURFACE('',#6448,2.);
#518=CYLINDRICAL_SURFACE('',#6450,2.);
#519=CYLINDRICAL_SURFACE('',#6453,2.);
#520=CYLINDRICAL_SURFACE('',#6458,1.6);
#521=CYLINDRICAL_SURFACE('',#6461,1.6);
#522=CYLINDRICAL_SURFACE('',#6464,1.6);
#523=FACE_BOUND('',#877,.T.);
#524=FACE_BOUND('',#1016,.T.);
#525=FACE_BOUND('',#1042,.T.);
#526=FACE_BOUND('',#1139,.T.);
#527=FACE_BOUND('',#1140,.T.);
#528=FACE_BOUND('',#1141,.T.);
#529=FACE_BOUND('',#1142,.T.);
#530=FACE_BOUND('',#1157,.T.);
#531=FACE_BOUND('',#1169,.T.);
#532=FACE_BOUND('',#1173,.T.);
#533=FACE_BOUND('',#1180,.T.);
#534=FACE_BOUND('',#1190,.T.);
#535=FACE_BOUND('',#1191,.T.);
#536=FACE_BOUND('',#1192,.T.);
#537=FACE_BOUND('',#1193,.T.);
#538=FACE_BOUND('',#1197,.T.);
#539=FACE_BOUND('',#1198,.T.);
#540=FACE_BOUND('',#1199,.T.);
#541=FACE_BOUND('',#1200,.T.);
#542=FACE_BOUND('',#1228,.T.);
#543=FACE_OUTER_BOUND('',#876,.T.);
#544=FACE_OUTER_BOUND('',#878,.T.);
#545=FACE_OUTER_BOUND('',#879,.T.);
#546=FACE_OUTER_BOUND('',#880,.T.);
#547=FACE_OUTER_BOUND('',#881,.T.);
#548=FACE_OUTER_BOUND('',#882,.T.);
#549=FACE_OUTER_BOUND('',#883,.T.);
#550=FACE_OUTER_BOUND('',#884,.T.);
#551=FACE_OUTER_BOUND('',#885,.T.);
#552=FACE_OUTER_BOUND('',#886,.T.);
#553=FACE_OUTER_BOUND('',#887,.T.);
#554=FACE_OUTER_BOUND('',#888,.T.);
#555=FACE_OUTER_BOUND('',#889,.T.);
#556=FACE_OUTER_BOUND('',#890,.T.);
#557=FACE_OUTER_BOUND('',#891,.T.);
#558=FACE_OUTER_BOUND('',#892,.T.);
#559=FACE_OUTER_BOUND('',#893,.T.);
#560=FACE_OUTER_BOUND('',#894,.T.);
#561=FACE_OUTER_BOUND('',#895,.T.);
#562=FACE_OUTER_BOUND('',#896,.T.);
#563=FACE_OUTER_BOUND('',#897,.T.);
#564=FACE_OUTER_BOUND('',#898,.T.);
#565=FACE_OUTER_BOUND('',#899,.T.);
#566=FACE_OUTER_BOUND('',#900,.T.);
#567=FACE_OUTER_BOUND('',#901,.T.);
#568=FACE_OUTER_BOUND('',#902,.T.);
#569=FACE_OUTER_BOUND('',#903,.T.);
#570=FACE_OUTER_BOUND('',#904,.T.);
#571=FACE_OUTER_BOUND('',#905,.T.);
#572=FACE_OUTER_BOUND('',#906,.T.);
#573=FACE_OUTER_BOUND('',#907,.T.);
#574=FACE_OUTER_BOUND('',#908,.T.);
#575=FACE_OUTER_BOUND('',#909,.T.);
#576=FACE_OUTER_BOUND('',#910,.T.);
#577=FACE_OUTER_BOUND('',#911,.T.);
#578=FACE_OUTER_BOUND('',#912,.T.);
#579=FACE_OUTER_BOUND('',#913,.T.);
#580=FACE_OUTER_BOUND('',#914,.T.);
#581=FACE_OUTER_BOUND('',#915,.T.);
#582=FACE_OUTER_BOUND('',#916,.T.);
#583=FACE_OUTER_BOUND('',#917,.T.);
#584=FACE_OUTER_BOUND('',#918,.T.);
#585=FACE_OUTER_BOUND('',#919,.T.);
#586=FACE_OUTER_BOUND('',#920,.T.);
#587=FACE_OUTER_BOUND('',#921,.T.);
#588=FACE_OUTER_BOUND('',#922,.T.);
#589=FACE_OUTER_BOUND('',#923,.T.);
#590=FACE_OUTER_BOUND('',#924,.T.);
#591=FACE_OUTER_BOUND('',#925,.T.);
#592=FACE_OUTER_BOUND('',#926,.T.);
#593=FACE_OUTER_BOUND('',#927,.T.);
#594=FACE_OUTER_BOUND('',#928,.T.);
#595=FACE_OUTER_BOUND('',#929,.T.);
#596=FACE_OUTER_BOUND('',#930,.T.);
#597=FACE_OUTER_BOUND('',#931,.T.);
#598=FACE_OUTER_BOUND('',#932,.T.);
#599=FACE_OUTER_BOUND('',#933,.T.);
#600=FACE_OUTER_BOUND('',#934,.T.);
#601=FACE_OUTER_BOUND('',#935,.T.);
#602=FACE_OUTER_BOUND('',#936,.T.);
#603=FACE_OUTER_BOUND('',#937,.T.);
#604=FACE_OUTER_BOUND('',#938,.T.);
#605=FACE_OUTER_BOUND('',#939,.T.);
#606=FACE_OUTER_BOUND('',#940,.T.);
#607=FACE_OUTER_BOUND('',#941,.T.);
#608=FACE_OUTER_BOUND('',#942,.T.);
#609=FACE_OUTER_BOUND('',#943,.T.);
#610=FACE_OUTER_BOUND('',#944,.T.);
#611=FACE_OUTER_BOUND('',#945,.T.);
#612=FACE_OUTER_BOUND('',#946,.T.);
#613=FACE_OUTER_BOUND('',#947,.T.);
#614=FACE_OUTER_BOUND('',#948,.T.);
#615=FACE_OUTER_BOUND('',#949,.T.);
#616=FACE_OUTER_BOUND('',#950,.T.);
#617=FACE_OUTER_BOUND('',#951,.T.);
#618=FACE_OUTER_BOUND('',#952,.T.);
#619=FACE_OUTER_BOUND('',#953,.T.);
#620=FACE_OUTER_BOUND('',#954,.T.);
#621=FACE_OUTER_BOUND('',#955,.T.);
#622=FACE_OUTER_BOUND('',#956,.T.);
#623=FACE_OUTER_BOUND('',#957,.T.);
#624=FACE_OUTER_BOUND('',#958,.T.);
#625=FACE_OUTER_BOUND('',#959,.T.);
#626=FACE_OUTER_BOUND('',#960,.T.);
#627=FACE_OUTER_BOUND('',#961,.T.);
#628=FACE_OUTER_BOUND('',#962,.T.);
#629=FACE_OUTER_BOUND('',#963,.T.);
#630=FACE_OUTER_BOUND('',#964,.T.);
#631=FACE_OUTER_BOUND('',#965,.T.);
#632=FACE_OUTER_BOUND('',#966,.T.);
#633=FACE_OUTER_BOUND('',#967,.T.);
#634=FACE_OUTER_BOUND('',#968,.T.);
#635=FACE_OUTER_BOUND('',#969,.T.);
#636=FACE_OUTER_BOUND('',#970,.T.);
#637=FACE_OUTER_BOUND('',#971,.T.);
#638=FACE_OUTER_BOUND('',#972,.T.);
#639=FACE_OUTER_BOUND('',#973,.T.);
#640=FACE_OUTER_BOUND('',#974,.T.);
#641=FACE_OUTER_BOUND('',#975,.T.);
#642=FACE_OUTER_BOUND('',#976,.T.);
#643=FACE_OUTER_BOUND('',#977,.T.);
#644=FACE_OUTER_BOUND('',#978,.T.);
#645=FACE_OUTER_BOUND('',#979,.T.);
#646=FACE_OUTER_BOUND('',#980,.T.);
#647=FACE_OUTER_BOUND('',#981,.T.);
#648=FACE_OUTER_BOUND('',#982,.T.);
#649=FACE_OUTER_BOUND('',#983,.T.);
#650=FACE_OUTER_BOUND('',#984,.T.);
#651=FACE_OUTER_BOUND('',#985,.T.);
#652=FACE_OUTER_BOUND('',#986,.T.);
#653=FACE_OUTER_BOUND('',#987,.T.);
#654=FACE_OUTER_BOUND('',#988,.T.);
#655=FACE_OUTER_BOUND('',#989,.T.);
#656=FACE_OUTER_BOUND('',#990,.T.);
#657=FACE_OUTER_BOUND('',#991,.T.);
#658=FACE_OUTER_BOUND('',#992,.T.);
#659=FACE_OUTER_BOUND('',#993,.T.);
#660=FACE_OUTER_BOUND('',#994,.T.);
#661=FACE_OUTER_BOUND('',#995,.T.);
#662=FACE_OUTER_BOUND('',#996,.T.);
#663=FACE_OUTER_BOUND('',#997,.T.);
#664=FACE_OUTER_BOUND('',#998,.T.);
#665=FACE_OUTER_BOUND('',#999,.T.);
#666=FACE_OUTER_BOUND('',#1000,.T.);
#667=FACE_OUTER_BOUND('',#1001,.T.);
#668=FACE_OUTER_BOUND('',#1002,.T.);
#669=FACE_OUTER_BOUND('',#1003,.T.);
#670=FACE_OUTER_BOUND('',#1004,.T.);
#671=FACE_OUTER_BOUND('',#1005,.T.);
#672=FACE_OUTER_BOUND('',#1006,.T.);
#673=FACE_OUTER_BOUND('',#1007,.T.);
#674=FACE_OUTER_BOUND('',#1008,.T.);
#675=FACE_OUTER_BOUND('',#1009,.T.);
#676=FACE_OUTER_BOUND('',#1010,.T.);
#677=FACE_OUTER_BOUND('',#1011,.T.);
#678=FACE_OUTER_BOUND('',#1012,.T.);
#679=FACE_OUTER_BOUND('',#1013,.T.);
#680=FACE_OUTER_BOUND('',#1014,.T.);
#681=FACE_OUTER_BOUND('',#1015,.T.);
#682=FACE_OUTER_BOUND('',#1017,.T.);
#683=FACE_OUTER_BOUND('',#1018,.T.);
#684=FACE_OUTER_BOUND('',#1019,.T.);
#685=FACE_OUTER_BOUND('',#1020,.T.);
#686=FACE_OUTER_BOUND('',#1021,.T.);
#687=FACE_OUTER_BOUND('',#1022,.T.);
#688=FACE_OUTER_BOUND('',#1023,.T.);
#689=FACE_OUTER_BOUND('',#1024,.T.);
#690=FACE_OUTER_BOUND('',#1025,.T.);
#691=FACE_OUTER_BOUND('',#1026,.T.);
#692=FACE_OUTER_BOUND('',#1027,.T.);
#693=FACE_OUTER_BOUND('',#1028,.T.);
#694=FACE_OUTER_BOUND('',#1029,.T.);
#695=FACE_OUTER_BOUND('',#1030,.T.);
#696=FACE_OUTER_BOUND('',#1031,.T.);
#697=FACE_OUTER_BOUND('',#1032,.T.);
#698=FACE_OUTER_BOUND('',#1033,.T.);
#699=FACE_OUTER_BOUND('',#1034,.T.);
#700=FACE_OUTER_BOUND('',#1035,.T.);
#701=FACE_OUTER_BOUND('',#1036,.T.);
#702=FACE_OUTER_BOUND('',#1037,.T.);
#703=FACE_OUTER_BOUND('',#1038,.T.);
#704=FACE_OUTER_BOUND('',#1039,.T.);
#705=FACE_OUTER_BOUND('',#1040,.T.);
#706=FACE_OUTER_BOUND('',#1041,.T.);
#707=FACE_OUTER_BOUND('',#1043,.T.);
#708=FACE_OUTER_BOUND('',#1044,.T.);
#709=FACE_OUTER_BOUND('',#1045,.T.);
#710=FACE_OUTER_BOUND('',#1046,.T.);
#711=FACE_OUTER_BOUND('',#1047,.T.);
#712=FACE_OUTER_BOUND('',#1048,.T.);
#713=FACE_OUTER_BOUND('',#1049,.T.);
#714=FACE_OUTER_BOUND('',#1050,.T.);
#715=FACE_OUTER_BOUND('',#1051,.T.);
#716=FACE_OUTER_BOUND('',#1052,.T.);
#717=FACE_OUTER_BOUND('',#1053,.T.);
#718=FACE_OUTER_BOUND('',#1054,.T.);
#719=FACE_OUTER_BOUND('',#1055,.T.);
#720=FACE_OUTER_BOUND('',#1056,.T.);
#721=FACE_OUTER_BOUND('',#1057,.T.);
#722=FACE_OUTER_BOUND('',#1058,.T.);
#723=FACE_OUTER_BOUND('',#1059,.T.);
#724=FACE_OUTER_BOUND('',#1060,.T.);
#725=FACE_OUTER_BOUND('',#1061,.T.);
#726=FACE_OUTER_BOUND('',#1062,.T.);
#727=FACE_OUTER_BOUND('',#1063,.T.);
#728=FACE_OUTER_BOUND('',#1064,.T.);
#729=FACE_OUTER_BOUND('',#1065,.T.);
#730=FACE_OUTER_BOUND('',#1066,.T.);
#731=FACE_OUTER_BOUND('',#1067,.T.);
#732=FACE_OUTER_BOUND('',#1068,.T.);
#733=FACE_OUTER_BOUND('',#1069,.T.);
#734=FACE_OUTER_BOUND('',#1070,.T.);
#735=FACE_OUTER_BOUND('',#1071,.T.);
#736=FACE_OUTER_BOUND('',#1072,.T.);
#737=FACE_OUTER_BOUND('',#1073,.T.);
#738=FACE_OUTER_BOUND('',#1074,.T.);
#739=FACE_OUTER_BOUND('',#1075,.T.);
#740=FACE_OUTER_BOUND('',#1076,.T.);
#741=FACE_OUTER_BOUND('',#1077,.T.);
#742=FACE_OUTER_BOUND('',#1078,.T.);
#743=FACE_OUTER_BOUND('',#1079,.T.);
#744=FACE_OUTER_BOUND('',#1080,.T.);
#745=FACE_OUTER_BOUND('',#1081,.T.);
#746=FACE_OUTER_BOUND('',#1082,.T.);
#747=FACE_OUTER_BOUND('',#1083,.T.);
#748=FACE_OUTER_BOUND('',#1084,.T.);
#749=FACE_OUTER_BOUND('',#1085,.T.);
#750=FACE_OUTER_BOUND('',#1086,.T.);
#751=FACE_OUTER_BOUND('',#1087,.T.);
#752=FACE_OUTER_BOUND('',#1088,.T.);
#753=FACE_OUTER_BOUND('',#1089,.T.);
#754=FACE_OUTER_BOUND('',#1090,.T.);
#755=FACE_OUTER_BOUND('',#1091,.T.);
#756=FACE_OUTER_BOUND('',#1092,.T.);
#757=FACE_OUTER_BOUND('',#1093,.T.);
#758=FACE_OUTER_BOUND('',#1094,.T.);
#759=FACE_OUTER_BOUND('',#1095,.T.);
#760=FACE_OUTER_BOUND('',#1096,.T.);
#761=FACE_OUTER_BOUND('',#1097,.T.);
#762=FACE_OUTER_BOUND('',#1098,.T.);
#763=FACE_OUTER_BOUND('',#1099,.T.);
#764=FACE_OUTER_BOUND('',#1100,.T.);
#765=FACE_OUTER_BOUND('',#1101,.T.);
#766=FACE_OUTER_BOUND('',#1102,.T.);
#767=FACE_OUTER_BOUND('',#1103,.T.);
#768=FACE_OUTER_BOUND('',#1104,.T.);
#769=FACE_OUTER_BOUND('',#1105,.T.);
#770=FACE_OUTER_BOUND('',#1106,.T.);
#771=FACE_OUTER_BOUND('',#1107,.T.);
#772=FACE_OUTER_BOUND('',#1108,.T.);
#773=FACE_OUTER_BOUND('',#1109,.T.);
#774=FACE_OUTER_BOUND('',#1110,.T.);
#775=FACE_OUTER_BOUND('',#1111,.T.);
#776=FACE_OUTER_BOUND('',#1112,.T.);
#777=FACE_OUTER_BOUND('',#1113,.T.);
#778=FACE_OUTER_BOUND('',#1114,.T.);
#779=FACE_OUTER_BOUND('',#1115,.T.);
#780=FACE_OUTER_BOUND('',#1116,.T.);
#781=FACE_OUTER_BOUND('',#1117,.T.);
#782=FACE_OUTER_BOUND('',#1118,.T.);
#783=FACE_OUTER_BOUND('',#1119,.T.);
#784=FACE_OUTER_BOUND('',#1120,.T.);
#785=FACE_OUTER_BOUND('',#1121,.T.);
#786=FACE_OUTER_BOUND('',#1122,.T.);
#787=FACE_OUTER_BOUND('',#1123,.T.);
#788=FACE_OUTER_BOUND('',#1124,.T.);
#789=FACE_OUTER_BOUND('',#1125,.T.);
#790=FACE_OUTER_BOUND('',#1126,.T.);
#791=FACE_OUTER_BOUND('',#1127,.T.);
#792=FACE_OUTER_BOUND('',#1128,.T.);
#793=FACE_OUTER_BOUND('',#1129,.T.);
#794=FACE_OUTER_BOUND('',#1130,.T.);
#795=FACE_OUTER_BOUND('',#1131,.T.);
#796=FACE_OUTER_BOUND('',#1132,.T.);
#797=FACE_OUTER_BOUND('',#1133,.T.);
#798=FACE_OUTER_BOUND('',#1134,.T.);
#799=FACE_OUTER_BOUND('',#1135,.T.);
#800=FACE_OUTER_BOUND('',#1136,.T.);
#801=FACE_OUTER_BOUND('',#1137,.T.);
#802=FACE_OUTER_BOUND('',#1138,.T.);
#803=FACE_OUTER_BOUND('',#1143,.T.);
#804=FACE_OUTER_BOUND('',#1144,.T.);
#805=FACE_OUTER_BOUND('',#1145,.T.);
#806=FACE_OUTER_BOUND('',#1146,.T.);
#807=FACE_OUTER_BOUND('',#1147,.T.);
#808=FACE_OUTER_BOUND('',#1148,.T.);
#809=FACE_OUTER_BOUND('',#1149,.T.);
#810=FACE_OUTER_BOUND('',#1150,.T.);
#811=FACE_OUTER_BOUND('',#1151,.T.);
#812=FACE_OUTER_BOUND('',#1152,.T.);
#813=FACE_OUTER_BOUND('',#1153,.T.);
#814=FACE_OUTER_BOUND('',#1154,.T.);
#815=FACE_OUTER_BOUND('',#1155,.T.);
#816=FACE_OUTER_BOUND('',#1156,.T.);
#817=FACE_OUTER_BOUND('',#1158,.T.);
#818=FACE_OUTER_BOUND('',#1159,.T.);
#819=FACE_OUTER_BOUND('',#1160,.T.);
#820=FACE_OUTER_BOUND('',#1161,.T.);
#821=FACE_OUTER_BOUND('',#1162,.T.);
#822=FACE_OUTER_BOUND('',#1163,.T.);
#823=FACE_OUTER_BOUND('',#1164,.T.);
#824=FACE_OUTER_BOUND('',#1165,.T.);
#825=FACE_OUTER_BOUND('',#1166,.T.);
#826=FACE_OUTER_BOUND('',#1167,.T.);
#827=FACE_OUTER_BOUND('',#1168,.T.);
#828=FACE_OUTER_BOUND('',#1170,.T.);
#829=FACE_OUTER_BOUND('',#1171,.T.);
#830=FACE_OUTER_BOUND('',#1172,.T.);
#831=FACE_OUTER_BOUND('',#1174,.T.);
#832=FACE_OUTER_BOUND('',#1175,.T.);
#833=FACE_OUTER_BOUND('',#1176,.T.);
#834=FACE_OUTER_BOUND('',#1177,.T.);
#835=FACE_OUTER_BOUND('',#1178,.T.);
#836=FACE_OUTER_BOUND('',#1179,.T.);
#837=FACE_OUTER_BOUND('',#1181,.T.);
#838=FACE_OUTER_BOUND('',#1182,.T.);
#839=FACE_OUTER_BOUND('',#1183,.T.);
#840=FACE_OUTER_BOUND('',#1184,.T.);
#841=FACE_OUTER_BOUND('',#1185,.T.);
#842=FACE_OUTER_BOUND('',#1186,.T.);
#843=FACE_OUTER_BOUND('',#1187,.T.);
#844=FACE_OUTER_BOUND('',#1188,.T.);
#845=FACE_OUTER_BOUND('',#1189,.T.);
#846=FACE_OUTER_BOUND('',#1194,.T.);
#847=FACE_OUTER_BOUND('',#1195,.T.);
#848=FACE_OUTER_BOUND('',#1196,.T.);
#849=FACE_OUTER_BOUND('',#1201,.T.);
#850=FACE_OUTER_BOUND('',#1202,.T.);
#851=FACE_OUTER_BOUND('',#1203,.T.);
#852=FACE_OUTER_BOUND('',#1204,.T.);
#853=FACE_OUTER_BOUND('',#1205,.T.);
#854=FACE_OUTER_BOUND('',#1206,.T.);
#855=FACE_OUTER_BOUND('',#1207,.T.);
#856=FACE_OUTER_BOUND('',#1208,.T.);
#857=FACE_OUTER_BOUND('',#1209,.T.);
#858=FACE_OUTER_BOUND('',#1210,.T.);
#859=FACE_OUTER_BOUND('',#1211,.T.);
#860=FACE_OUTER_BOUND('',#1212,.T.);
#861=FACE_OUTER_BOUND('',#1213,.T.);
#862=FACE_OUTER_BOUND('',#1214,.T.);
#863=FACE_OUTER_BOUND('',#1215,.T.);
#864=FACE_OUTER_BOUND('',#1216,.T.);
#865=FACE_OUTER_BOUND('',#1217,.T.);
#866=FACE_OUTER_BOUND('',#1218,.T.);
#867=FACE_OUTER_BOUND('',#1219,.T.);
#868=FACE_OUTER_BOUND('',#1220,.T.);
#869=FACE_OUTER_BOUND('',#1221,.T.);
#870=FACE_OUTER_BOUND('',#1222,.T.);
#871=FACE_OUTER_BOUND('',#1223,.T.);
#872=FACE_OUTER_BOUND('',#1224,.T.);
#873=FACE_OUTER_BOUND('',#1225,.T.);
#874=FACE_OUTER_BOUND('',#1226,.T.);
#875=FACE_OUTER_BOUND('',#1227,.T.);
#876=EDGE_LOOP('',(#3867,#3868,#3869,#3870,#3871,#3872,#3873,#3874));
#877=EDGE_LOOP('',(#3875,#3876,#3877,#3878));
#878=EDGE_LOOP('',(#3879,#3880,#3881,#3882,#3883,#3884,#3885,#3886,#3887));
#879=EDGE_LOOP('',(#3888,#3889,#3890,#3891,#3892,#3893,#3894,#3895,#3896,
#3897,#3898,#3899));
#880=EDGE_LOOP('',(#3900,#3901,#3902,#3903));
#881=EDGE_LOOP('',(#3904,#3905,#3906,#3907,#3908,#3909,#3910,#3911));
#882=EDGE_LOOP('',(#3912,#3913,#3914,#3915,#3916,#3917,#3918,#3919,#3920));
#883=EDGE_LOOP('',(#3921,#3922,#3923,#3924,#3925,#3926,#3927,#3928));
#884=EDGE_LOOP('',(#3929,#3930,#3931,#3932,#3933,#3934,#3935,#3936));
#885=EDGE_LOOP('',(#3937,#3938,#3939,#3940,#3941,#3942,#3943,#3944,#3945,
#3946,#3947,#3948));
#886=EDGE_LOOP('',(#3949,#3950,#3951,#3952));
#887=EDGE_LOOP('',(#3953,#3954,#3955,#3956));
#888=EDGE_LOOP('',(#3957,#3958,#3959,#3960));
#889=EDGE_LOOP('',(#3961,#3962,#3963,#3964));
#890=EDGE_LOOP('',(#3965,#3966,#3967,#3968));
#891=EDGE_LOOP('',(#3969,#3970,#3971,#3972));
#892=EDGE_LOOP('',(#3973,#3974,#3975,#3976));
#893=EDGE_LOOP('',(#3977,#3978,#3979,#3980));
#894=EDGE_LOOP('',(#3981,#3982,#3983,#3984));
#895=EDGE_LOOP('',(#3985,#3986,#3987,#3988));
#896=EDGE_LOOP('',(#3989,#3990,#3991,#3992));
#897=EDGE_LOOP('',(#3993,#3994,#3995,#3996));
#898=EDGE_LOOP('',(#3997,#3998,#3999,#4000));
#899=EDGE_LOOP('',(#4001,#4002,#4003,#4004));
#900=EDGE_LOOP('',(#4005,#4006,#4007,#4008));
#901=EDGE_LOOP('',(#4009,#4010,#4011,#4012));
#902=EDGE_LOOP('',(#4013,#4014,#4015,#4016));
#903=EDGE_LOOP('',(#4017,#4018,#4019,#4020));
#904=EDGE_LOOP('',(#4021,#4022,#4023,#4024));
#905=EDGE_LOOP('',(#4025,#4026,#4027,#4028));
#906=EDGE_LOOP('',(#4029,#4030,#4031,#4032));
#907=EDGE_LOOP('',(#4033,#4034,#4035,#4036));
#908=EDGE_LOOP('',(#4037,#4038,#4039,#4040));
#909=EDGE_LOOP('',(#4041,#4042,#4043,#4044));
#910=EDGE_LOOP('',(#4045,#4046,#4047,#4048));
#911=EDGE_LOOP('',(#4049,#4050,#4051,#4052));
#912=EDGE_LOOP('',(#4053,#4054,#4055,#4056));
#913=EDGE_LOOP('',(#4057,#4058,#4059,#4060));
#914=EDGE_LOOP('',(#4061,#4062,#4063,#4064));
#915=EDGE_LOOP('',(#4065,#4066,#4067,#4068));
#916=EDGE_LOOP('',(#4069,#4070,#4071,#4072));
#917=EDGE_LOOP('',(#4073,#4074,#4075,#4076));
#918=EDGE_LOOP('',(#4077,#4078,#4079,#4080));
#919=EDGE_LOOP('',(#4081,#4082,#4083,#4084));
#920=EDGE_LOOP('',(#4085,#4086,#4087,#4088));
#921=EDGE_LOOP('',(#4089,#4090,#4091,#4092,#4093,#4094,#4095,#4096,#4097,
#4098,#4099,#4100,#4101,#4102,#4103,#4104,#4105,#4106,#4107,#4108,#4109,
#4110,#4111,#4112,#4113,#4114,#4115,#4116,#4117,#4118,#4119,#4120,#4121));
#922=EDGE_LOOP('',(#4122,#4123,#4124,#4125,#4126));
#923=EDGE_LOOP('',(#4127,#4128,#4129,#4130));
#924=EDGE_LOOP('',(#4131,#4132,#4133,#4134));
#925=EDGE_LOOP('',(#4135,#4136,#4137,#4138));
#926=EDGE_LOOP('',(#4139,#4140,#4141,#4142));
#927=EDGE_LOOP('',(#4143,#4144,#4145,#4146));
#928=EDGE_LOOP('',(#4147,#4148,#4149,#4150));
#929=EDGE_LOOP('',(#4151,#4152,#4153,#4154));
#930=EDGE_LOOP('',(#4155,#4156,#4157,#4158));
#931=EDGE_LOOP('',(#4159,#4160,#4161,#4162));
#932=EDGE_LOOP('',(#4163,#4164,#4165,#4166));
#933=EDGE_LOOP('',(#4167,#4168,#4169,#4170,#4171));
#934=EDGE_LOOP('',(#4172,#4173,#4174,#4175));
#935=EDGE_LOOP('',(#4176,#4177,#4178,#4179));
#936=EDGE_LOOP('',(#4180,#4181,#4182,#4183));
#937=EDGE_LOOP('',(#4184,#4185,#4186,#4187));
#938=EDGE_LOOP('',(#4188,#4189,#4190,#4191));
#939=EDGE_LOOP('',(#4192,#4193,#4194,#4195));
#940=EDGE_LOOP('',(#4196,#4197,#4198,#4199));
#941=EDGE_LOOP('',(#4200,#4201,#4202,#4203));
#942=EDGE_LOOP('',(#4204,#4205,#4206,#4207));
#943=EDGE_LOOP('',(#4208,#4209,#4210,#4211));
#944=EDGE_LOOP('',(#4212,#4213,#4214,#4215));
#945=EDGE_LOOP('',(#4216,#4217,#4218,#4219));
#946=EDGE_LOOP('',(#4220,#4221,#4222,#4223));
#947=EDGE_LOOP('',(#4224,#4225,#4226,#4227));
#948=EDGE_LOOP('',(#4228,#4229,#4230,#4231));
#949=EDGE_LOOP('',(#4232,#4233,#4234,#4235));
#950=EDGE_LOOP('',(#4236,#4237,#4238,#4239));
#951=EDGE_LOOP('',(#4240,#4241,#4242,#4243));
#952=EDGE_LOOP('',(#4244,#4245,#4246,#4247));
#953=EDGE_LOOP('',(#4248,#4249,#4250,#4251));
#954=EDGE_LOOP('',(#4252,#4253,#4254,#4255));
#955=EDGE_LOOP('',(#4256,#4257,#4258,#4259));
#956=EDGE_LOOP('',(#4260,#4261,#4262,#4263,#4264,#4265,#4266,#4267,#4268,
#4269,#4270,#4271,#4272,#4273,#4274,#4275,#4276,#4277,#4278,#4279,#4280,
#4281,#4282,#4283,#4284,#4285,#4286,#4287,#4288,#4289,#4290,#4291,#4292,
#4293));
#957=EDGE_LOOP('',(#4294,#4295,#4296,#4297));
#958=EDGE_LOOP('',(#4298,#4299,#4300,#4301));
#959=EDGE_LOOP('',(#4302,#4303,#4304,#4305));
#960=EDGE_LOOP('',(#4306,#4307,#4308,#4309));
#961=EDGE_LOOP('',(#4310,#4311,#4312,#4313));
#962=EDGE_LOOP('',(#4314,#4315,#4316,#4317));
#963=EDGE_LOOP('',(#4318,#4319,#4320,#4321));
#964=EDGE_LOOP('',(#4322,#4323,#4324,#4325));
#965=EDGE_LOOP('',(#4326,#4327,#4328,#4329));
#966=EDGE_LOOP('',(#4330,#4331,#4332,#4333));
#967=EDGE_LOOP('',(#4334,#4335,#4336,#4337));
#968=EDGE_LOOP('',(#4338,#4339,#4340,#4341));
#969=EDGE_LOOP('',(#4342,#4343,#4344,#4345));
#970=EDGE_LOOP('',(#4346,#4347,#4348,#4349));
#971=EDGE_LOOP('',(#4350,#4351,#4352,#4353));
#972=EDGE_LOOP('',(#4354,#4355,#4356,#4357));
#973=EDGE_LOOP('',(#4358,#4359,#4360,#4361));
#974=EDGE_LOOP('',(#4362,#4363,#4364,#4365));
#975=EDGE_LOOP('',(#4366,#4367,#4368,#4369));
#976=EDGE_LOOP('',(#4370,#4371,#4372,#4373));
#977=EDGE_LOOP('',(#4374,#4375,#4376,#4377));
#978=EDGE_LOOP('',(#4378,#4379,#4380,#4381));
#979=EDGE_LOOP('',(#4382,#4383,#4384,#4385));
#980=EDGE_LOOP('',(#4386,#4387,#4388,#4389));
#981=EDGE_LOOP('',(#4390,#4391,#4392,#4393));
#982=EDGE_LOOP('',(#4394,#4395,#4396,#4397));
#983=EDGE_LOOP('',(#4398,#4399,#4400,#4401));
#984=EDGE_LOOP('',(#4402,#4403,#4404,#4405));
#985=EDGE_LOOP('',(#4406,#4407,#4408,#4409));
#986=EDGE_LOOP('',(#4410,#4411,#4412,#4413));
#987=EDGE_LOOP('',(#4414,#4415,#4416,#4417));
#988=EDGE_LOOP('',(#4418,#4419,#4420,#4421));
#989=EDGE_LOOP('',(#4422,#4423,#4424,#4425));
#990=EDGE_LOOP('',(#4426,#4427,#4428,#4429,#4430,#4431,#4432,#4433,#4434,
#4435,#4436,#4437,#4438,#4439,#4440,#4441,#4442,#4443,#4444,#4445,#4446,
#4447,#4448,#4449,#4450,#4451,#4452,#4453,#4454,#4455,#4456,#4457,#4458));
#991=EDGE_LOOP('',(#4459,#4460,#4461,#4462,#4463));
#992=EDGE_LOOP('',(#4464,#4465,#4466,#4467));
#993=EDGE_LOOP('',(#4468,#4469,#4470,#4471));
#994=EDGE_LOOP('',(#4472,#4473,#4474,#4475));
#995=EDGE_LOOP('',(#4476,#4477,#4478,#4479));
#996=EDGE_LOOP('',(#4480,#4481,#4482,#4483));
#997=EDGE_LOOP('',(#4484,#4485,#4486,#4487));
#998=EDGE_LOOP('',(#4488,#4489,#4490,#4491));
#999=EDGE_LOOP('',(#4492,#4493,#4494,#4495));
#1000=EDGE_LOOP('',(#4496,#4497,#4498,#4499));
#1001=EDGE_LOOP('',(#4500,#4501,#4502,#4503));
#1002=EDGE_LOOP('',(#4504,#4505,#4506,#4507));
#1003=EDGE_LOOP('',(#4508,#4509,#4510,#4511));
#1004=EDGE_LOOP('',(#4512,#4513,#4514,#4515));
#1005=EDGE_LOOP('',(#4516,#4517,#4518,#4519));
#1006=EDGE_LOOP('',(#4520,#4521,#4522,#4523));
#1007=EDGE_LOOP('',(#4524,#4525,#4526,#4527));
#1008=EDGE_LOOP('',(#4528,#4529,#4530,#4531));
#1009=EDGE_LOOP('',(#4532,#4533,#4534,#4535));
#1010=EDGE_LOOP('',(#4536,#4537,#4538,#4539));
#1011=EDGE_LOOP('',(#4540,#4541,#4542,#4543));
#1012=EDGE_LOOP('',(#4544,#4545,#4546,#4547));
#1013=EDGE_LOOP('',(#4548,#4549,#4550,#4551));
#1014=EDGE_LOOP('',(#4552,#4553,#4554,#4555,#4556));
#1015=EDGE_LOOP('',(#4557,#4558,#4559,#4560,#4561,#4562,#4563,#4564,#4565,
#4566,#4567,#4568,#4569,#4570));
#1016=EDGE_LOOP('',(#4571,#4572,#4573,#4574,#4575,#4576,#4577,#4578,#4579,
#4580));
#1017=EDGE_LOOP('',(#4581,#4582,#4583,#4584,#4585));
#1018=EDGE_LOOP('',(#4586,#4587,#4588,#4589));
#1019=EDGE_LOOP('',(#4590,#4591,#4592,#4593));
#1020=EDGE_LOOP('',(#4594,#4595,#4596,#4597));
#1021=EDGE_LOOP('',(#4598,#4599,#4600,#4601));
#1022=EDGE_LOOP('',(#4602,#4603,#4604,#4605));
#1023=EDGE_LOOP('',(#4606,#4607,#4608,#4609));
#1024=EDGE_LOOP('',(#4610,#4611,#4612,#4613));
#1025=EDGE_LOOP('',(#4614,#4615,#4616,#4617));
#1026=EDGE_LOOP('',(#4618,#4619,#4620,#4621));
#1027=EDGE_LOOP('',(#4622,#4623,#4624,#4625));
#1028=EDGE_LOOP('',(#4626,#4627,#4628,#4629));
#1029=EDGE_LOOP('',(#4630,#4631,#4632,#4633));
#1030=EDGE_LOOP('',(#4634,#4635,#4636,#4637));
#1031=EDGE_LOOP('',(#4638,#4639,#4640,#4641));
#1032=EDGE_LOOP('',(#4642,#4643,#4644,#4645));
#1033=EDGE_LOOP('',(#4646,#4647,#4648,#4649));
#1034=EDGE_LOOP('',(#4650,#4651,#4652,#4653));
#1035=EDGE_LOOP('',(#4654,#4655,#4656,#4657));
#1036=EDGE_LOOP('',(#4658,#4659,#4660,#4661));
#1037=EDGE_LOOP('',(#4662,#4663,#4664,#4665));
#1038=EDGE_LOOP('',(#4666,#4667,#4668,#4669));
#1039=EDGE_LOOP('',(#4670,#4671,#4672,#4673));
#1040=EDGE_LOOP('',(#4674,#4675,#4676,#4677,#4678));
#1041=EDGE_LOOP('',(#4679,#4680,#4681,#4682,#4683,#4684,#4685,#4686,#4687,
#4688,#4689,#4690,#4691,#4692));
#1042=EDGE_LOOP('',(#4693,#4694,#4695,#4696,#4697,#4698,#4699,#4700,#4701,
#4702));
#1043=EDGE_LOOP('',(#4703,#4704,#4705,#4706));
#1044=EDGE_LOOP('',(#4707,#4708,#4709,#4710));
#1045=EDGE_LOOP('',(#4711,#4712,#4713,#4714));
#1046=EDGE_LOOP('',(#4715,#4716,#4717,#4718));
#1047=EDGE_LOOP('',(#4719,#4720,#4721,#4722));
#1048=EDGE_LOOP('',(#4723,#4724,#4725,#4726));
#1049=EDGE_LOOP('',(#4727,#4728,#4729,#4730));
#1050=EDGE_LOOP('',(#4731,#4732,#4733,#4734));
#1051=EDGE_LOOP('',(#4735,#4736,#4737,#4738));
#1052=EDGE_LOOP('',(#4739,#4740,#4741,#4742));
#1053=EDGE_LOOP('',(#4743,#4744,#4745,#4746));
#1054=EDGE_LOOP('',(#4747,#4748,#4749,#4750));
#1055=EDGE_LOOP('',(#4751,#4752,#4753,#4754));
#1056=EDGE_LOOP('',(#4755,#4756,#4757,#4758,#4759,#4760,#4761,#4762,#4763,
#4764,#4765,#4766,#4767));
#1057=EDGE_LOOP('',(#4768,#4769,#4770,#4771));
#1058=EDGE_LOOP('',(#4772,#4773,#4774,#4775));
#1059=EDGE_LOOP('',(#4776,#4777,#4778,#4779));
#1060=EDGE_LOOP('',(#4780,#4781,#4782,#4783));
#1061=EDGE_LOOP('',(#4784,#4785,#4786,#4787));
#1062=EDGE_LOOP('',(#4788,#4789,#4790,#4791));
#1063=EDGE_LOOP('',(#4792,#4793,#4794,#4795,#4796,#4797));
#1064=EDGE_LOOP('',(#4798,#4799,#4800,#4801));
#1065=EDGE_LOOP('',(#4802,#4803,#4804,#4805));
#1066=EDGE_LOOP('',(#4806,#4807,#4808,#4809));
#1067=EDGE_LOOP('',(#4810,#4811,#4812,#4813));
#1068=EDGE_LOOP('',(#4814,#4815,#4816,#4817));
#1069=EDGE_LOOP('',(#4818,#4819,#4820,#4821));
#1070=EDGE_LOOP('',(#4822,#4823,#4824,#4825));
#1071=EDGE_LOOP('',(#4826,#4827,#4828,#4829));
#1072=EDGE_LOOP('',(#4830,#4831,#4832,#4833));
#1073=EDGE_LOOP('',(#4834,#4835,#4836,#4837));
#1074=EDGE_LOOP('',(#4838,#4839,#4840,#4841));
#1075=EDGE_LOOP('',(#4842,#4843,#4844,#4845));
#1076=EDGE_LOOP('',(#4846,#4847,#4848,#4849));
#1077=EDGE_LOOP('',(#4850,#4851,#4852,#4853,#4854,#4855,#4856,#4857,#4858,
#4859,#4860,#4861,#4862));
#1078=EDGE_LOOP('',(#4863,#4864,#4865,#4866,#4867));
#1079=EDGE_LOOP('',(#4868,#4869,#4870,#4871));
#1080=EDGE_LOOP('',(#4872,#4873,#4874,#4875));
#1081=EDGE_LOOP('',(#4876,#4877,#4878,#4879));
#1082=EDGE_LOOP('',(#4880,#4881,#4882,#4883));
#1083=EDGE_LOOP('',(#4884,#4885,#4886,#4887));
#1084=EDGE_LOOP('',(#4888,#4889,#4890,#4891));
#1085=EDGE_LOOP('',(#4892,#4893,#4894,#4895));
#1086=EDGE_LOOP('',(#4896,#4897,#4898,#4899));
#1087=EDGE_LOOP('',(#4900,#4901,#4902,#4903));
#1088=EDGE_LOOP('',(#4904,#4905,#4906,#4907));
#1089=EDGE_LOOP('',(#4908,#4909,#4910,#4911,#4912));
#1090=EDGE_LOOP('',(#4913,#4914,#4915,#4916));
#1091=EDGE_LOOP('',(#4917,#4918,#4919,#4920));
#1092=EDGE_LOOP('',(#4921,#4922,#4923,#4924));
#1093=EDGE_LOOP('',(#4925,#4926,#4927,#4928));
#1094=EDGE_LOOP('',(#4929,#4930,#4931,#4932));
#1095=EDGE_LOOP('',(#4933,#4934,#4935,#4936));
#1096=EDGE_LOOP('',(#4937,#4938,#4939,#4940));
#1097=EDGE_LOOP('',(#4941,#4942,#4943,#4944));
#1098=EDGE_LOOP('',(#4945,#4946,#4947,#4948));
#1099=EDGE_LOOP('',(#4949,#4950,#4951,#4952));
#1100=EDGE_LOOP('',(#4953,#4954,#4955,#4956));
#1101=EDGE_LOOP('',(#4957,#4958,#4959,#4960));
#1102=EDGE_LOOP('',(#4961,#4962,#4963,#4964));
#1103=EDGE_LOOP('',(#4965,#4966,#4967,#4968));
#1104=EDGE_LOOP('',(#4969,#4970,#4971,#4972));
#1105=EDGE_LOOP('',(#4973,#4974,#4975,#4976));
#1106=EDGE_LOOP('',(#4977,#4978,#4979,#4980));
#1107=EDGE_LOOP('',(#4981,#4982,#4983,#4984));
#1108=EDGE_LOOP('',(#4985,#4986,#4987,#4988));
#1109=EDGE_LOOP('',(#4989,#4990,#4991,#4992));
#1110=EDGE_LOOP('',(#4993,#4994,#4995,#4996));
#1111=EDGE_LOOP('',(#4997,#4998,#4999,#5000));
#1112=EDGE_LOOP('',(#5001,#5002,#5003,#5004,#5005,#5006,#5007,#5008,#5009,
#5010,#5011,#5012,#5013,#5014,#5015,#5016,#5017,#5018,#5019,#5020,#5021,
#5022,#5023,#5024,#5025,#5026,#5027,#5028,#5029,#5030,#5031,#5032,#5033,
#5034));
#1113=EDGE_LOOP('',(#5035,#5036,#5037,#5038,#5039,#5040,#5041,#5042,#5043,
#5044,#5045,#5046,#5047,#5048,#5049,#5050,#5051,#5052));
#1114=EDGE_LOOP('',(#5053,#5054,#5055,#5056,#5057,#5058,#5059,#5060,#5061,
#5062));
#1115=EDGE_LOOP('',(#5063,#5064,#5065,#5066,#5067,#5068,#5069,#5070,#5071,
#5072));
#1116=EDGE_LOOP('',(#5073,#5074,#5075,#5076,#5077,#5078));
#1117=EDGE_LOOP('',(#5079,#5080,#5081,#5082,#5083));
#1118=EDGE_LOOP('',(#5084,#5085,#5086,#5087));
#1119=EDGE_LOOP('',(#5088,#5089,#5090,#5091,#5092));
#1120=EDGE_LOOP('',(#5093,#5094,#5095,#5096));
#1121=EDGE_LOOP('',(#5097,#5098,#5099,#5100));
#1122=EDGE_LOOP('',(#5101,#5102,#5103,#5104));
#1123=EDGE_LOOP('',(#5105,#5106,#5107,#5108));
#1124=EDGE_LOOP('',(#5109,#5110,#5111,#5112));
#1125=EDGE_LOOP('',(#5113,#5114,#5115,#5116));
#1126=EDGE_LOOP('',(#5117,#5118,#5119,#5120));
#1127=EDGE_LOOP('',(#5121,#5122,#5123,#5124));
#1128=EDGE_LOOP('',(#5125,#5126,#5127,#5128));
#1129=EDGE_LOOP('',(#5129,#5130,#5131,#5132));
#1130=EDGE_LOOP('',(#5133,#5134,#5135,#5136));
#1131=EDGE_LOOP('',(#5137,#5138,#5139,#5140));
#1132=EDGE_LOOP('',(#5141,#5142,#5143,#5144));
#1133=EDGE_LOOP('',(#5145,#5146,#5147,#5148));
#1134=EDGE_LOOP('',(#5149,#5150,#5151,#5152));
#1135=EDGE_LOOP('',(#5153,#5154,#5155,#5156));
#1136=EDGE_LOOP('',(#5157,#5158,#5159,#5160));
#1137=EDGE_LOOP('',(#5161,#5162,#5163,#5164));
#1138=EDGE_LOOP('',(#5165,#5166,#5167,#5168,#5169,#5170,#5171,#5172,#5173,
#5174,#5175,#5176,#5177,#5178,#5179,#5180,#5181,#5182,#5183,#5184,#5185,
#5186,#5187,#5188,#5189,#5190,#5191,#5192,#5193,#5194,#5195,#5196,#5197,
#5198,#5199,#5200,#5201,#5202,#5203,#5204,#5205,#5206,#5207,#5208,#5209,
#5210,#5211,#5212,#5213,#5214,#5215,#5216,#5217,#5218,#5219,#5220,#5221,
#5222,#5223,#5224,#5225,#5226,#5227,#5228,#5229,#5230,#5231,#5232,#5233,
#5234,#5235,#5236,#5237,#5238,#5239,#5240,#5241,#5242,#5243,#5244,#5245,
#5246,#5247,#5248,#5249,#5250,#5251,#5252,#5253,#5254,#5255,#5256,#5257,
#5258,#5259,#5260,#5261,#5262,#5263,#5264,#5265,#5266,#5267,#5268,#5269,
#5270,#5271,#5272,#5273,#5274,#5275,#5276));
#1139=EDGE_LOOP('',(#5277,#5278,#5279,#5280,#5281,#5282,#5283,#5284,#5285,
#5286,#5287,#5288,#5289,#5290,#5291,#5292,#5293,#5294,#5295,#5296,#5297,
#5298,#5299,#5300,#5301,#5302,#5303,#5304,#5305,#5306,#5307,#5308,#5309));
#1140=EDGE_LOOP('',(#5310,#5311,#5312,#5313,#5314,#5315,#5316,#5317,#5318,
#5319,#5320,#5321,#5322,#5323,#5324,#5325,#5326,#5327,#5328,#5329,#5330,
#5331,#5332,#5333,#5334,#5335,#5336,#5337,#5338,#5339,#5340,#5341,#5342));
#1141=EDGE_LOOP('',(#5343,#5344,#5345,#5346,#5347,#5348,#5349,#5350,#5351,
#5352,#5353,#5354,#5355));
#1142=EDGE_LOOP('',(#5356,#5357,#5358,#5359,#5360,#5361,#5362,#5363,#5364,
#5365,#5366,#5367,#5368));
#1143=EDGE_LOOP('',(#5369,#5370,#5371,#5372,#5373));
#1144=EDGE_LOOP('',(#5374,#5375,#5376,#5377,#5378));
#1145=EDGE_LOOP('',(#5379,#5380,#5381,#5382));
#1146=EDGE_LOOP('',(#5383,#5384,#5385,#5386));
#1147=EDGE_LOOP('',(#5387,#5388,#5389,#5390));
#1148=EDGE_LOOP('',(#5391,#5392,#5393,#5394));
#1149=EDGE_LOOP('',(#5395,#5396,#5397,#5398));
#1150=EDGE_LOOP('',(#5399,#5400,#5401,#5402));
#1151=EDGE_LOOP('',(#5403,#5404,#5405,#5406));
#1152=EDGE_LOOP('',(#5407,#5408,#5409,#5410));
#1153=EDGE_LOOP('',(#5411,#5412,#5413,#5414));
#1154=EDGE_LOOP('',(#5415,#5416,#5417,#5418));
#1155=EDGE_LOOP('',(#5419,#5420,#5421,#5422,#5423,#5424,#5425,#5426));
#1156=EDGE_LOOP('',(#5427,#5428,#5429,#5430,#5431,#5432,#5433,#5434,#5435,
#5436,#5437,#5438,#5439,#5440));
#1157=EDGE_LOOP('',(#5441));
#1158=EDGE_LOOP('',(#5442,#5443,#5444,#5445));
#1159=EDGE_LOOP('',(#5446,#5447,#5448,#5449));
#1160=EDGE_LOOP('',(#5450,#5451,#5452,#5453));
#1161=EDGE_LOOP('',(#5454,#5455,#5456,#5457));
#1162=EDGE_LOOP('',(#5458,#5459,#5460,#5461));
#1163=EDGE_LOOP('',(#5462,#5463,#5464,#5465));
#1164=EDGE_LOOP('',(#5466,#5467,#5468,#5469));
#1165=EDGE_LOOP('',(#5470,#5471,#5472,#5473,#5474,#5475));
#1166=EDGE_LOOP('',(#5476,#5477,#5478,#5479));
#1167=EDGE_LOOP('',(#5480,#5481,#5482,#5483));
#1168=EDGE_LOOP('',(#5484));
#1169=EDGE_LOOP('',(#5485));
#1170=EDGE_LOOP('',(#5486,#5487,#5488,#5489));
#1171=EDGE_LOOP('',(#5490,#5491,#5492,#5493));
#1172=EDGE_LOOP('',(#5494,#5495,#5496,#5497,#5498));
#1173=EDGE_LOOP('',(#5499));
#1174=EDGE_LOOP('',(#5500));
#1175=EDGE_LOOP('',(#5501,#5502,#5503,#5504));
#1176=EDGE_LOOP('',(#5505,#5506,#5507,#5508));
#1177=EDGE_LOOP('',(#5509,#5510,#5511,#5512));
#1178=EDGE_LOOP('',(#5513,#5514,#5515,#5516));
#1179=EDGE_LOOP('',(#5517,#5518,#5519,#5520,#5521,#5522,#5523));
#1180=EDGE_LOOP('',(#5524));
#1181=EDGE_LOOP('',(#5525));
#1182=EDGE_LOOP('',(#5526));
#1183=EDGE_LOOP('',(#5527,#5528,#5529,#5530));
#1184=EDGE_LOOP('',(#5531,#5532,#5533,#5534));
#1185=EDGE_LOOP('',(#5535,#5536,#5537,#5538));
#1186=EDGE_LOOP('',(#5539,#5540,#5541,#5542));
#1187=EDGE_LOOP('',(#5543,#5544,#5545,#5546));
#1188=EDGE_LOOP('',(#5547,#5548,#5549,#5550));
#1189=EDGE_LOOP('',(#5551,#5552,#5553,#5554,#5555,#5556,#5557,#5558));
#1190=EDGE_LOOP('',(#5559));
#1191=EDGE_LOOP('',(#5560));
#1192=EDGE_LOOP('',(#5561));
#1193=EDGE_LOOP('',(#5562,#5563,#5564,#5565));
#1194=EDGE_LOOP('',(#5566,#5567,#5568,#5569));
#1195=EDGE_LOOP('',(#5570,#5571,#5572,#5573));
#1196=EDGE_LOOP('',(#5574,#5575,#5576,#5577));
#1197=EDGE_LOOP('',(#5578,#5579,#5580,#5581));
#1198=EDGE_LOOP('',(#5582));
#1199=EDGE_LOOP('',(#5583));
#1200=EDGE_LOOP('',(#5584));
#1201=EDGE_LOOP('',(#5585,#5586,#5587,#5588));
#1202=EDGE_LOOP('',(#5589,#5590,#5591,#5592));
#1203=EDGE_LOOP('',(#5593,#5594,#5595,#5596));
#1204=EDGE_LOOP('',(#5597,#5598,#5599,#5600));
#1205=EDGE_LOOP('',(#5601,#5602,#5603,#5604));
#1206=EDGE_LOOP('',(#5605,#5606,#5607,#5608));
#1207=EDGE_LOOP('',(#5609,#5610,#5611,#5612));
#1208=EDGE_LOOP('',(#5613,#5614,#5615,#5616));
#1209=EDGE_LOOP('',(#5617,#5618,#5619,#5620));
#1210=EDGE_LOOP('',(#5621,#5622,#5623,#5624));
#1211=EDGE_LOOP('',(#5625,#5626,#5627,#5628));
#1212=EDGE_LOOP('',(#5629,#5630,#5631,#5632));
#1213=EDGE_LOOP('',(#5633,#5634,#5635,#5636));
#1214=EDGE_LOOP('',(#5637,#5638,#5639,#5640));
#1215=EDGE_LOOP('',(#5641,#5642,#5643,#5644));
#1216=EDGE_LOOP('',(#5645,#5646,#5647,#5648));
#1217=EDGE_LOOP('',(#5649,#5650,#5651,#5652));
#1218=EDGE_LOOP('',(#5653,#5654,#5655,#5656));
#1219=EDGE_LOOP('',(#5657,#5658,#5659,#5660));
#1220=EDGE_LOOP('',(#5661,#5662,#5663,#5664));
#1221=EDGE_LOOP('',(#5665,#5666,#5667,#5668));
#1222=EDGE_LOOP('',(#5669,#5670,#5671,#5672));
#1223=EDGE_LOOP('',(#5673,#5674,#5675,#5676));
#1224=EDGE_LOOP('',(#5677,#5678,#5679,#5680));
#1225=EDGE_LOOP('',(#5681,#5682,#5683,#5684));
#1226=EDGE_LOOP('',(#5685,#5686,#5687,#5688));
#1227=EDGE_LOOP('',(#5689,#5690,#5691,#5692,#5693,#5694,#5695,#5696));
#1228=EDGE_LOOP('',(#5697,#5698,#5699,#5700));
#1229=LINE('',#7594,#1731);
#1230=LINE('',#7598,#1732);
#1231=LINE('',#7602,#1733);
#1232=LINE('',#7605,#1734);
#1233=LINE('',#7608,#1735);
#1234=LINE('',#7610,#1736);
#1235=LINE('',#7612,#1737);
#1236=LINE('',#7613,#1738);
#1237=LINE('',#7616,#1739);
#1238=LINE('',#7620,#1740);
#1239=LINE('',#7629,#1741);
#1240=LINE('',#7632,#1742);
#1241=LINE('',#7634,#1743);
#1242=LINE('',#7636,#1744);
#1243=LINE('',#7638,#1745);
#1244=LINE('',#7640,#1746);
#1245=LINE('',#7642,#1747);
#1246=LINE('',#7644,#1748);
#1247=LINE('',#7646,#1749);
#1248=LINE('',#7648,#1750);
#1249=LINE('',#7649,#1751);
#1250=LINE('',#7652,#1752);
#1251=LINE('',#7654,#1753);
#1252=LINE('',#7655,#1754);
#1253=LINE('',#7658,#1755);
#1254=LINE('',#7666,#1756);
#1255=LINE('',#7674,#1757);
#1256=LINE('',#7678,#1758);
#1257=LINE('',#7688,#1759);
#1258=LINE('',#7692,#1760);
#1259=LINE('',#7696,#1761);
#1260=LINE('',#7704,#1762);
#1261=LINE('',#7712,#1763);
#1262=LINE('',#7714,#1764);
#1263=LINE('',#7716,#1765);
#1264=LINE('',#7718,#1766);
#1265=LINE('',#7720,#1767);
#1266=LINE('',#7721,#1768);
#1267=LINE('',#7724,#1769);
#1268=LINE('',#7726,#1770);
#1269=LINE('',#7728,#1771);
#1270=LINE('',#7730,#1772);
#1271=LINE('',#7732,#1773);
#1272=LINE('',#7734,#1774);
#1273=LINE('',#7736,#1775);
#1274=LINE('',#7738,#1776);
#1275=LINE('',#7739,#1777);
#1276=LINE('',#7742,#1778);
#1277=LINE('',#7743,#1779);
#1278=LINE('',#7746,#1780);
#1279=LINE('',#7766,#1781);
#1280=LINE('',#7773,#1782);
#1281=LINE('',#7776,#1783);
#1282=LINE('',#7778,#1784);
#1283=LINE('',#7779,#1785);
#1284=LINE('',#7797,#1786);
#1285=LINE('',#7820,#1787);
#1286=LINE('',#7828,#1788);
#1287=LINE('',#7830,#1789);
#1288=LINE('',#7831,#1790);
#1289=LINE('',#7849,#1791);
#1290=LINE('',#7872,#1792);
#1291=LINE('',#7880,#1793);
#1292=LINE('',#7882,#1794);
#1293=LINE('',#7883,#1795);
#1294=LINE('',#7901,#1796);
#1295=LINE('',#7924,#1797);
#1296=LINE('',#7947,#1798);
#1297=LINE('',#7970,#1799);
#1298=LINE('',#7978,#1800);
#1299=LINE('',#7980,#1801);
#1300=LINE('',#7981,#1802);
#1301=LINE('',#7999,#1803);
#1302=LINE('',#8022,#1804);
#1303=LINE('',#8045,#1805);
#1304=LINE('',#8068,#1806);
#1305=LINE('',#8091,#1807);
#1306=LINE('',#8099,#1808);
#1307=LINE('',#8101,#1809);
#1308=LINE('',#8102,#1810);
#1309=LINE('',#8120,#1811);
#1310=LINE('',#8143,#1812);
#1311=LINE('',#8151,#1813);
#1312=LINE('',#8153,#1814);
#1313=LINE('',#8154,#1815);
#1314=LINE('',#8172,#1816);
#1315=LINE('',#8195,#1817);
#1316=LINE('',#8203,#1818);
#1317=LINE('',#8205,#1819);
#1318=LINE('',#8206,#1820);
#1319=LINE('',#8224,#1821);
#1320=LINE('',#8247,#1822);
#1321=LINE('',#8270,#1823);
#1322=LINE('',#8293,#1824);
#1323=LINE('',#8301,#1825);
#1324=LINE('',#8303,#1826);
#1325=LINE('',#8304,#1827);
#1326=LINE('',#8322,#1828);
#1327=LINE('',#8345,#1829);
#1328=LINE('',#8394,#1830);
#1329=LINE('',#8401,#1831);
#1330=LINE('',#8420,#1832);
#1331=LINE('',#8427,#1833);
#1332=LINE('',#8445,#1834);
#1333=LINE('',#8453,#1835);
#1334=LINE('',#8455,#1836);
#1335=LINE('',#8456,#1837);
#1336=LINE('',#8474,#1838);
#1337=LINE('',#8497,#1839);
#1338=LINE('',#8520,#1840);
#1339=LINE('',#8543,#1841);
#1340=LINE('',#8551,#1842);
#1341=LINE('',#8553,#1843);
#1342=LINE('',#8554,#1844);
#1343=LINE('',#8572,#1845);
#1344=LINE('',#8595,#1846);
#1345=LINE('',#8642,#1847);
#1346=LINE('',#8650,#1848);
#1347=LINE('',#8652,#1849);
#1348=LINE('',#8653,#1850);
#1349=LINE('',#8671,#1851);
#1350=LINE('',#8694,#1852);
#1351=LINE('',#8717,#1853);
#1352=LINE('',#8740,#1854);
#1353=LINE('',#8748,#1855);
#1354=LINE('',#8750,#1856);
#1355=LINE('',#8751,#1857);
#1356=LINE('',#8769,#1858);
#1357=LINE('',#8792,#1859);
#1358=LINE('',#8800,#1860);
#1359=LINE('',#8802,#1861);
#1360=LINE('',#8803,#1862);
#1361=LINE('',#8806,#1863);
#1362=LINE('',#8808,#1864);
#1363=LINE('',#8809,#1865);
#1364=LINE('',#8812,#1866);
#1365=LINE('',#8814,#1867);
#1366=LINE('',#8815,#1868);
#1367=LINE('',#8833,#1869);
#1368=LINE('',#8856,#1870);
#1369=LINE('',#8864,#1871);
#1370=LINE('',#8866,#1872);
#1371=LINE('',#8867,#1873);
#1372=LINE('',#8885,#1874);
#1373=LINE('',#8908,#1875);
#1374=LINE('',#8931,#1876);
#1375=LINE('',#8939,#1877);
#1376=LINE('',#8941,#1878);
#1377=LINE('',#8942,#1879);
#1378=LINE('',#8960,#1880);
#1379=LINE('',#8983,#1881);
#1380=LINE('',#9028,#1882);
#1381=LINE('',#9035,#1883);
#1382=LINE('',#9038,#1884);
#1383=LINE('',#9040,#1885);
#1384=LINE('',#9041,#1886);
#1385=LINE('',#9059,#1887);
#1386=LINE('',#9082,#1888);
#1387=LINE('',#9090,#1889);
#1388=LINE('',#9092,#1890);
#1389=LINE('',#9093,#1891);
#1390=LINE('',#9111,#1892);
#1391=LINE('',#9134,#1893);
#1392=LINE('',#9142,#1894);
#1393=LINE('',#9144,#1895);
#1394=LINE('',#9145,#1896);
#1395=LINE('',#9163,#1897);
#1396=LINE('',#9186,#1898);
#1397=LINE('',#9209,#1899);
#1398=LINE('',#9232,#1900);
#1399=LINE('',#9240,#1901);
#1400=LINE('',#9242,#1902);
#1401=LINE('',#9243,#1903);
#1402=LINE('',#9261,#1904);
#1403=LINE('',#9284,#1905);
#1404=LINE('',#9307,#1906);
#1405=LINE('',#9330,#1907);
#1406=LINE('',#9353,#1908);
#1407=LINE('',#9361,#1909);
#1408=LINE('',#9363,#1910);
#1409=LINE('',#9364,#1911);
#1410=LINE('',#9382,#1912);
#1411=LINE('',#9405,#1913);
#1412=LINE('',#9413,#1914);
#1413=LINE('',#9415,#1915);
#1414=LINE('',#9416,#1916);
#1415=LINE('',#9434,#1917);
#1416=LINE('',#9457,#1918);
#1417=LINE('',#9465,#1919);
#1418=LINE('',#9467,#1920);
#1419=LINE('',#9468,#1921);
#1420=LINE('',#9486,#1922);
#1421=LINE('',#9509,#1923);
#1422=LINE('',#9532,#1924);
#1423=LINE('',#9555,#1925);
#1424=LINE('',#9563,#1926);
#1425=LINE('',#9565,#1927);
#1426=LINE('',#9566,#1928);
#1427=LINE('',#9584,#1929);
#1428=LINE('',#9607,#1930);
#1429=LINE('',#9656,#1931);
#1430=LINE('',#9663,#1932);
#1431=LINE('',#9682,#1933);
#1432=LINE('',#9689,#1934);
#1433=LINE('',#9692,#1935);
#1434=LINE('',#9694,#1936);
#1435=LINE('',#9695,#1937);
#1436=LINE('',#9713,#1938);
#1437=LINE('',#9736,#1939);
#1438=LINE('',#9759,#1940);
#1439=LINE('',#9782,#1941);
#1440=LINE('',#9790,#1942);
#1441=LINE('',#9792,#1943);
#1442=LINE('',#9793,#1944);
#1443=LINE('',#9811,#1945);
#1444=LINE('',#9834,#1946);
#1445=LINE('',#9877,#1947);
#1446=LINE('',#9900,#1948);
#1447=LINE('',#9908,#1949);
#1448=LINE('',#9910,#1950);
#1449=LINE('',#9911,#1951);
#1450=LINE('',#9929,#1952);
#1451=LINE('',#9952,#1953);
#1452=LINE('',#9975,#1954);
#1453=LINE('',#9998,#1955);
#1454=LINE('',#10021,#1956);
#1455=LINE('',#10044,#1957);
#1456=LINE('',#10052,#1958);
#1457=LINE('',#10054,#1959);
#1458=LINE('',#10055,#1960);
#1459=LINE('',#10073,#1961);
#1460=LINE('',#10096,#1962);
#1461=LINE('',#10149,#1963);
#1462=LINE('',#10156,#1964);
#1463=LINE('',#10175,#1965);
#1464=LINE('',#10182,#1966);
#1465=LINE('',#10185,#1967);
#1466=LINE('',#10187,#1968);
#1467=LINE('',#10188,#1969);
#1468=LINE('',#10206,#1970);
#1469=LINE('',#10229,#1971);
#1470=LINE('',#10252,#1972);
#1471=LINE('',#10275,#1973);
#1472=LINE('',#10283,#1974);
#1473=LINE('',#10285,#1975);
#1474=LINE('',#10286,#1976);
#1475=LINE('',#10304,#1977);
#1476=LINE('',#10327,#1978);
#1477=LINE('',#10370,#1979);
#1478=LINE('',#10393,#1980);
#1479=LINE('',#10401,#1981);
#1480=LINE('',#10403,#1982);
#1481=LINE('',#10404,#1983);
#1482=LINE('',#10422,#1984);
#1483=LINE('',#10445,#1985);
#1484=LINE('',#10468,#1986);
#1485=LINE('',#10491,#1987);
#1486=LINE('',#10514,#1988);
#1487=LINE('',#10537,#1989);
#1488=LINE('',#10545,#1990);
#1489=LINE('',#10547,#1991);
#1490=LINE('',#10548,#1992);
#1491=LINE('',#10566,#1993);
#1492=LINE('',#10589,#1994);
#1493=LINE('',#10623,#1995);
#1494=LINE('',#10625,#1996);
#1495=LINE('',#10627,#1997);
#1496=LINE('',#10628,#1998);
#1497=LINE('',#10631,#1999);
#1498=LINE('',#10633,#2000);
#1499=LINE('',#10634,#2001);
#1500=LINE('',#10637,#2002);
#1501=LINE('',#10639,#2003);
#1502=LINE('',#10640,#2004);
#1503=LINE('',#10643,#2005);
#1504=LINE('',#10645,#2006);
#1505=LINE('',#10646,#2007);
#1506=LINE('',#10649,#2008);
#1507=LINE('',#10651,#2009);
#1508=LINE('',#10652,#2010);
#1509=LINE('',#10655,#2011);
#1510=LINE('',#10657,#2012);
#1511=LINE('',#10658,#2013);
#1512=LINE('',#10661,#2014);
#1513=LINE('',#10663,#2015);
#1514=LINE('',#10664,#2016);
#1515=LINE('',#10667,#2017);
#1516=LINE('',#10669,#2018);
#1517=LINE('',#10670,#2019);
#1518=LINE('',#10673,#2020);
#1519=LINE('',#10675,#2021);
#1520=LINE('',#10676,#2022);
#1521=LINE('',#10679,#2023);
#1522=LINE('',#10681,#2024);
#1523=LINE('',#10682,#2025);
#1524=LINE('',#10685,#2026);
#1525=LINE('',#10687,#2027);
#1526=LINE('',#10688,#2028);
#1527=LINE('',#10691,#2029);
#1528=LINE('',#10693,#2030);
#1529=LINE('',#10694,#2031);
#1530=LINE('',#10696,#2032);
#1531=LINE('',#10697,#2033);
#1532=LINE('',#10702,#2034);
#1533=LINE('',#10704,#2035);
#1534=LINE('',#10706,#2036);
#1535=LINE('',#10707,#2037);
#1536=LINE('',#10710,#2038);
#1537=LINE('',#10712,#2039);
#1538=LINE('',#10713,#2040);
#1539=LINE('',#10716,#2041);
#1540=LINE('',#10718,#2042);
#1541=LINE('',#10719,#2043);
#1542=LINE('',#10722,#2044);
#1543=LINE('',#10724,#2045);
#1544=LINE('',#10725,#2046);
#1545=LINE('',#10728,#2047);
#1546=LINE('',#10730,#2048);
#1547=LINE('',#10731,#2049);
#1548=LINE('',#10733,#2050);
#1549=LINE('',#10734,#2051);
#1550=LINE('',#10739,#2052);
#1551=LINE('',#10741,#2053);
#1552=LINE('',#10743,#2054);
#1553=LINE('',#10744,#2055);
#1554=LINE('',#10747,#2056);
#1555=LINE('',#10749,#2057);
#1556=LINE('',#10750,#2058);
#1557=LINE('',#10753,#2059);
#1558=LINE('',#10755,#2060);
#1559=LINE('',#10756,#2061);
#1560=LINE('',#10759,#2062);
#1561=LINE('',#10761,#2063);
#1562=LINE('',#10762,#2064);
#1563=LINE('',#10765,#2065);
#1564=LINE('',#10767,#2066);
#1565=LINE('',#10768,#2067);
#1566=LINE('',#10771,#2068);
#1567=LINE('',#10773,#2069);
#1568=LINE('',#10774,#2070);
#1569=LINE('',#10777,#2071);
#1570=LINE('',#10779,#2072);
#1571=LINE('',#10780,#2073);
#1572=LINE('',#10783,#2074);
#1573=LINE('',#10785,#2075);
#1574=LINE('',#10786,#2076);
#1575=LINE('',#10789,#2077);
#1576=LINE('',#10791,#2078);
#1577=LINE('',#10792,#2079);
#1578=LINE('',#10795,#2080);
#1579=LINE('',#10797,#2081);
#1580=LINE('',#10798,#2082);
#1581=LINE('',#10801,#2083);
#1582=LINE('',#10803,#2084);
#1583=LINE('',#10804,#2085);
#1584=LINE('',#10807,#2086);
#1585=LINE('',#10809,#2087);
#1586=LINE('',#10810,#2088);
#1587=LINE('',#10812,#2089);
#1588=LINE('',#10813,#2090);
#1589=LINE('',#10837,#2091);
#1590=LINE('',#10844,#2092);
#1591=LINE('',#10863,#2093);
#1592=LINE('',#10870,#2094);
#1593=LINE('',#10888,#2095);
#1594=LINE('',#10896,#2096);
#1595=LINE('',#10898,#2097);
#1596=LINE('',#10899,#2098);
#1597=LINE('',#10917,#2099);
#1598=LINE('',#10940,#2100);
#1599=LINE('',#10963,#2101);
#1600=LINE('',#10986,#2102);
#1601=LINE('',#10994,#2103);
#1602=LINE('',#10996,#2104);
#1603=LINE('',#10997,#2105);
#1604=LINE('',#11015,#2106);
#1605=LINE('',#11038,#2107);
#1606=LINE('',#11085,#2108);
#1607=LINE('',#11093,#2109);
#1608=LINE('',#11095,#2110);
#1609=LINE('',#11096,#2111);
#1610=LINE('',#11114,#2112);
#1611=LINE('',#11137,#2113);
#1612=LINE('',#11160,#2114);
#1613=LINE('',#11183,#2115);
#1614=LINE('',#11191,#2116);
#1615=LINE('',#11193,#2117);
#1616=LINE('',#11194,#2118);
#1617=LINE('',#11212,#2119);
#1618=LINE('',#11235,#2120);
#1619=LINE('',#11243,#2121);
#1620=LINE('',#11245,#2122);
#1621=LINE('',#11246,#2123);
#1622=LINE('',#11249,#2124);
#1623=LINE('',#11251,#2125);
#1624=LINE('',#11252,#2126);
#1625=LINE('',#11255,#2127);
#1626=LINE('',#11257,#2128);
#1627=LINE('',#11258,#2129);
#1628=LINE('',#11276,#2130);
#1629=LINE('',#11299,#2131);
#1630=LINE('',#11307,#2132);
#1631=LINE('',#11309,#2133);
#1632=LINE('',#11310,#2134);
#1633=LINE('',#11328,#2135);
#1634=LINE('',#11351,#2136);
#1635=LINE('',#11374,#2137);
#1636=LINE('',#11382,#2138);
#1637=LINE('',#11384,#2139);
#1638=LINE('',#11385,#2140);
#1639=LINE('',#11403,#2141);
#1640=LINE('',#11426,#2142);
#1641=LINE('',#11454,#2143);
#1642=LINE('',#11455,#2144);
#1643=LINE('',#11456,#2145);
#1644=LINE('',#11458,#2146);
#1645=LINE('',#11462,#2147);
#1646=LINE('',#11465,#2148);
#1647=LINE('',#11466,#2149);
#1648=LINE('',#11472,#2150);
#1649=LINE('',#11474,#2151);
#1650=LINE('',#11477,#2152);
#1651=LINE('',#11486,#2153);
#1652=LINE('',#11489,#2154);
#1653=LINE('',#11499,#2155);
#1654=LINE('',#11503,#2156);
#1655=LINE('',#11507,#2157);
#1656=LINE('',#11521,#2158);
#1657=LINE('',#11671,#2159);
#1658=LINE('',#11673,#2160);
#1659=LINE('',#11685,#2161);
#1660=LINE('',#11693,#2162);
#1661=LINE('',#11701,#2163);
#1662=LINE('',#11709,#2164);
#1663=LINE('',#11710,#2165);
#1664=LINE('',#11712,#2166);
#1665=LINE('',#11721,#2167);
#1666=LINE('',#11725,#2168);
#1667=LINE('',#11734,#2169);
#1668=LINE('',#11740,#2170);
#1669=LINE('',#11744,#2171);
#1670=LINE('',#11747,#2172);
#1671=LINE('',#11752,#2173);
#1672=LINE('',#11755,#2174);
#1673=LINE('',#11759,#2175);
#1674=LINE('',#11760,#2176);
#1675=LINE('',#11768,#2177);
#1676=LINE('',#11772,#2178);
#1677=LINE('',#11779,#2179);
#1678=LINE('',#11789,#2180);
#1679=LINE('',#11793,#2181);
#1680=LINE('',#11794,#2182);
#1681=LINE('',#11797,#2183);
#1682=LINE('',#11798,#2184);
#1683=LINE('',#11809,#2185);
#1684=LINE('',#11812,#2186);
#1685=LINE('',#11823,#2187);
#1686=LINE('',#11824,#2188);
#1687=LINE('',#11830,#2189);
#1688=LINE('',#11833,#2190);
#1689=LINE('',#11836,#2191);
#1690=LINE('',#11837,#2192);
#1691=LINE('',#11843,#2193);
#1692=LINE('',#11847,#2194);
#1693=LINE('',#11851,#2195);
#1694=LINE('',#11854,#2196);
#1695=LINE('',#11863,#2197);
#1696=LINE('',#11864,#2198);
#1697=LINE('',#11870,#2199);
#1698=LINE('',#11872,#2200);
#1699=LINE('',#11874,#2201);
#1700=LINE('',#11875,#2202);
#1701=LINE('',#11884,#2203);
#1702=LINE('',#11886,#2204);
#1703=LINE('',#11887,#2205);
#1704=LINE('',#11890,#2206);
#1705=LINE('',#11891,#2207);
#1706=LINE('',#11901,#2208);
#1707=LINE('',#11909,#2209);
#1708=LINE('',#11917,#2210);
#1709=LINE('',#11923,#2211);
#1710=LINE('',#11926,#2212);
#1711=LINE('',#11928,#2213);
#1712=LINE('',#11929,#2214);
#1713=LINE('',#11932,#2215);
#1714=LINE('',#11936,#2216);
#1715=LINE('',#11937,#2217);
#1716=LINE('',#11940,#2218);
#1717=LINE('',#11944,#2219);
#1718=LINE('',#11947,#2220);
#1719=LINE('',#11950,#2221);
#1720=LINE('',#11951,#2222);
#1721=LINE('',#11955,#2223);
#1722=LINE('',#11958,#2224);
#1723=LINE('',#11961,#2225);
#1724=LINE('',#11964,#2226);
#1725=LINE('',#11967,#2227);
#1726=LINE('',#11970,#2228);
#1727=LINE('',#11973,#2229);
#1728=LINE('',#11976,#2230);
#1729=LINE('',#11977,#2231);
#1730=LINE('',#11979,#2232);
#1731=VECTOR('',#6474,10.);
#1732=VECTOR('',#6477,10.);
#1733=VECTOR('',#6480,10.);
#1734=VECTOR('',#6483,10.);
#1735=VECTOR('',#6484,10.);
#1736=VECTOR('',#6485,10.);
#1737=VECTOR('',#6486,10.);
#1738=VECTOR('',#6487,10.);
#1739=VECTOR('',#6490,10.);
#1740=VECTOR('',#6493,10.);
#1741=VECTOR('',#6502,10.);
#1742=VECTOR('',#6505,10.);
#1743=VECTOR('',#6506,10.);
#1744=VECTOR('',#6507,10.);
#1745=VECTOR('',#6508,10.);
#1746=VECTOR('',#6509,10.);
#1747=VECTOR('',#6510,10.);
#1748=VECTOR('',#6511,10.);
#1749=VECTOR('',#6512,10.);
#1750=VECTOR('',#6513,10.);
#1751=VECTOR('',#6514,10.);
#1752=VECTOR('',#6517,10.);
#1753=VECTOR('',#6518,10.);
#1754=VECTOR('',#6519,10.);
#1755=VECTOR('',#6522,10.);
#1756=VECTOR('',#6523,10.);
#1757=VECTOR('',#6524,10.);
#1758=VECTOR('',#6529,10.);
#1759=VECTOR('',#6538,10.);
#1760=VECTOR('',#6543,10.);
#1761=VECTOR('',#6546,10.);
#1762=VECTOR('',#6547,10.);
#1763=VECTOR('',#6550,10.);
#1764=VECTOR('',#6551,10.);
#1765=VECTOR('',#6552,10.);
#1766=VECTOR('',#6553,10.);
#1767=VECTOR('',#6554,10.);
#1768=VECTOR('',#6555,10.);
#1769=VECTOR('',#6558,10.);
#1770=VECTOR('',#6559,10.);
#1771=VECTOR('',#6560,10.);
#1772=VECTOR('',#6561,10.);
#1773=VECTOR('',#6562,10.);
#1774=VECTOR('',#6563,10.);
#1775=VECTOR('',#6564,10.);
#1776=VECTOR('',#6565,10.);
#1777=VECTOR('',#6566,10.);
#1778=VECTOR('',#6569,10.);
#1779=VECTOR('',#6570,10.);
#1780=VECTOR('',#6573,10.);
#1781=VECTOR('',#6576,10.);
#1782=VECTOR('',#6577,10.);
#1783=VECTOR('',#6580,10.);
#1784=VECTOR('',#6581,10.);
#1785=VECTOR('',#6582,10.);
#1786=VECTOR('',#6583,10.);
#1787=VECTOR('',#6584,10.);
#1788=VECTOR('',#6587,10.);
#1789=VECTOR('',#6588,10.);
#1790=VECTOR('',#6589,10.);
#1791=VECTOR('',#6590,10.);
#1792=VECTOR('',#6591,10.);
#1793=VECTOR('',#6594,10.);
#1794=VECTOR('',#6595,10.);
#1795=VECTOR('',#6596,10.);
#1796=VECTOR('',#6597,10.);
#1797=VECTOR('',#6598,10.);
#1798=VECTOR('',#6599,10.);
#1799=VECTOR('',#6600,10.);
#1800=VECTOR('',#6603,10.);
#1801=VECTOR('',#6604,10.);
#1802=VECTOR('',#6605,10.);
#1803=VECTOR('',#6606,10.);
#1804=VECTOR('',#6607,10.);
#1805=VECTOR('',#6608,10.);
#1806=VECTOR('',#6609,10.);
#1807=VECTOR('',#6610,10.);
#1808=VECTOR('',#6613,10.);
#1809=VECTOR('',#6614,10.);
#1810=VECTOR('',#6615,10.);
#1811=VECTOR('',#6616,10.);
#1812=VECTOR('',#6617,10.);
#1813=VECTOR('',#6620,10.);
#1814=VECTOR('',#6621,10.);
#1815=VECTOR('',#6622,10.);
#1816=VECTOR('',#6623,10.);
#1817=VECTOR('',#6624,10.);
#1818=VECTOR('',#6627,10.);
#1819=VECTOR('',#6628,10.);
#1820=VECTOR('',#6629,10.);
#1821=VECTOR('',#6630,10.);
#1822=VECTOR('',#6631,10.);
#1823=VECTOR('',#6632,10.);
#1824=VECTOR('',#6633,10.);
#1825=VECTOR('',#6636,10.);
#1826=VECTOR('',#6637,10.);
#1827=VECTOR('',#6638,10.);
#1828=VECTOR('',#6639,10.);
#1829=VECTOR('',#6640,10.);
#1830=VECTOR('',#6643,10.);
#1831=VECTOR('',#6644,10.);
#1832=VECTOR('',#6645,10.);
#1833=VECTOR('',#6646,10.);
#1834=VECTOR('',#6647,10.);
#1835=VECTOR('',#6650,10.);
#1836=VECTOR('',#6651,10.);
#1837=VECTOR('',#6652,10.);
#1838=VECTOR('',#6653,10.);
#1839=VECTOR('',#6654,10.);
#1840=VECTOR('',#6655,10.);
#1841=VECTOR('',#6656,10.);
#1842=VECTOR('',#6659,10.);
#1843=VECTOR('',#6660,10.);
#1844=VECTOR('',#6661,10.);
#1845=VECTOR('',#6662,10.);
#1846=VECTOR('',#6663,10.);
#1847=VECTOR('',#6664,10.);
#1848=VECTOR('',#6667,10.);
#1849=VECTOR('',#6668,10.);
#1850=VECTOR('',#6669,10.);
#1851=VECTOR('',#6670,10.);
#1852=VECTOR('',#6671,10.);
#1853=VECTOR('',#6672,10.);
#1854=VECTOR('',#6673,10.);
#1855=VECTOR('',#6676,10.);
#1856=VECTOR('',#6677,10.);
#1857=VECTOR('',#6678,10.);
#1858=VECTOR('',#6679,10.);
#1859=VECTOR('',#6680,10.);
#1860=VECTOR('',#6683,10.);
#1861=VECTOR('',#6684,10.);
#1862=VECTOR('',#6685,10.);
#1863=VECTOR('',#6688,10.);
#1864=VECTOR('',#6689,10.);
#1865=VECTOR('',#6690,10.);
#1866=VECTOR('',#6693,10.);
#1867=VECTOR('',#6694,10.);
#1868=VECTOR('',#6695,10.);
#1869=VECTOR('',#6696,10.);
#1870=VECTOR('',#6697,10.);
#1871=VECTOR('',#6700,10.);
#1872=VECTOR('',#6701,10.);
#1873=VECTOR('',#6702,10.);
#1874=VECTOR('',#6703,10.);
#1875=VECTOR('',#6704,10.);
#1876=VECTOR('',#6705,10.);
#1877=VECTOR('',#6708,10.);
#1878=VECTOR('',#6709,10.);
#1879=VECTOR('',#6710,10.);
#1880=VECTOR('',#6711,10.);
#1881=VECTOR('',#6712,10.);
#1882=VECTOR('',#6715,10.);
#1883=VECTOR('',#6716,10.);
#1884=VECTOR('',#6719,10.);
#1885=VECTOR('',#6720,10.);
#1886=VECTOR('',#6721,10.);
#1887=VECTOR('',#6722,10.);
#1888=VECTOR('',#6723,10.);
#1889=VECTOR('',#6726,10.);
#1890=VECTOR('',#6727,10.);
#1891=VECTOR('',#6728,10.);
#1892=VECTOR('',#6729,10.);
#1893=VECTOR('',#6730,10.);
#1894=VECTOR('',#6733,10.);
#1895=VECTOR('',#6734,10.);
#1896=VECTOR('',#6735,10.);
#1897=VECTOR('',#6736,10.);
#1898=VECTOR('',#6737,10.);
#1899=VECTOR('',#6738,10.);
#1900=VECTOR('',#6739,10.);
#1901=VECTOR('',#6742,10.);
#1902=VECTOR('',#6743,10.);
#1903=VECTOR('',#6744,10.);
#1904=VECTOR('',#6745,10.);
#1905=VECTOR('',#6746,10.);
#1906=VECTOR('',#6747,10.);
#1907=VECTOR('',#6748,10.);
#1908=VECTOR('',#6749,10.);
#1909=VECTOR('',#6752,10.);
#1910=VECTOR('',#6753,10.);
#1911=VECTOR('',#6754,10.);
#1912=VECTOR('',#6755,10.);
#1913=VECTOR('',#6756,10.);
#1914=VECTOR('',#6759,10.);
#1915=VECTOR('',#6760,10.);
#1916=VECTOR('',#6761,10.);
#1917=VECTOR('',#6762,10.);
#1918=VECTOR('',#6763,10.);
#1919=VECTOR('',#6766,10.);
#1920=VECTOR('',#6767,10.);
#1921=VECTOR('',#6768,10.);
#1922=VECTOR('',#6769,10.);
#1923=VECTOR('',#6770,10.);
#1924=VECTOR('',#6771,10.);
#1925=VECTOR('',#6772,10.);
#1926=VECTOR('',#6775,10.);
#1927=VECTOR('',#6776,10.);
#1928=VECTOR('',#6777,10.);
#1929=VECTOR('',#6778,10.);
#1930=VECTOR('',#6779,10.);
#1931=VECTOR('',#6782,10.);
#1932=VECTOR('',#6783,10.);
#1933=VECTOR('',#6784,10.);
#1934=VECTOR('',#6785,10.);
#1935=VECTOR('',#6788,10.);
#1936=VECTOR('',#6789,10.);
#1937=VECTOR('',#6790,10.);
#1938=VECTOR('',#6791,10.);
#1939=VECTOR('',#6792,10.);
#1940=VECTOR('',#6793,10.);
#1941=VECTOR('',#6794,10.);
#1942=VECTOR('',#6797,10.);
#1943=VECTOR('',#6798,10.);
#1944=VECTOR('',#6799,10.);
#1945=VECTOR('',#6800,10.);
#1946=VECTOR('',#6801,10.);
#1947=VECTOR('',#6802,10.);
#1948=VECTOR('',#6803,10.);
#1949=VECTOR('',#6806,10.);
#1950=VECTOR('',#6807,10.);
#1951=VECTOR('',#6808,10.);
#1952=VECTOR('',#6809,10.);
#1953=VECTOR('',#6810,10.);
#1954=VECTOR('',#6811,10.);
#1955=VECTOR('',#6812,10.);
#1956=VECTOR('',#6813,10.);
#1957=VECTOR('',#6814,10.);
#1958=VECTOR('',#6817,10.);
#1959=VECTOR('',#6818,10.);
#1960=VECTOR('',#6819,10.);
#1961=VECTOR('',#6820,10.);
#1962=VECTOR('',#6821,10.);
#1963=VECTOR('',#6824,10.);
#1964=VECTOR('',#6825,10.);
#1965=VECTOR('',#6826,10.);
#1966=VECTOR('',#6827,10.);
#1967=VECTOR('',#6830,10.);
#1968=VECTOR('',#6831,10.);
#1969=VECTOR('',#6832,10.);
#1970=VECTOR('',#6833,10.);
#1971=VECTOR('',#6834,10.);
#1972=VECTOR('',#6835,10.);
#1973=VECTOR('',#6836,10.);
#1974=VECTOR('',#6839,10.);
#1975=VECTOR('',#6840,10.);
#1976=VECTOR('',#6841,10.);
#1977=VECTOR('',#6842,10.);
#1978=VECTOR('',#6843,10.);
#1979=VECTOR('',#6844,10.);
#1980=VECTOR('',#6845,10.);
#1981=VECTOR('',#6848,10.);
#1982=VECTOR('',#6849,10.);
#1983=VECTOR('',#6850,10.);
#1984=VECTOR('',#6851,10.);
#1985=VECTOR('',#6852,10.);
#1986=VECTOR('',#6853,10.);
#1987=VECTOR('',#6854,10.);
#1988=VECTOR('',#6855,10.);
#1989=VECTOR('',#6856,10.);
#1990=VECTOR('',#6859,10.);
#1991=VECTOR('',#6860,10.);
#1992=VECTOR('',#6861,10.);
#1993=VECTOR('',#6862,10.);
#1994=VECTOR('',#6863,10.);
#1995=VECTOR('',#6868,10.);
#1996=VECTOR('',#6869,10.);
#1997=VECTOR('',#6870,10.);
#1998=VECTOR('',#6871,10.);
#1999=VECTOR('',#6874,10.);
#2000=VECTOR('',#6875,10.);
#2001=VECTOR('',#6876,10.);
#2002=VECTOR('',#6879,10.);
#2003=VECTOR('',#6880,10.);
#2004=VECTOR('',#6881,10.);
#2005=VECTOR('',#6884,10.);
#2006=VECTOR('',#6885,10.);
#2007=VECTOR('',#6886,10.);
#2008=VECTOR('',#6889,10.);
#2009=VECTOR('',#6890,10.);
#2010=VECTOR('',#6891,10.);
#2011=VECTOR('',#6894,10.);
#2012=VECTOR('',#6895,10.);
#2013=VECTOR('',#6896,10.);
#2014=VECTOR('',#6899,10.);
#2015=VECTOR('',#6900,10.);
#2016=VECTOR('',#6901,10.);
#2017=VECTOR('',#6904,10.);
#2018=VECTOR('',#6905,10.);
#2019=VECTOR('',#6906,10.);
#2020=VECTOR('',#6909,10.);
#2021=VECTOR('',#6910,10.);
#2022=VECTOR('',#6911,10.);
#2023=VECTOR('',#6914,10.);
#2024=VECTOR('',#6915,10.);
#2025=VECTOR('',#6916,10.);
#2026=VECTOR('',#6919,10.);
#2027=VECTOR('',#6920,10.);
#2028=VECTOR('',#6921,10.);
#2029=VECTOR('',#6924,10.);
#2030=VECTOR('',#6925,10.);
#2031=VECTOR('',#6926,10.);
#2032=VECTOR('',#6929,10.);
#2033=VECTOR('',#6930,10.);
#2034=VECTOR('',#6935,10.);
#2035=VECTOR('',#6936,10.);
#2036=VECTOR('',#6937,10.);
#2037=VECTOR('',#6938,10.);
#2038=VECTOR('',#6941,10.);
#2039=VECTOR('',#6942,10.);
#2040=VECTOR('',#6943,10.);
#2041=VECTOR('',#6946,10.);
#2042=VECTOR('',#6947,10.);
#2043=VECTOR('',#6948,10.);
#2044=VECTOR('',#6951,10.);
#2045=VECTOR('',#6952,10.);
#2046=VECTOR('',#6953,10.);
#2047=VECTOR('',#6956,10.);
#2048=VECTOR('',#6957,10.);
#2049=VECTOR('',#6958,10.);
#2050=VECTOR('',#6961,10.);
#2051=VECTOR('',#6962,10.);
#2052=VECTOR('',#6967,10.);
#2053=VECTOR('',#6968,10.);
#2054=VECTOR('',#6969,10.);
#2055=VECTOR('',#6970,10.);
#2056=VECTOR('',#6973,10.);
#2057=VECTOR('',#6974,10.);
#2058=VECTOR('',#6975,10.);
#2059=VECTOR('',#6978,10.);
#2060=VECTOR('',#6979,10.);
#2061=VECTOR('',#6980,10.);
#2062=VECTOR('',#6983,10.);
#2063=VECTOR('',#6984,10.);
#2064=VECTOR('',#6985,10.);
#2065=VECTOR('',#6988,10.);
#2066=VECTOR('',#6989,10.);
#2067=VECTOR('',#6990,10.);
#2068=VECTOR('',#6993,10.);
#2069=VECTOR('',#6994,10.);
#2070=VECTOR('',#6995,10.);
#2071=VECTOR('',#6998,10.);
#2072=VECTOR('',#6999,10.);
#2073=VECTOR('',#7000,10.);
#2074=VECTOR('',#7003,10.);
#2075=VECTOR('',#7004,10.);
#2076=VECTOR('',#7005,10.);
#2077=VECTOR('',#7008,10.);
#2078=VECTOR('',#7009,10.);
#2079=VECTOR('',#7010,10.);
#2080=VECTOR('',#7013,10.);
#2081=VECTOR('',#7014,10.);
#2082=VECTOR('',#7015,10.);
#2083=VECTOR('',#7018,10.);
#2084=VECTOR('',#7019,10.);
#2085=VECTOR('',#7020,10.);
#2086=VECTOR('',#7023,10.);
#2087=VECTOR('',#7024,10.);
#2088=VECTOR('',#7025,10.);
#2089=VECTOR('',#7028,10.);
#2090=VECTOR('',#7029,10.);
#2091=VECTOR('',#7032,10.);
#2092=VECTOR('',#7033,10.);
#2093=VECTOR('',#7034,10.);
#2094=VECTOR('',#7035,10.);
#2095=VECTOR('',#7036,10.);
#2096=VECTOR('',#7039,10.);
#2097=VECTOR('',#7040,10.);
#2098=VECTOR('',#7041,10.);
#2099=VECTOR('',#7042,10.);
#2100=VECTOR('',#7043,10.);
#2101=VECTOR('',#7044,10.);
#2102=VECTOR('',#7045,10.);
#2103=VECTOR('',#7048,10.);
#2104=VECTOR('',#7049,10.);
#2105=VECTOR('',#7050,10.);
#2106=VECTOR('',#7051,10.);
#2107=VECTOR('',#7052,10.);
#2108=VECTOR('',#7053,10.);
#2109=VECTOR('',#7056,10.);
#2110=VECTOR('',#7057,10.);
#2111=VECTOR('',#7058,10.);
#2112=VECTOR('',#7059,10.);
#2113=VECTOR('',#7060,10.);
#2114=VECTOR('',#7061,10.);
#2115=VECTOR('',#7062,10.);
#2116=VECTOR('',#7065,10.);
#2117=VECTOR('',#7066,10.);
#2118=VECTOR('',#7067,10.);
#2119=VECTOR('',#7068,10.);
#2120=VECTOR('',#7069,10.);
#2121=VECTOR('',#7072,10.);
#2122=VECTOR('',#7073,10.);
#2123=VECTOR('',#7074,10.);
#2124=VECTOR('',#7077,10.);
#2125=VECTOR('',#7078,10.);
#2126=VECTOR('',#7079,10.);
#2127=VECTOR('',#7082,10.);
#2128=VECTOR('',#7083,10.);
#2129=VECTOR('',#7084,10.);
#2130=VECTOR('',#7085,10.);
#2131=VECTOR('',#7086,10.);
#2132=VECTOR('',#7089,10.);
#2133=VECTOR('',#7090,10.);
#2134=VECTOR('',#7091,10.);
#2135=VECTOR('',#7092,10.);
#2136=VECTOR('',#7093,10.);
#2137=VECTOR('',#7094,10.);
#2138=VECTOR('',#7097,10.);
#2139=VECTOR('',#7098,10.);
#2140=VECTOR('',#7099,10.);
#2141=VECTOR('',#7100,10.);
#2142=VECTOR('',#7101,10.);
#2143=VECTOR('',#7106,10.);
#2144=VECTOR('',#7107,10.);
#2145=VECTOR('',#7108,10.);
#2146=VECTOR('',#7109,10.);
#2147=VECTOR('',#7112,10.);
#2148=VECTOR('',#7115,10.);
#2149=VECTOR('',#7116,10.);
#2150=VECTOR('',#7123,10.);
#2151=VECTOR('',#7126,10.);
#2152=VECTOR('',#7131,10.);
#2153=VECTOR('',#7136,10.);
#2154=VECTOR('',#7139,10.);
#2155=VECTOR('',#7144,10.);
#2156=VECTOR('',#7149,10.);
#2157=VECTOR('',#7154,10.);
#2158=VECTOR('',#7179,10.);
#2159=VECTOR('',#7214,10.);
#2160=VECTOR('',#7217,10.);
#2161=VECTOR('',#7234,10.);
#2162=VECTOR('',#7245,10.);
#2163=VECTOR('',#7256,10.);
#2164=VECTOR('',#7267,10.);
#2165=VECTOR('',#7268,10.);
#2166=VECTOR('',#7271,10.);
#2167=VECTOR('',#7282,10.);
#2168=VECTOR('',#7285,10.);
#2169=VECTOR('',#7296,10.);
#2170=VECTOR('',#7303,10.);
#2171=VECTOR('',#7308,10.);
#2172=VECTOR('',#7311,10.);
#2173=VECTOR('',#7318,10.);
#2174=VECTOR('',#7321,10.);
#2175=VECTOR('',#7326,10.);
#2176=VECTOR('',#7327,10.);
#2177=VECTOR('',#7338,1.5);
#2178=VECTOR('',#7343,3.5);
#2179=VECTOR('',#7352,1.5);
#2180=VECTOR('',#7367,1.5);
#2181=VECTOR('',#7372,10.);
#2182=VECTOR('',#7373,10.);
#2183=VECTOR('',#7376,10.);
#2184=VECTOR('',#7377,10.);
#2185=VECTOR('',#7392,10.);
#2186=VECTOR('',#7395,10.);
#2187=VECTOR('',#7408,10.);
#2188=VECTOR('',#7409,10.);
#2189=VECTOR('',#7418,10.);
#2190=VECTOR('',#7421,10.);
#2191=VECTOR('',#7424,10.);
#2192=VECTOR('',#7425,10.);
#2193=VECTOR('',#7430,10.);
#2194=VECTOR('',#7433,10.);
#2195=VECTOR('',#7436,10.);
#2196=VECTOR('',#7439,10.);
#2197=VECTOR('',#7448,10.);
#2198=VECTOR('',#7449,10.);
#2199=VECTOR('',#7456,10.);
#2200=VECTOR('',#7457,10.);
#2201=VECTOR('',#7458,10.);
#2202=VECTOR('',#7459,10.);
#2203=VECTOR('',#7468,10.);
#2204=VECTOR('',#7469,10.);
#2205=VECTOR('',#7470,10.);
#2206=VECTOR('',#7473,10.);
#2207=VECTOR('',#7474,10.);
#2208=VECTOR('',#7487,10.);
#2209=VECTOR('',#7498,10.);
#2210=VECTOR('',#7509,10.);
#2211=VECTOR('',#7518,10.);
#2212=VECTOR('',#7521,10.);
#2213=VECTOR('',#7522,10.);
#2214=VECTOR('',#7523,10.);
#2215=VECTOR('',#7526,10.);
#2216=VECTOR('',#7531,10.);
#2217=VECTOR('',#7532,10.);
#2218=VECTOR('',#7535,10.);
#2219=VECTOR('',#7540,10.);
#2220=VECTOR('',#7543,10.);
#2221=VECTOR('',#7546,10.);
#2222=VECTOR('',#7547,10.);
#2223=VECTOR('',#7554,10.);
#2224=VECTOR('',#7557,2.6);
#2225=VECTOR('',#7562,1.6);
#2226=VECTOR('',#7565,2.6);
#2227=VECTOR('',#7570,1.6);
#2228=VECTOR('',#7573,2.6);
#2229=VECTOR('',#7578,1.6);
#2230=VECTOR('',#7581,10.);
#2231=VECTOR('',#7582,10.);
#2232=VECTOR('',#7585,10.);
#2233=CIRCLE('',#6161,2.);
#2234=CIRCLE('',#6162,2.);
#2235=CIRCLE('',#6163,2.);
#2236=CIRCLE('',#6164,2.);
#2237=CIRCLE('',#6166,2.);
#2238=CIRCLE('',#6167,3.);
#2239=CIRCLE('',#6168,4.5);
#2240=CIRCLE('',#6169,3.);
#2241=CIRCLE('',#6170,2.);
#2242=CIRCLE('',#6174,2.);
#2243=CIRCLE('',#6176,2.5);
#2244=CIRCLE('',#6177,2.5);
#2245=CIRCLE('',#6178,5.);
#2246=CIRCLE('',#6179,2.5);
#2247=CIRCLE('',#6180,2.5);
#2248=CIRCLE('',#6182,2.);
#2249=CIRCLE('',#6187,2.);
#2250=CIRCLE('',#6272,0.499999999999999);
#2251=CIRCLE('',#6273,0.5);
#2252=CIRCLE('',#6277,2.);
#2253=CIRCLE('',#6278,2.);
#2254=CIRCLE('',#6280,2.);
#2255=CIRCLE('',#6283,2.);
#2256=CIRCLE('',#6285,3.);
#2257=CIRCLE('',#6287,4.5);
#2258=CIRCLE('',#6289,3.);
#2259=CIRCLE('',#6291,0.499999999999989);
#2260=CIRCLE('',#6292,0.5);
#2261=CIRCLE('',#6294,0.499999999999999);
#2262=CIRCLE('',#6296,0.5);
#2263=CIRCLE('',#6298,0.500000000000003);
#2264=CIRCLE('',#6300,0.5);
#2265=CIRCLE('',#6302,0.499999999999999);
#2266=CIRCLE('',#6303,2.);
#2267=CIRCLE('',#6305,0.499999999999996);
#2268=CIRCLE('',#6306,0.499999999999998);
#2269=CIRCLE('',#6308,0.499999999999989);
#2270=CIRCLE('',#6309,2.5);
#2271=CIRCLE('',#6311,0.499999999999999);
#2272=CIRCLE('',#6312,2.5);
#2273=CIRCLE('',#6313,2.);
#2274=CIRCLE('',#6315,0.500000000000005);
#2275=CIRCLE('',#6316,0.5);
#2276=CIRCLE('',#6322,0.500000000000005);
#2277=CIRCLE('',#6323,1.5);
#2278=CIRCLE('',#6324,0.5);
#2279=CIRCLE('',#6326,0.5);
#2280=CIRCLE('',#6328,0.5);
#2281=CIRCLE('',#6329,1.5);
#2282=CIRCLE('',#6331,0.5);
#2283=CIRCLE('',#6333,0.5);
#2284=CIRCLE('',#6334,1.5);
#2285=CIRCLE('',#6336,0.5);
#2286=CIRCLE('',#6338,0.5);
#2287=CIRCLE('',#6339,2.);
#2288=CIRCLE('',#6340,1.5);
#2289=CIRCLE('',#6346,5.);
#2290=CIRCLE('',#6347,0.999999999999988);
#2291=CIRCLE('',#6348,0.999999999999996);
#2292=CIRCLE('',#6349,0.999999999999996);
#2293=CIRCLE('',#6350,1.5);
#2294=CIRCLE('',#6351,6.5);
#2295=CIRCLE('',#6352,1.6);
#2296=CIRCLE('',#6353,4.99999999999999);
#2297=CIRCLE('',#6354,3.5);
#2298=CIRCLE('',#6356,4.99999999999999);
#2299=CIRCLE('',#6358,1.5);
#2300=CIRCLE('',#6360,1.6);
#2301=CIRCLE('',#6362,0.999999999999988);
#2302=CIRCLE('',#6364,0.999999999999996);
#2303=CIRCLE('',#6367,5.);
#2304=CIRCLE('',#6370,1.5);
#2305=CIRCLE('',#6371,1.5);
#2306=CIRCLE('',#6373,3.5);
#2307=CIRCLE('',#6376,1.5);
#2308=CIRCLE('',#6377,1.5);
#2309=CIRCLE('',#6379,6.5);
#2310=CIRCLE('',#6383,1.5);
#2311=CIRCLE('',#6384,1.5);
#2312=CIRCLE('',#6388,0.999999999999996);
#2313=CIRCLE('',#6393,0.499999999999998);
#2314=CIRCLE('',#6394,0.49999999999998);
#2315=CIRCLE('',#6396,0.499999999999998);
#2316=CIRCLE('',#6397,3.50000000000001);
#2317=CIRCLE('',#6398,3.00000000000001);
#2318=CIRCLE('',#6400,0.499999999999998);
#2319=CIRCLE('',#6402,3.5);
#2320=CIRCLE('',#6403,3.);
#2321=CIRCLE('',#6405,3.00000000000001);
#2322=CIRCLE('',#6408,1.5);
#2323=CIRCLE('',#6409,1.5);
#2324=CIRCLE('',#6410,1.5);
#2325=CIRCLE('',#6411,1.5);
#2326=CIRCLE('',#6412,3.6);
#2327=CIRCLE('',#6413,3.6);
#2328=CIRCLE('',#6414,3.6);
#2329=CIRCLE('',#6417,3.);
#2330=CIRCLE('',#6419,1.6);
#2331=CIRCLE('',#6420,1.6);
#2332=CIRCLE('',#6421,1.6);
#2333=CIRCLE('',#6425,0.499999999999998);
#2334=CIRCLE('',#6426,0.499999999999998);
#2335=CIRCLE('',#6427,2.);
#2336=CIRCLE('',#6429,0.499999999999998);
#2337=CIRCLE('',#6431,0.499999999999998);
#2338=CIRCLE('',#6432,2.);
#2339=CIRCLE('',#6434,0.499999999999998);
#2340=CIRCLE('',#6436,0.499999999999998);
#2341=CIRCLE('',#6437,2.);
#2342=CIRCLE('',#6439,0.499999999999998);
#2343=CIRCLE('',#6441,0.499999999999998);
#2344=CIRCLE('',#6442,2.);
#2345=CIRCLE('',#6446,2.);
#2346=CIRCLE('',#6449,2.);
#2347=CIRCLE('',#6451,2.);
#2348=CIRCLE('',#6454,2.);
#2349=CIRCLE('',#6457,1.6);
#2350=CIRCLE('',#6460,1.6);
#2351=CIRCLE('',#6463,1.6);
#2352=VERTEX_POINT('',#7590);
#2353=VERTEX_POINT('',#7591);
#2354=VERTEX_POINT('',#7593);
#2355=VERTEX_POINT('',#7595);
#2356=VERTEX_POINT('',#7597);
#2357=VERTEX_POINT('',#7599);
#2358=VERTEX_POINT('',#7601);
#2359=VERTEX_POINT('',#7603);
#2360=VERTEX_POINT('',#7606);
#2361=VERTEX_POINT('',#7607);
#2362=VERTEX_POINT('',#7609);
#2363=VERTEX_POINT('',#7611);
#2364=VERTEX_POINT('',#7615);
#2365=VERTEX_POINT('',#7617);
#2366=VERTEX_POINT('',#7619);
#2367=VERTEX_POINT('',#7621);
#2368=VERTEX_POINT('',#7623);
#2369=VERTEX_POINT('',#7625);
#2370=VERTEX_POINT('',#7627);
#2371=VERTEX_POINT('',#7631);
#2372=VERTEX_POINT('',#7633);
#2373=VERTEX_POINT('',#7635);
#2374=VERTEX_POINT('',#7637);
#2375=VERTEX_POINT('',#7639);
#2376=VERTEX_POINT('',#7641);
#2377=VERTEX_POINT('',#7643);
#2378=VERTEX_POINT('',#7645);
#2379=VERTEX_POINT('',#7647);
#2380=VERTEX_POINT('',#7651);
#2381=VERTEX_POINT('',#7653);
#2382=VERTEX_POINT('',#7657);
#2383=VERTEX_POINT('',#7659);
#2384=VERTEX_POINT('',#7665);
#2385=VERTEX_POINT('',#7667);
#2386=VERTEX_POINT('',#7673);
#2387=VERTEX_POINT('',#7677);
#2388=VERTEX_POINT('',#7679);
#2389=VERTEX_POINT('',#7681);
#2390=VERTEX_POINT('',#7683);
#2391=VERTEX_POINT('',#7685);
#2392=VERTEX_POINT('',#7687);
#2393=VERTEX_POINT('',#7691);
#2394=VERTEX_POINT('',#7693);
#2395=VERTEX_POINT('',#7695);
#2396=VERTEX_POINT('',#7697);
#2397=VERTEX_POINT('',#7703);
#2398=VERTEX_POINT('',#7711);
#2399=VERTEX_POINT('',#7713);
#2400=VERTEX_POINT('',#7715);
#2401=VERTEX_POINT('',#7717);
#2402=VERTEX_POINT('',#7719);
#2403=VERTEX_POINT('',#7723);
#2404=VERTEX_POINT('',#7725);
#2405=VERTEX_POINT('',#7727);
#2406=VERTEX_POINT('',#7729);
#2407=VERTEX_POINT('',#7731);
#2408=VERTEX_POINT('',#7733);
#2409=VERTEX_POINT('',#7735);
#2410=VERTEX_POINT('',#7737);
#2411=VERTEX_POINT('',#7741);
#2412=VERTEX_POINT('',#7745);
#2413=VERTEX_POINT('',#7758);
#2414=VERTEX_POINT('',#7759);
#2415=VERTEX_POINT('',#7765);
#2416=VERTEX_POINT('',#7767);
#2417=VERTEX_POINT('',#7775);
#2418=VERTEX_POINT('',#7777);
#2419=VERTEX_POINT('',#7790);
#2420=VERTEX_POINT('',#7796);
#2421=VERTEX_POINT('',#7813);
#2422=VERTEX_POINT('',#7819);
#2423=VERTEX_POINT('',#7827);
#2424=VERTEX_POINT('',#7829);
#2425=VERTEX_POINT('',#7842);
#2426=VERTEX_POINT('',#7848);
#2427=VERTEX_POINT('',#7865);
#2428=VERTEX_POINT('',#7871);
#2429=VERTEX_POINT('',#7879);
#2430=VERTEX_POINT('',#7881);
#2431=VERTEX_POINT('',#7894);
#2432=VERTEX_POINT('',#7900);
#2433=VERTEX_POINT('',#7917);
#2434=VERTEX_POINT('',#7923);
#2435=VERTEX_POINT('',#7940);
#2436=VERTEX_POINT('',#7946);
#2437=VERTEX_POINT('',#7963);
#2438=VERTEX_POINT('',#7969);
#2439=VERTEX_POINT('',#7977);
#2440=VERTEX_POINT('',#7979);
#2441=VERTEX_POINT('',#7992);
#2442=VERTEX_POINT('',#7998);
#2443=VERTEX_POINT('',#8015);
#2444=VERTEX_POINT('',#8021);
#2445=VERTEX_POINT('',#8038);
#2446=VERTEX_POINT('',#8044);
#2447=VERTEX_POINT('',#8061);
#2448=VERTEX_POINT('',#8067);
#2449=VERTEX_POINT('',#8084);
#2450=VERTEX_POINT('',#8090);
#2451=VERTEX_POINT('',#8098);
#2452=VERTEX_POINT('',#8100);
#2453=VERTEX_POINT('',#8113);
#2454=VERTEX_POINT('',#8119);
#2455=VERTEX_POINT('',#8136);
#2456=VERTEX_POINT('',#8142);
#2457=VERTEX_POINT('',#8150);
#2458=VERTEX_POINT('',#8152);
#2459=VERTEX_POINT('',#8165);
#2460=VERTEX_POINT('',#8171);
#2461=VERTEX_POINT('',#8188);
#2462=VERTEX_POINT('',#8194);
#2463=VERTEX_POINT('',#8202);
#2464=VERTEX_POINT('',#8204);
#2465=VERTEX_POINT('',#8217);
#2466=VERTEX_POINT('',#8223);
#2467=VERTEX_POINT('',#8240);
#2468=VERTEX_POINT('',#8246);
#2469=VERTEX_POINT('',#8263);
#2470=VERTEX_POINT('',#8269);
#2471=VERTEX_POINT('',#8286);
#2472=VERTEX_POINT('',#8292);
#2473=VERTEX_POINT('',#8300);
#2474=VERTEX_POINT('',#8302);
#2475=VERTEX_POINT('',#8315);
#2476=VERTEX_POINT('',#8321);
#2477=VERTEX_POINT('',#8338);
#2478=VERTEX_POINT('',#8344);
#2479=VERTEX_POINT('',#8382);
#2480=VERTEX_POINT('',#8383);
#2481=VERTEX_POINT('',#8388);
#2482=VERTEX_POINT('',#8393);
#2483=VERTEX_POINT('',#8395);
#2484=VERTEX_POINT('',#8412);
#2485=VERTEX_POINT('',#8413);
#2486=VERTEX_POINT('',#8419);
#2487=VERTEX_POINT('',#8421);
#2488=VERTEX_POINT('',#8438);
#2489=VERTEX_POINT('',#8444);
#2490=VERTEX_POINT('',#8452);
#2491=VERTEX_POINT('',#8454);
#2492=VERTEX_POINT('',#8467);
#2493=VERTEX_POINT('',#8473);
#2494=VERTEX_POINT('',#8490);
#2495=VERTEX_POINT('',#8496);
#2496=VERTEX_POINT('',#8513);
#2497=VERTEX_POINT('',#8519);
#2498=VERTEX_POINT('',#8536);
#2499=VERTEX_POINT('',#8542);
#2500=VERTEX_POINT('',#8550);
#2501=VERTEX_POINT('',#8552);
#2502=VERTEX_POINT('',#8565);
#2503=VERTEX_POINT('',#8571);
#2504=VERTEX_POINT('',#8588);
#2505=VERTEX_POINT('',#8594);
#2506=VERTEX_POINT('',#8611);
#2507=VERTEX_POINT('',#8635);
#2508=VERTEX_POINT('',#8641);
#2509=VERTEX_POINT('',#8649);
#2510=VERTEX_POINT('',#8651);
#2511=VERTEX_POINT('',#8664);
#2512=VERTEX_POINT('',#8670);
#2513=VERTEX_POINT('',#8687);
#2514=VERTEX_POINT('',#8693);
#2515=VERTEX_POINT('',#8710);
#2516=VERTEX_POINT('',#8716);
#2517=VERTEX_POINT('',#8733);
#2518=VERTEX_POINT('',#8739);
#2519=VERTEX_POINT('',#8747);
#2520=VERTEX_POINT('',#8749);
#2521=VERTEX_POINT('',#8762);
#2522=VERTEX_POINT('',#8768);
#2523=VERTEX_POINT('',#8785);
#2524=VERTEX_POINT('',#8791);
#2525=VERTEX_POINT('',#8799);
#2526=VERTEX_POINT('',#8801);
#2527=VERTEX_POINT('',#8805);
#2528=VERTEX_POINT('',#8807);
#2529=VERTEX_POINT('',#8811);
#2530=VERTEX_POINT('',#8813);
#2531=VERTEX_POINT('',#8826);
#2532=VERTEX_POINT('',#8832);
#2533=VERTEX_POINT('',#8849);
#2534=VERTEX_POINT('',#8855);
#2535=VERTEX_POINT('',#8863);
#2536=VERTEX_POINT('',#8865);
#2537=VERTEX_POINT('',#8878);
#2538=VERTEX_POINT('',#8884);
#2539=VERTEX_POINT('',#8901);
#2540=VERTEX_POINT('',#8907);
#2541=VERTEX_POINT('',#8924);
#2542=VERTEX_POINT('',#8930);
#2543=VERTEX_POINT('',#8938);
#2544=VERTEX_POINT('',#8940);
#2545=VERTEX_POINT('',#8953);
#2546=VERTEX_POINT('',#8959);
#2547=VERTEX_POINT('',#8976);
#2548=VERTEX_POINT('',#8982);
#2549=VERTEX_POINT('',#9020);
#2550=VERTEX_POINT('',#9021);
#2551=VERTEX_POINT('',#9027);
#2552=VERTEX_POINT('',#9029);
#2553=VERTEX_POINT('',#9037);
#2554=VERTEX_POINT('',#9039);
#2555=VERTEX_POINT('',#9052);
#2556=VERTEX_POINT('',#9058);
#2557=VERTEX_POINT('',#9075);
#2558=VERTEX_POINT('',#9081);
#2559=VERTEX_POINT('',#9089);
#2560=VERTEX_POINT('',#9091);
#2561=VERTEX_POINT('',#9104);
#2562=VERTEX_POINT('',#9110);
#2563=VERTEX_POINT('',#9127);
#2564=VERTEX_POINT('',#9133);
#2565=VERTEX_POINT('',#9141);
#2566=VERTEX_POINT('',#9143);
#2567=VERTEX_POINT('',#9156);
#2568=VERTEX_POINT('',#9162);
#2569=VERTEX_POINT('',#9179);
#2570=VERTEX_POINT('',#9185);
#2571=VERTEX_POINT('',#9202);
#2572=VERTEX_POINT('',#9208);
#2573=VERTEX_POINT('',#9225);
#2574=VERTEX_POINT('',#9231);
#2575=VERTEX_POINT('',#9239);
#2576=VERTEX_POINT('',#9241);
#2577=VERTEX_POINT('',#9254);
#2578=VERTEX_POINT('',#9260);
#2579=VERTEX_POINT('',#9277);
#2580=VERTEX_POINT('',#9283);
#2581=VERTEX_POINT('',#9300);
#2582=VERTEX_POINT('',#9306);
#2583=VERTEX_POINT('',#9323);
#2584=VERTEX_POINT('',#9329);
#2585=VERTEX_POINT('',#9346);
#2586=VERTEX_POINT('',#9352);
#2587=VERTEX_POINT('',#9360);
#2588=VERTEX_POINT('',#9362);
#2589=VERTEX_POINT('',#9375);
#2590=VERTEX_POINT('',#9381);
#2591=VERTEX_POINT('',#9398);
#2592=VERTEX_POINT('',#9404);
#2593=VERTEX_POINT('',#9412);
#2594=VERTEX_POINT('',#9414);
#2595=VERTEX_POINT('',#9427);
#2596=VERTEX_POINT('',#9433);
#2597=VERTEX_POINT('',#9450);
#2598=VERTEX_POINT('',#9456);
#2599=VERTEX_POINT('',#9464);
#2600=VERTEX_POINT('',#9466);
#2601=VERTEX_POINT('',#9479);
#2602=VERTEX_POINT('',#9485);
#2603=VERTEX_POINT('',#9502);
#2604=VERTEX_POINT('',#9508);
#2605=VERTEX_POINT('',#9525);
#2606=VERTEX_POINT('',#9531);
#2607=VERTEX_POINT('',#9548);
#2608=VERTEX_POINT('',#9554);
#2609=VERTEX_POINT('',#9562);
#2610=VERTEX_POINT('',#9564);
#2611=VERTEX_POINT('',#9577);
#2612=VERTEX_POINT('',#9583);
#2613=VERTEX_POINT('',#9600);
#2614=VERTEX_POINT('',#9606);
#2615=VERTEX_POINT('',#9644);
#2616=VERTEX_POINT('',#9645);
#2617=VERTEX_POINT('',#9650);
#2618=VERTEX_POINT('',#9655);
#2619=VERTEX_POINT('',#9657);
#2620=VERTEX_POINT('',#9674);
#2621=VERTEX_POINT('',#9675);
#2622=VERTEX_POINT('',#9681);
#2623=VERTEX_POINT('',#9683);
#2624=VERTEX_POINT('',#9691);
#2625=VERTEX_POINT('',#9693);
#2626=VERTEX_POINT('',#9706);
#2627=VERTEX_POINT('',#9712);
#2628=VERTEX_POINT('',#9729);
#2629=VERTEX_POINT('',#9735);
#2630=VERTEX_POINT('',#9752);
#2631=VERTEX_POINT('',#9758);
#2632=VERTEX_POINT('',#9775);
#2633=VERTEX_POINT('',#9781);
#2634=VERTEX_POINT('',#9789);
#2635=VERTEX_POINT('',#9791);
#2636=VERTEX_POINT('',#9804);
#2637=VERTEX_POINT('',#9810);
#2638=VERTEX_POINT('',#9827);
#2639=VERTEX_POINT('',#9833);
#2640=VERTEX_POINT('',#9870);
#2641=VERTEX_POINT('',#9876);
#2642=VERTEX_POINT('',#9893);
#2643=VERTEX_POINT('',#9899);
#2644=VERTEX_POINT('',#9907);
#2645=VERTEX_POINT('',#9909);
#2646=VERTEX_POINT('',#9922);
#2647=VERTEX_POINT('',#9928);
#2648=VERTEX_POINT('',#9945);
#2649=VERTEX_POINT('',#9951);
#2650=VERTEX_POINT('',#9968);
#2651=VERTEX_POINT('',#9974);
#2652=VERTEX_POINT('',#9991);
#2653=VERTEX_POINT('',#9997);
#2654=VERTEX_POINT('',#10014);
#2655=VERTEX_POINT('',#10020);
#2656=VERTEX_POINT('',#10037);
#2657=VERTEX_POINT('',#10043);
#2658=VERTEX_POINT('',#10051);
#2659=VERTEX_POINT('',#10053);
#2660=VERTEX_POINT('',#10066);
#2661=VERTEX_POINT('',#10072);
#2662=VERTEX_POINT('',#10089);
#2663=VERTEX_POINT('',#10095);
#2664=VERTEX_POINT('',#10112);
#2665=VERTEX_POINT('',#10137);
#2666=VERTEX_POINT('',#10138);
#2667=VERTEX_POINT('',#10143);
#2668=VERTEX_POINT('',#10148);
#2669=VERTEX_POINT('',#10150);
#2670=VERTEX_POINT('',#10167);
#2671=VERTEX_POINT('',#10168);
#2672=VERTEX_POINT('',#10174);
#2673=VERTEX_POINT('',#10176);
#2674=VERTEX_POINT('',#10184);
#2675=VERTEX_POINT('',#10186);
#2676=VERTEX_POINT('',#10199);
#2677=VERTEX_POINT('',#10205);
#2678=VERTEX_POINT('',#10222);
#2679=VERTEX_POINT('',#10228);
#2680=VERTEX_POINT('',#10245);
#2681=VERTEX_POINT('',#10251);
#2682=VERTEX_POINT('',#10268);
#2683=VERTEX_POINT('',#10274);
#2684=VERTEX_POINT('',#10282);
#2685=VERTEX_POINT('',#10284);
#2686=VERTEX_POINT('',#10297);
#2687=VERTEX_POINT('',#10303);
#2688=VERTEX_POINT('',#10320);
#2689=VERTEX_POINT('',#10326);
#2690=VERTEX_POINT('',#10363);
#2691=VERTEX_POINT('',#10369);
#2692=VERTEX_POINT('',#10386);
#2693=VERTEX_POINT('',#10392);
#2694=VERTEX_POINT('',#10400);
#2695=VERTEX_POINT('',#10402);
#2696=VERTEX_POINT('',#10415);
#2697=VERTEX_POINT('',#10421);
#2698=VERTEX_POINT('',#10438);
#2699=VERTEX_POINT('',#10444);
#2700=VERTEX_POINT('',#10461);
#2701=VERTEX_POINT('',#10467);
#2702=VERTEX_POINT('',#10484);
#2703=VERTEX_POINT('',#10490);
#2704=VERTEX_POINT('',#10507);
#2705=VERTEX_POINT('',#10513);
#2706=VERTEX_POINT('',#10530);
#2707=VERTEX_POINT('',#10536);
#2708=VERTEX_POINT('',#10544);
#2709=VERTEX_POINT('',#10546);
#2710=VERTEX_POINT('',#10559);
#2711=VERTEX_POINT('',#10565);
#2712=VERTEX_POINT('',#10582);
#2713=VERTEX_POINT('',#10588);
#2714=VERTEX_POINT('',#10605);
#2715=VERTEX_POINT('',#10621);
#2716=VERTEX_POINT('',#10622);
#2717=VERTEX_POINT('',#10624);
#2718=VERTEX_POINT('',#10626);
#2719=VERTEX_POINT('',#10630);
#2720=VERTEX_POINT('',#10632);
#2721=VERTEX_POINT('',#10636);
#2722=VERTEX_POINT('',#10638);
#2723=VERTEX_POINT('',#10642);
#2724=VERTEX_POINT('',#10644);
#2725=VERTEX_POINT('',#10648);
#2726=VERTEX_POINT('',#10650);
#2727=VERTEX_POINT('',#10654);
#2728=VERTEX_POINT('',#10656);
#2729=VERTEX_POINT('',#10660);
#2730=VERTEX_POINT('',#10662);
#2731=VERTEX_POINT('',#10666);
#2732=VERTEX_POINT('',#10668);
#2733=VERTEX_POINT('',#10672);
#2734=VERTEX_POINT('',#10674);
#2735=VERTEX_POINT('',#10678);
#2736=VERTEX_POINT('',#10680);
#2737=VERTEX_POINT('',#10684);
#2738=VERTEX_POINT('',#10686);
#2739=VERTEX_POINT('',#10690);
#2740=VERTEX_POINT('',#10692);
#2741=VERTEX_POINT('',#10700);
#2742=VERTEX_POINT('',#10701);
#2743=VERTEX_POINT('',#10703);
#2744=VERTEX_POINT('',#10705);
#2745=VERTEX_POINT('',#10709);
#2746=VERTEX_POINT('',#10711);
#2747=VERTEX_POINT('',#10715);
#2748=VERTEX_POINT('',#10717);
#2749=VERTEX_POINT('',#10721);
#2750=VERTEX_POINT('',#10723);
#2751=VERTEX_POINT('',#10727);
#2752=VERTEX_POINT('',#10729);
#2753=VERTEX_POINT('',#10737);
#2754=VERTEX_POINT('',#10738);
#2755=VERTEX_POINT('',#10740);
#2756=VERTEX_POINT('',#10742);
#2757=VERTEX_POINT('',#10746);
#2758=VERTEX_POINT('',#10748);
#2759=VERTEX_POINT('',#10752);
#2760=VERTEX_POINT('',#10754);
#2761=VERTEX_POINT('',#10758);
#2762=VERTEX_POINT('',#10760);
#2763=VERTEX_POINT('',#10764);
#2764=VERTEX_POINT('',#10766);
#2765=VERTEX_POINT('',#10770);
#2766=VERTEX_POINT('',#10772);
#2767=VERTEX_POINT('',#10776);
#2768=VERTEX_POINT('',#10778);
#2769=VERTEX_POINT('',#10782);
#2770=VERTEX_POINT('',#10784);
#2771=VERTEX_POINT('',#10788);
#2772=VERTEX_POINT('',#10790);
#2773=VERTEX_POINT('',#10794);
#2774=VERTEX_POINT('',#10796);
#2775=VERTEX_POINT('',#10800);
#2776=VERTEX_POINT('',#10802);
#2777=VERTEX_POINT('',#10806);
#2778=VERTEX_POINT('',#10808);
#2779=VERTEX_POINT('',#10825);
#2780=VERTEX_POINT('',#10826);
#2781=VERTEX_POINT('',#10831);
#2782=VERTEX_POINT('',#10836);
#2783=VERTEX_POINT('',#10838);
#2784=VERTEX_POINT('',#10855);
#2785=VERTEX_POINT('',#10856);
#2786=VERTEX_POINT('',#10862);
#2787=VERTEX_POINT('',#10864);
#2788=VERTEX_POINT('',#10881);
#2789=VERTEX_POINT('',#10887);
#2790=VERTEX_POINT('',#10895);
#2791=VERTEX_POINT('',#10897);
#2792=VERTEX_POINT('',#10910);
#2793=VERTEX_POINT('',#10916);
#2794=VERTEX_POINT('',#10933);
#2795=VERTEX_POINT('',#10939);
#2796=VERTEX_POINT('',#10956);
#2797=VERTEX_POINT('',#10962);
#2798=VERTEX_POINT('',#10979);
#2799=VERTEX_POINT('',#10985);
#2800=VERTEX_POINT('',#10993);
#2801=VERTEX_POINT('',#10995);
#2802=VERTEX_POINT('',#11008);
#2803=VERTEX_POINT('',#11014);
#2804=VERTEX_POINT('',#11031);
#2805=VERTEX_POINT('',#11037);
#2806=VERTEX_POINT('',#11054);
#2807=VERTEX_POINT('',#11078);
#2808=VERTEX_POINT('',#11084);
#2809=VERTEX_POINT('',#11092);
#2810=VERTEX_POINT('',#11094);
#2811=VERTEX_POINT('',#11107);
#2812=VERTEX_POINT('',#11113);
#2813=VERTEX_POINT('',#11130);
#2814=VERTEX_POINT('',#11136);
#2815=VERTEX_POINT('',#11153);
#2816=VERTEX_POINT('',#11159);
#2817=VERTEX_POINT('',#11176);
#2818=VERTEX_POINT('',#11182);
#2819=VERTEX_POINT('',#11190);
#2820=VERTEX_POINT('',#11192);
#2821=VERTEX_POINT('',#11205);
#2822=VERTEX_POINT('',#11211);
#2823=VERTEX_POINT('',#11228);
#2824=VERTEX_POINT('',#11234);
#2825=VERTEX_POINT('',#11242);
#2826=VERTEX_POINT('',#11244);
#2827=VERTEX_POINT('',#11248);
#2828=VERTEX_POINT('',#11250);
#2829=VERTEX_POINT('',#11254);
#2830=VERTEX_POINT('',#11256);
#2831=VERTEX_POINT('',#11269);
#2832=VERTEX_POINT('',#11275);
#2833=VERTEX_POINT('',#11292);
#2834=VERTEX_POINT('',#11298);
#2835=VERTEX_POINT('',#11306);
#2836=VERTEX_POINT('',#11308);
#2837=VERTEX_POINT('',#11321);
#2838=VERTEX_POINT('',#11327);
#2839=VERTEX_POINT('',#11344);
#2840=VERTEX_POINT('',#11350);
#2841=VERTEX_POINT('',#11367);
#2842=VERTEX_POINT('',#11373);
#2843=VERTEX_POINT('',#11381);
#2844=VERTEX_POINT('',#11383);
#2845=VERTEX_POINT('',#11396);
#2846=VERTEX_POINT('',#11402);
#2847=VERTEX_POINT('',#11419);
#2848=VERTEX_POINT('',#11425);
#2849=VERTEX_POINT('',#11457);
#2850=VERTEX_POINT('',#11459);
#2851=VERTEX_POINT('',#11461);
#2852=VERTEX_POINT('',#11463);
#2853=VERTEX_POINT('',#11470);
#2854=VERTEX_POINT('',#11471);
#2855=VERTEX_POINT('',#11478);
#2856=VERTEX_POINT('',#11488);
#2857=VERTEX_POINT('',#11490);
#2858=VERTEX_POINT('',#11498);
#2859=VERTEX_POINT('',#11502);
#2860=VERTEX_POINT('',#11506);
#2861=VERTEX_POINT('',#11519);
#2862=VERTEX_POINT('',#11523);
#2863=VERTEX_POINT('',#11568);
#2864=VERTEX_POINT('',#11677);
#2865=VERTEX_POINT('',#11679);
#2866=VERTEX_POINT('',#11683);
#2867=VERTEX_POINT('',#11687);
#2868=VERTEX_POINT('',#11691);
#2869=VERTEX_POINT('',#11695);
#2870=VERTEX_POINT('',#11699);
#2871=VERTEX_POINT('',#11703);
#2872=VERTEX_POINT('',#11704);
#2873=VERTEX_POINT('',#11716);
#2874=VERTEX_POINT('',#11718);
#2875=VERTEX_POINT('',#11720);
#2876=VERTEX_POINT('',#11722);
#2877=VERTEX_POINT('',#11724);
#2878=VERTEX_POINT('',#11727);
#2879=VERTEX_POINT('',#11729);
#2880=VERTEX_POINT('',#11732);
#2881=VERTEX_POINT('',#11735);
#2882=VERTEX_POINT('',#11738);
#2883=VERTEX_POINT('',#11742);
#2884=VERTEX_POINT('',#11746);
#2885=VERTEX_POINT('',#11750);
#2886=VERTEX_POINT('',#11754);
#2887=VERTEX_POINT('',#11758);
#2888=VERTEX_POINT('',#11765);
#2889=VERTEX_POINT('',#11767);
#2890=VERTEX_POINT('',#11771);
#2891=VERTEX_POINT('',#11776);
#2892=VERTEX_POINT('',#11778);
#2893=VERTEX_POINT('',#11786);
#2894=VERTEX_POINT('',#11788);
#2895=VERTEX_POINT('',#11792);
#2896=VERTEX_POINT('',#11796);
#2897=VERTEX_POINT('',#11805);
#2898=VERTEX_POINT('',#11806);
#2899=VERTEX_POINT('',#11808);
#2900=VERTEX_POINT('',#11810);
#2901=VERTEX_POINT('',#11814);
#2902=VERTEX_POINT('',#11815);
#2903=VERTEX_POINT('',#11820);
#2904=VERTEX_POINT('',#11821);
#2905=VERTEX_POINT('',#11829);
#2906=VERTEX_POINT('',#11831);
#2907=VERTEX_POINT('',#11835);
#2908=VERTEX_POINT('',#11839);
#2909=VERTEX_POINT('',#11840);
#2910=VERTEX_POINT('',#11842);
#2911=VERTEX_POINT('',#11844);
#2912=VERTEX_POINT('',#11846);
#2913=VERTEX_POINT('',#11848);
#2914=VERTEX_POINT('',#11850);
#2915=VERTEX_POINT('',#11852);
#2916=VERTEX_POINT('',#11855);
#2917=VERTEX_POINT('',#11857);
#2918=VERTEX_POINT('',#11859);
#2919=VERTEX_POINT('',#11862);
#2920=VERTEX_POINT('',#11868);
#2921=VERTEX_POINT('',#11869);
#2922=VERTEX_POINT('',#11871);
#2923=VERTEX_POINT('',#11873);
#2924=VERTEX_POINT('',#11876);
#2925=VERTEX_POINT('',#11878);
#2926=VERTEX_POINT('',#11880);
#2927=VERTEX_POINT('',#11883);
#2928=VERTEX_POINT('',#11885);
#2929=VERTEX_POINT('',#11889);
#2930=VERTEX_POINT('',#11893);
#2931=VERTEX_POINT('',#11895);
#2932=VERTEX_POINT('',#11899);
#2933=VERTEX_POINT('',#11903);
#2934=VERTEX_POINT('',#11907);
#2935=VERTEX_POINT('',#11911);
#2936=VERTEX_POINT('',#11915);
#2937=VERTEX_POINT('',#11919);
#2938=VERTEX_POINT('',#11925);
#2939=VERTEX_POINT('',#11927);
#2940=VERTEX_POINT('',#11931);
#2941=VERTEX_POINT('',#11935);
#2942=VERTEX_POINT('',#11939);
#2943=VERTEX_POINT('',#11943);
#2944=VERTEX_POINT('',#11945);
#2945=VERTEX_POINT('',#11949);
#2946=VERTEX_POINT('',#11957);
#2947=VERTEX_POINT('',#11963);
#2948=VERTEX_POINT('',#11969);
#2949=VERTEX_POINT('',#11975);
#2950=EDGE_CURVE('',#2352,#2353,#2233,.T.);
#2951=EDGE_CURVE('',#2354,#2352,#1229,.T.);
#2952=EDGE_CURVE('',#2355,#2354,#2234,.T.);
#2953=EDGE_CURVE('',#2356,#2355,#1230,.T.);
#2954=EDGE_CURVE('',#2357,#2356,#2235,.T.);
#2955=EDGE_CURVE('',#2358,#2357,#1231,.T.);
#2956=EDGE_CURVE('',#2359,#2358,#2236,.T.);
#2957=EDGE_CURVE('',#2353,#2359,#1232,.T.);
#2958=EDGE_CURVE('',#2360,#2361,#1233,.T.);
#2959=EDGE_CURVE('',#2362,#2360,#1234,.T.);
#2960=EDGE_CURVE('',#2363,#2362,#1235,.T.);
#2961=EDGE_CURVE('',#2361,#2363,#1236,.T.);
#2962=EDGE_CURVE('',#2364,#2363,#1237,.T.);
#2963=EDGE_CURVE('',#2365,#2364,#2237,.T.);
#2964=EDGE_CURVE('',#2366,#2365,#1238,.T.);
#2965=EDGE_CURVE('',#2367,#2366,#2238,.T.);
#2966=EDGE_CURVE('',#2368,#2367,#2239,.T.);
#2967=EDGE_CURVE('',#2369,#2368,#2240,.T.);
#2968=EDGE_CURVE('',#2370,#2369,#2241,.T.);
#2969=EDGE_CURVE('',#2361,#2370,#1239,.T.);
#2970=EDGE_CURVE('',#2371,#2362,#1240,.T.);
#2971=EDGE_CURVE('',#2371,#2372,#1241,.T.);
#2972=EDGE_CURVE('',#2372,#2373,#1242,.T.);
#2973=EDGE_CURVE('',#2374,#2373,#1243,.T.);
#2974=EDGE_CURVE('',#2375,#2374,#1244,.T.);
#2975=EDGE_CURVE('',#2375,#2376,#1245,.T.);
#2976=EDGE_CURVE('',#2376,#2377,#1246,.T.);
#2977=EDGE_CURVE('',#2378,#2377,#1247,.T.);
#2978=EDGE_CURVE('',#2379,#2378,#1248,.T.);
#2979=EDGE_CURVE('',#2364,#2379,#1249,.T.);
#2980=EDGE_CURVE('',#2380,#2357,#1250,.T.);
#2981=EDGE_CURVE('',#2381,#2380,#1251,.T.);
#2982=EDGE_CURVE('',#2358,#2381,#1252,.T.);
#2983=EDGE_CURVE('',#2356,#2382,#1253,.T.);
#2984=EDGE_CURVE('',#2383,#2382,#181,.T.);
#2985=EDGE_CURVE('',#2384,#2383,#1254,.T.);
#2986=EDGE_CURVE('',#2385,#2384,#182,.T.);
#2987=EDGE_CURVE('',#2385,#2386,#1255,.T.);
#2988=EDGE_CURVE('',#2380,#2386,#2242,.T.);
#2989=EDGE_CURVE('',#2387,#2355,#1256,.T.);
#2990=EDGE_CURVE('',#2388,#2387,#2243,.T.);
#2991=EDGE_CURVE('',#2389,#2388,#2244,.T.);
#2992=EDGE_CURVE('',#2390,#2389,#2245,.T.);
#2993=EDGE_CURVE('',#2391,#2390,#2246,.T.);
#2994=EDGE_CURVE('',#2392,#2391,#1257,.T.);
#2995=EDGE_CURVE('',#2382,#2392,#2247,.T.);
#2996=EDGE_CURVE('',#2354,#2393,#1258,.T.);
#2997=EDGE_CURVE('',#2394,#2393,#2248,.T.);
#2998=EDGE_CURVE('',#2394,#2395,#1259,.T.);
#2999=EDGE_CURVE('',#2396,#2395,#183,.T.);
#3000=EDGE_CURVE('',#2397,#2396,#1260,.T.);
#3001=EDGE_CURVE('',#2387,#2397,#184,.T.);
#3002=EDGE_CURVE('',#2398,#2360,#1261,.T.);
#3003=EDGE_CURVE('',#2398,#2399,#1262,.T.);
#3004=EDGE_CURVE('',#2399,#2400,#1263,.T.);
#3005=EDGE_CURVE('',#2401,#2400,#1264,.T.);
#3006=EDGE_CURVE('',#2402,#2401,#1265,.T.);
#3007=EDGE_CURVE('',#2402,#2371,#1266,.T.);
#3008=EDGE_CURVE('',#2403,#2370,#1267,.T.);
#3009=EDGE_CURVE('',#2404,#2403,#1268,.T.);
#3010=EDGE_CURVE('',#2405,#2404,#1269,.T.);
#3011=EDGE_CURVE('',#2405,#2406,#1270,.T.);
#3012=EDGE_CURVE('',#2406,#2407,#1271,.T.);
#3013=EDGE_CURVE('',#2407,#2408,#1272,.T.);
#3014=EDGE_CURVE('',#2409,#2408,#1273,.T.);
#3015=EDGE_CURVE('',#2410,#2409,#1274,.T.);
#3016=EDGE_CURVE('',#2410,#2398,#1275,.T.);
#3017=EDGE_CURVE('',#2411,#2352,#1276,.T.);
#3018=EDGE_CURVE('',#2393,#2411,#1277,.T.);
#3019=EDGE_CURVE('',#2353,#2412,#1278,.T.);
#3020=EDGE_CURVE('',#2411,#2412,#2249,.T.);
#3021=EDGE_CURVE('',#2413,#2414,#185,.T.);
#3022=EDGE_CURVE('',#2413,#2415,#1279,.T.);
#3023=EDGE_CURVE('',#2415,#2416,#186,.T.);
#3024=EDGE_CURVE('',#2414,#2416,#1280,.T.);
#3025=EDGE_CURVE('',#2417,#2413,#1281,.T.);
#3026=EDGE_CURVE('',#2417,#2418,#1282,.T.);
#3027=EDGE_CURVE('',#2418,#2415,#1283,.T.);
#3028=EDGE_CURVE('',#2419,#2417,#187,.T.);
#3029=EDGE_CURVE('',#2419,#2420,#1284,.T.);
#3030=EDGE_CURVE('',#2420,#2418,#188,.T.);
#3031=EDGE_CURVE('',#2421,#2419,#189,.T.);
#3032=EDGE_CURVE('',#2421,#2422,#1285,.T.);
#3033=EDGE_CURVE('',#2422,#2420,#190,.T.);
#3034=EDGE_CURVE('',#2423,#2421,#1286,.T.);
#3035=EDGE_CURVE('',#2423,#2424,#1287,.T.);
#3036=EDGE_CURVE('',#2424,#2422,#1288,.T.);
#3037=EDGE_CURVE('',#2425,#2423,#191,.T.);
#3038=EDGE_CURVE('',#2425,#2426,#1289,.T.);
#3039=EDGE_CURVE('',#2426,#2424,#192,.T.);
#3040=EDGE_CURVE('',#2427,#2425,#193,.T.);
#3041=EDGE_CURVE('',#2427,#2428,#1290,.T.);
#3042=EDGE_CURVE('',#2428,#2426,#194,.T.);
#3043=EDGE_CURVE('',#2429,#2427,#1291,.T.);
#3044=EDGE_CURVE('',#2429,#2430,#1292,.T.);
#3045=EDGE_CURVE('',#2430,#2428,#1293,.T.);
#3046=EDGE_CURVE('',#2431,#2429,#195,.T.);
#3047=EDGE_CURVE('',#2431,#2432,#1294,.T.);
#3048=EDGE_CURVE('',#2432,#2430,#196,.T.);
#3049=EDGE_CURVE('',#2433,#2431,#197,.T.);
#3050=EDGE_CURVE('',#2433,#2434,#1295,.T.);
#3051=EDGE_CURVE('',#2434,#2432,#198,.T.);
#3052=EDGE_CURVE('',#2435,#2433,#199,.T.);
#3053=EDGE_CURVE('',#2435,#2436,#1296,.T.);
#3054=EDGE_CURVE('',#2436,#2434,#200,.T.);
#3055=EDGE_CURVE('',#2437,#2435,#201,.T.);
#3056=EDGE_CURVE('',#2437,#2438,#1297,.T.);
#3057=EDGE_CURVE('',#2438,#2436,#202,.T.);
#3058=EDGE_CURVE('',#2439,#2437,#1298,.T.);
#3059=EDGE_CURVE('',#2439,#2440,#1299,.T.);
#3060=EDGE_CURVE('',#2440,#2438,#1300,.T.);
#3061=EDGE_CURVE('',#2441,#2439,#203,.T.);
#3062=EDGE_CURVE('',#2441,#2442,#1301,.T.);
#3063=EDGE_CURVE('',#2442,#2440,#204,.T.);
#3064=EDGE_CURVE('',#2443,#2441,#205,.T.);
#3065=EDGE_CURVE('',#2443,#2444,#1302,.T.);
#3066=EDGE_CURVE('',#2444,#2442,#206,.T.);
#3067=EDGE_CURVE('',#2445,#2443,#207,.T.);
#3068=EDGE_CURVE('',#2445,#2446,#1303,.T.);
#3069=EDGE_CURVE('',#2446,#2444,#208,.T.);
#3070=EDGE_CURVE('',#2447,#2445,#209,.T.);
#3071=EDGE_CURVE('',#2447,#2448,#1304,.T.);
#3072=EDGE_CURVE('',#2448,#2446,#210,.T.);
#3073=EDGE_CURVE('',#2449,#2447,#211,.T.);
#3074=EDGE_CURVE('',#2449,#2450,#1305,.T.);
#3075=EDGE_CURVE('',#2450,#2448,#212,.T.);
#3076=EDGE_CURVE('',#2451,#2449,#1306,.T.);
#3077=EDGE_CURVE('',#2451,#2452,#1307,.T.);
#3078=EDGE_CURVE('',#2452,#2450,#1308,.T.);
#3079=EDGE_CURVE('',#2453,#2451,#213,.T.);
#3080=EDGE_CURVE('',#2453,#2454,#1309,.T.);
#3081=EDGE_CURVE('',#2454,#2452,#214,.T.);
#3082=EDGE_CURVE('',#2455,#2453,#215,.T.);
#3083=EDGE_CURVE('',#2455,#2456,#1310,.T.);
#3084=EDGE_CURVE('',#2456,#2454,#216,.T.);
#3085=EDGE_CURVE('',#2457,#2455,#1311,.T.);
#3086=EDGE_CURVE('',#2457,#2458,#1312,.T.);
#3087=EDGE_CURVE('',#2458,#2456,#1313,.T.);
#3088=EDGE_CURVE('',#2459,#2457,#217,.T.);
#3089=EDGE_CURVE('',#2459,#2460,#1314,.T.);
#3090=EDGE_CURVE('',#2460,#2458,#218,.T.);
#3091=EDGE_CURVE('',#2461,#2459,#219,.T.);
#3092=EDGE_CURVE('',#2461,#2462,#1315,.T.);
#3093=EDGE_CURVE('',#2462,#2460,#220,.T.);
#3094=EDGE_CURVE('',#2463,#2461,#1316,.T.);
#3095=EDGE_CURVE('',#2463,#2464,#1317,.T.);
#3096=EDGE_CURVE('',#2464,#2462,#1318,.T.);
#3097=EDGE_CURVE('',#2465,#2463,#221,.T.);
#3098=EDGE_CURVE('',#2465,#2466,#1319,.T.);
#3099=EDGE_CURVE('',#2466,#2464,#222,.T.);
#3100=EDGE_CURVE('',#2467,#2465,#223,.T.);
#3101=EDGE_CURVE('',#2467,#2468,#1320,.T.);
#3102=EDGE_CURVE('',#2468,#2466,#224,.T.);
#3103=EDGE_CURVE('',#2469,#2467,#225,.T.);
#3104=EDGE_CURVE('',#2469,#2470,#1321,.T.);
#3105=EDGE_CURVE('',#2470,#2468,#226,.T.);
#3106=EDGE_CURVE('',#2471,#2469,#227,.T.);
#3107=EDGE_CURVE('',#2471,#2472,#1322,.T.);
#3108=EDGE_CURVE('',#2472,#2470,#228,.T.);
#3109=EDGE_CURVE('',#2473,#2471,#1323,.T.);
#3110=EDGE_CURVE('',#2473,#2474,#1324,.T.);
#3111=EDGE_CURVE('',#2474,#2472,#1325,.T.);
#3112=EDGE_CURVE('',#2475,#2473,#229,.T.);
#3113=EDGE_CURVE('',#2475,#2476,#1326,.T.);
#3114=EDGE_CURVE('',#2476,#2474,#230,.T.);
#3115=EDGE_CURVE('',#2477,#2475,#231,.T.);
#3116=EDGE_CURVE('',#2477,#2478,#1327,.T.);
#3117=EDGE_CURVE('',#2478,#2476,#232,.T.);
#3118=EDGE_CURVE('',#2414,#2477,#233,.T.);
#3119=EDGE_CURVE('',#2416,#2478,#234,.T.);
#3120=EDGE_CURVE('',#2479,#2480,#235,.T.);
#3121=EDGE_CURVE('',#2481,#2479,#236,.T.);
#3122=EDGE_CURVE('',#2481,#2482,#1328,.T.);
#3123=EDGE_CURVE('',#2482,#2483,#237,.T.);
#3124=EDGE_CURVE('',#2480,#2483,#1329,.T.);
#3125=EDGE_CURVE('',#2484,#2485,#238,.T.);
#3126=EDGE_CURVE('',#2484,#2486,#1330,.T.);
#3127=EDGE_CURVE('',#2486,#2487,#239,.T.);
#3128=EDGE_CURVE('',#2485,#2487,#1331,.T.);
#3129=EDGE_CURVE('',#2488,#2484,#240,.T.);
#3130=EDGE_CURVE('',#2488,#2489,#1332,.T.);
#3131=EDGE_CURVE('',#2489,#2486,#241,.T.);
#3132=EDGE_CURVE('',#2490,#2488,#1333,.T.);
#3133=EDGE_CURVE('',#2490,#2491,#1334,.T.);
#3134=EDGE_CURVE('',#2491,#2489,#1335,.T.);
#3135=EDGE_CURVE('',#2492,#2490,#242,.T.);
#3136=EDGE_CURVE('',#2492,#2493,#1336,.T.);
#3137=EDGE_CURVE('',#2493,#2491,#243,.T.);
#3138=EDGE_CURVE('',#2494,#2492,#244,.T.);
#3139=EDGE_CURVE('',#2494,#2495,#1337,.T.);
#3140=EDGE_CURVE('',#2495,#2493,#245,.T.);
#3141=EDGE_CURVE('',#2496,#2494,#246,.T.);
#3142=EDGE_CURVE('',#2496,#2497,#1338,.T.);
#3143=EDGE_CURVE('',#2497,#2495,#247,.T.);
#3144=EDGE_CURVE('',#2498,#2496,#248,.T.);
#3145=EDGE_CURVE('',#2498,#2499,#1339,.T.);
#3146=EDGE_CURVE('',#2499,#2497,#249,.T.);
#3147=EDGE_CURVE('',#2500,#2498,#1340,.T.);
#3148=EDGE_CURVE('',#2500,#2501,#1341,.T.);
#3149=EDGE_CURVE('',#2501,#2499,#1342,.T.);
#3150=EDGE_CURVE('',#2502,#2500,#250,.T.);
#3151=EDGE_CURVE('',#2502,#2503,#1343,.T.);
#3152=EDGE_CURVE('',#2503,#2501,#251,.T.);
#3153=EDGE_CURVE('',#2504,#2502,#252,.T.);
#3154=EDGE_CURVE('',#2504,#2505,#1344,.T.);
#3155=EDGE_CURVE('',#2505,#2503,#253,.T.);
#3156=EDGE_CURVE('',#2480,#2506,#254,.T.);
#3157=EDGE_CURVE('',#2483,#2505,#255,.T.);
#3158=EDGE_CURVE('',#2506,#2504,#256,.T.);
#3159=EDGE_CURVE('',#2507,#2481,#257,.T.);
#3160=EDGE_CURVE('',#2507,#2508,#1345,.T.);
#3161=EDGE_CURVE('',#2508,#2482,#258,.T.);
#3162=EDGE_CURVE('',#2509,#2507,#1346,.T.);
#3163=EDGE_CURVE('',#2509,#2510,#1347,.T.);
#3164=EDGE_CURVE('',#2510,#2508,#1348,.T.);
#3165=EDGE_CURVE('',#2511,#2509,#259,.T.);
#3166=EDGE_CURVE('',#2511,#2512,#1349,.T.);
#3167=EDGE_CURVE('',#2512,#2510,#260,.T.);
#3168=EDGE_CURVE('',#2513,#2511,#261,.T.);
#3169=EDGE_CURVE('',#2513,#2514,#1350,.T.);
#3170=EDGE_CURVE('',#2514,#2512,#262,.T.);
#3171=EDGE_CURVE('',#2515,#2513,#263,.T.);
#3172=EDGE_CURVE('',#2515,#2516,#1351,.T.);
#3173=EDGE_CURVE('',#2516,#2514,#264,.T.);
#3174=EDGE_CURVE('',#2517,#2515,#265,.T.);
#3175=EDGE_CURVE('',#2517,#2518,#1352,.T.);
#3176=EDGE_CURVE('',#2518,#2516,#266,.T.);
#3177=EDGE_CURVE('',#2519,#2517,#1353,.T.);
#3178=EDGE_CURVE('',#2519,#2520,#1354,.T.);
#3179=EDGE_CURVE('',#2520,#2518,#1355,.T.);
#3180=EDGE_CURVE('',#2521,#2519,#267,.T.);
#3181=EDGE_CURVE('',#2521,#2522,#1356,.T.);
#3182=EDGE_CURVE('',#2522,#2520,#268,.T.);
#3183=EDGE_CURVE('',#2523,#2521,#269,.T.);
#3184=EDGE_CURVE('',#2523,#2524,#1357,.T.);
#3185=EDGE_CURVE('',#2524,#2522,#270,.T.);
#3186=EDGE_CURVE('',#2525,#2523,#1358,.T.);
#3187=EDGE_CURVE('',#2525,#2526,#1359,.T.);
#3188=EDGE_CURVE('',#2526,#2524,#1360,.T.);
#3189=EDGE_CURVE('',#2527,#2525,#1361,.T.);
#3190=EDGE_CURVE('',#2527,#2528,#1362,.T.);
#3191=EDGE_CURVE('',#2528,#2526,#1363,.T.);
#3192=EDGE_CURVE('',#2529,#2527,#1364,.T.);
#3193=EDGE_CURVE('',#2529,#2530,#1365,.T.);
#3194=EDGE_CURVE('',#2530,#2528,#1366,.T.);
#3195=EDGE_CURVE('',#2531,#2529,#271,.T.);
#3196=EDGE_CURVE('',#2531,#2532,#1367,.T.);
#3197=EDGE_CURVE('',#2532,#2530,#272,.T.);
#3198=EDGE_CURVE('',#2533,#2531,#273,.T.);
#3199=EDGE_CURVE('',#2533,#2534,#1368,.T.);
#3200=EDGE_CURVE('',#2534,#2532,#274,.T.);
#3201=EDGE_CURVE('',#2535,#2533,#1369,.T.);
#3202=EDGE_CURVE('',#2535,#2536,#1370,.T.);
#3203=EDGE_CURVE('',#2536,#2534,#1371,.T.);
#3204=EDGE_CURVE('',#2537,#2535,#275,.T.);
#3205=EDGE_CURVE('',#2537,#2538,#1372,.T.);
#3206=EDGE_CURVE('',#2538,#2536,#276,.T.);
#3207=EDGE_CURVE('',#2539,#2537,#277,.T.);
#3208=EDGE_CURVE('',#2539,#2540,#1373,.T.);
#3209=EDGE_CURVE('',#2540,#2538,#278,.T.);
#3210=EDGE_CURVE('',#2541,#2539,#279,.T.);
#3211=EDGE_CURVE('',#2541,#2542,#1374,.T.);
#3212=EDGE_CURVE('',#2542,#2540,#280,.T.);
#3213=EDGE_CURVE('',#2543,#2541,#1375,.T.);
#3214=EDGE_CURVE('',#2543,#2544,#1376,.T.);
#3215=EDGE_CURVE('',#2544,#2542,#1377,.T.);
#3216=EDGE_CURVE('',#2545,#2543,#281,.T.);
#3217=EDGE_CURVE('',#2545,#2546,#1378,.T.);
#3218=EDGE_CURVE('',#2546,#2544,#282,.T.);
#3219=EDGE_CURVE('',#2547,#2545,#283,.T.);
#3220=EDGE_CURVE('',#2547,#2548,#1379,.T.);
#3221=EDGE_CURVE('',#2548,#2546,#284,.T.);
#3222=EDGE_CURVE('',#2485,#2547,#285,.T.);
#3223=EDGE_CURVE('',#2487,#2548,#286,.T.);
#3224=EDGE_CURVE('',#2549,#2550,#287,.T.);
#3225=EDGE_CURVE('',#2549,#2551,#1380,.T.);
#3226=EDGE_CURVE('',#2551,#2552,#288,.T.);
#3227=EDGE_CURVE('',#2550,#2552,#1381,.T.);
#3228=EDGE_CURVE('',#2553,#2549,#1382,.T.);
#3229=EDGE_CURVE('',#2553,#2554,#1383,.T.);
#3230=EDGE_CURVE('',#2554,#2551,#1384,.T.);
#3231=EDGE_CURVE('',#2555,#2553,#289,.T.);
#3232=EDGE_CURVE('',#2555,#2556,#1385,.T.);
#3233=EDGE_CURVE('',#2556,#2554,#290,.T.);
#3234=EDGE_CURVE('',#2557,#2555,#291,.T.);
#3235=EDGE_CURVE('',#2557,#2558,#1386,.T.);
#3236=EDGE_CURVE('',#2558,#2556,#292,.T.);
#3237=EDGE_CURVE('',#2559,#2557,#1387,.T.);
#3238=EDGE_CURVE('',#2559,#2560,#1388,.T.);
#3239=EDGE_CURVE('',#2560,#2558,#1389,.T.);
#3240=EDGE_CURVE('',#2561,#2559,#293,.T.);
#3241=EDGE_CURVE('',#2561,#2562,#1390,.T.);
#3242=EDGE_CURVE('',#2562,#2560,#294,.T.);
#3243=EDGE_CURVE('',#2563,#2561,#295,.T.);
#3244=EDGE_CURVE('',#2563,#2564,#1391,.T.);
#3245=EDGE_CURVE('',#2564,#2562,#296,.T.);
#3246=EDGE_CURVE('',#2565,#2563,#1392,.T.);
#3247=EDGE_CURVE('',#2565,#2566,#1393,.T.);
#3248=EDGE_CURVE('',#2566,#2564,#1394,.T.);
#3249=EDGE_CURVE('',#2567,#2565,#297,.T.);
#3250=EDGE_CURVE('',#2567,#2568,#1395,.T.);
#3251=EDGE_CURVE('',#2568,#2566,#298,.T.);
#3252=EDGE_CURVE('',#2569,#2567,#299,.T.);
#3253=EDGE_CURVE('',#2569,#2570,#1396,.T.);
#3254=EDGE_CURVE('',#2570,#2568,#300,.T.);
#3255=EDGE_CURVE('',#2571,#2569,#301,.T.);
#3256=EDGE_CURVE('',#2571,#2572,#1397,.T.);
#3257=EDGE_CURVE('',#2572,#2570,#302,.T.);
#3258=EDGE_CURVE('',#2573,#2571,#303,.T.);
#3259=EDGE_CURVE('',#2573,#2574,#1398,.T.);
#3260=EDGE_CURVE('',#2574,#2572,#304,.T.);
#3261=EDGE_CURVE('',#2575,#2573,#1399,.T.);
#3262=EDGE_CURVE('',#2575,#2576,#1400,.T.);
#3263=EDGE_CURVE('',#2576,#2574,#1401,.T.);
#3264=EDGE_CURVE('',#2577,#2575,#305,.T.);
#3265=EDGE_CURVE('',#2577,#2578,#1402,.T.);
#3266=EDGE_CURVE('',#2578,#2576,#306,.T.);
#3267=EDGE_CURVE('',#2579,#2577,#307,.T.);
#3268=EDGE_CURVE('',#2579,#2580,#1403,.T.);
#3269=EDGE_CURVE('',#2580,#2578,#308,.T.);
#3270=EDGE_CURVE('',#2581,#2579,#309,.T.);
#3271=EDGE_CURVE('',#2581,#2582,#1404,.T.);
#3272=EDGE_CURVE('',#2582,#2580,#310,.T.);
#3273=EDGE_CURVE('',#2583,#2581,#311,.T.);
#3274=EDGE_CURVE('',#2583,#2584,#1405,.T.);
#3275=EDGE_CURVE('',#2584,#2582,#312,.T.);
#3276=EDGE_CURVE('',#2585,#2583,#313,.T.);
#3277=EDGE_CURVE('',#2585,#2586,#1406,.T.);
#3278=EDGE_CURVE('',#2586,#2584,#314,.T.);
#3279=EDGE_CURVE('',#2587,#2585,#1407,.T.);
#3280=EDGE_CURVE('',#2587,#2588,#1408,.T.);
#3281=EDGE_CURVE('',#2588,#2586,#1409,.T.);
#3282=EDGE_CURVE('',#2589,#2587,#315,.T.);
#3283=EDGE_CURVE('',#2589,#2590,#1410,.T.);
#3284=EDGE_CURVE('',#2590,#2588,#316,.T.);
#3285=EDGE_CURVE('',#2591,#2589,#317,.T.);
#3286=EDGE_CURVE('',#2591,#2592,#1411,.T.);
#3287=EDGE_CURVE('',#2592,#2590,#318,.T.);
#3288=EDGE_CURVE('',#2593,#2591,#1412,.T.);
#3289=EDGE_CURVE('',#2593,#2594,#1413,.T.);
#3290=EDGE_CURVE('',#2594,#2592,#1414,.T.);
#3291=EDGE_CURVE('',#2595,#2593,#319,.T.);
#3292=EDGE_CURVE('',#2595,#2596,#1415,.T.);
#3293=EDGE_CURVE('',#2596,#2594,#320,.T.);
#3294=EDGE_CURVE('',#2597,#2595,#321,.T.);
#3295=EDGE_CURVE('',#2597,#2598,#1416,.T.);
#3296=EDGE_CURVE('',#2598,#2596,#322,.T.);
#3297=EDGE_CURVE('',#2599,#2597,#1417,.T.);
#3298=EDGE_CURVE('',#2599,#2600,#1418,.T.);
#3299=EDGE_CURVE('',#2600,#2598,#1419,.T.);
#3300=EDGE_CURVE('',#2601,#2599,#323,.T.);
#3301=EDGE_CURVE('',#2601,#2602,#1420,.T.);
#3302=EDGE_CURVE('',#2602,#2600,#324,.T.);
#3303=EDGE_CURVE('',#2603,#2601,#325,.T.);
#3304=EDGE_CURVE('',#2603,#2604,#1421,.T.);
#3305=EDGE_CURVE('',#2604,#2602,#326,.T.);
#3306=EDGE_CURVE('',#2605,#2603,#327,.T.);
#3307=EDGE_CURVE('',#2605,#2606,#1422,.T.);
#3308=EDGE_CURVE('',#2606,#2604,#328,.T.);
#3309=EDGE_CURVE('',#2607,#2605,#329,.T.);
#3310=EDGE_CURVE('',#2607,#2608,#1423,.T.);
#3311=EDGE_CURVE('',#2608,#2606,#330,.T.);
#3312=EDGE_CURVE('',#2609,#2607,#1424,.T.);
#3313=EDGE_CURVE('',#2609,#2610,#1425,.T.);
#3314=EDGE_CURVE('',#2610,#2608,#1426,.T.);
#3315=EDGE_CURVE('',#2611,#2609,#331,.T.);
#3316=EDGE_CURVE('',#2611,#2612,#1427,.T.);
#3317=EDGE_CURVE('',#2612,#2610,#332,.T.);
#3318=EDGE_CURVE('',#2613,#2611,#333,.T.);
#3319=EDGE_CURVE('',#2613,#2614,#1428,.T.);
#3320=EDGE_CURVE('',#2614,#2612,#334,.T.);
#3321=EDGE_CURVE('',#2550,#2613,#335,.T.);
#3322=EDGE_CURVE('',#2552,#2614,#336,.T.);
#3323=EDGE_CURVE('',#2615,#2616,#337,.T.);
#3324=EDGE_CURVE('',#2617,#2615,#338,.T.);
#3325=EDGE_CURVE('',#2617,#2618,#1429,.T.);
#3326=EDGE_CURVE('',#2618,#2619,#339,.T.);
#3327=EDGE_CURVE('',#2616,#2619,#1430,.T.);
#3328=EDGE_CURVE('',#2620,#2621,#340,.T.);
#3329=EDGE_CURVE('',#2620,#2622,#1431,.T.);
#3330=EDGE_CURVE('',#2622,#2623,#341,.T.);
#3331=EDGE_CURVE('',#2621,#2623,#1432,.T.);
#3332=EDGE_CURVE('',#2624,#2620,#1433,.T.);
#3333=EDGE_CURVE('',#2624,#2625,#1434,.T.);
#3334=EDGE_CURVE('',#2625,#2622,#1435,.T.);
#3335=EDGE_CURVE('',#2626,#2624,#342,.T.);
#3336=EDGE_CURVE('',#2626,#2627,#1436,.T.);
#3337=EDGE_CURVE('',#2627,#2625,#343,.T.);
#3338=EDGE_CURVE('',#2628,#2626,#344,.T.);
#3339=EDGE_CURVE('',#2628,#2629,#1437,.T.);
#3340=EDGE_CURVE('',#2629,#2627,#345,.T.);
#3341=EDGE_CURVE('',#2630,#2628,#346,.T.);
#3342=EDGE_CURVE('',#2630,#2631,#1438,.T.);
#3343=EDGE_CURVE('',#2631,#2629,#347,.T.);
#3344=EDGE_CURVE('',#2632,#2630,#348,.T.);
#3345=EDGE_CURVE('',#2632,#2633,#1439,.T.);
#3346=EDGE_CURVE('',#2633,#2631,#349,.T.);
#3347=EDGE_CURVE('',#2634,#2632,#1440,.T.);
#3348=EDGE_CURVE('',#2634,#2635,#1441,.T.);
#3349=EDGE_CURVE('',#2635,#2633,#1442,.T.);
#3350=EDGE_CURVE('',#2636,#2634,#350,.T.);
#3351=EDGE_CURVE('',#2636,#2637,#1443,.T.);
#3352=EDGE_CURVE('',#2637,#2635,#351,.T.);
#3353=EDGE_CURVE('',#2638,#2636,#352,.T.);
#3354=EDGE_CURVE('',#2638,#2639,#1444,.T.);
#3355=EDGE_CURVE('',#2639,#2637,#353,.T.);
#3356=EDGE_CURVE('',#2621,#2638,#354,.T.);
#3357=EDGE_CURVE('',#2623,#2639,#355,.T.);
#3358=EDGE_CURVE('',#2640,#2617,#356,.T.);
#3359=EDGE_CURVE('',#2640,#2641,#1445,.T.);
#3360=EDGE_CURVE('',#2641,#2618,#357,.T.);
#3361=EDGE_CURVE('',#2642,#2640,#358,.T.);
#3362=EDGE_CURVE('',#2642,#2643,#1446,.T.);
#3363=EDGE_CURVE('',#2643,#2641,#359,.T.);
#3364=EDGE_CURVE('',#2644,#2642,#1447,.T.);
#3365=EDGE_CURVE('',#2644,#2645,#1448,.T.);
#3366=EDGE_CURVE('',#2645,#2643,#1449,.T.);
#3367=EDGE_CURVE('',#2646,#2644,#360,.T.);
#3368=EDGE_CURVE('',#2646,#2647,#1450,.T.);
#3369=EDGE_CURVE('',#2647,#2645,#361,.T.);
#3370=EDGE_CURVE('',#2648,#2646,#362,.T.);
#3371=EDGE_CURVE('',#2648,#2649,#1451,.T.);
#3372=EDGE_CURVE('',#2649,#2647,#363,.T.);
#3373=EDGE_CURVE('',#2650,#2648,#364,.T.);
#3374=EDGE_CURVE('',#2650,#2651,#1452,.T.);
#3375=EDGE_CURVE('',#2651,#2649,#365,.T.);
#3376=EDGE_CURVE('',#2652,#2650,#366,.T.);
#3377=EDGE_CURVE('',#2652,#2653,#1453,.T.);
#3378=EDGE_CURVE('',#2653,#2651,#367,.T.);
#3379=EDGE_CURVE('',#2654,#2652,#368,.T.);
#3380=EDGE_CURVE('',#2654,#2655,#1454,.T.);
#3381=EDGE_CURVE('',#2655,#2653,#369,.T.);
#3382=EDGE_CURVE('',#2656,#2654,#370,.T.);
#3383=EDGE_CURVE('',#2656,#2657,#1455,.T.);
#3384=EDGE_CURVE('',#2657,#2655,#371,.T.);
#3385=EDGE_CURVE('',#2658,#2656,#1456,.T.);
#3386=EDGE_CURVE('',#2658,#2659,#1457,.T.);
#3387=EDGE_CURVE('',#2659,#2657,#1458,.T.);
#3388=EDGE_CURVE('',#2660,#2658,#372,.T.);
#3389=EDGE_CURVE('',#2660,#2661,#1459,.T.);
#3390=EDGE_CURVE('',#2661,#2659,#373,.T.);
#3391=EDGE_CURVE('',#2662,#2660,#374,.T.);
#3392=EDGE_CURVE('',#2662,#2663,#1460,.T.);
#3393=EDGE_CURVE('',#2663,#2661,#375,.T.);
#3394=EDGE_CURVE('',#2616,#2664,#376,.T.);
#3395=EDGE_CURVE('',#2619,#2663,#377,.T.);
#3396=EDGE_CURVE('',#2664,#2662,#378,.T.);
#3397=EDGE_CURVE('',#2665,#2666,#379,.T.);
#3398=EDGE_CURVE('',#2667,#2665,#380,.T.);
#3399=EDGE_CURVE('',#2667,#2668,#1461,.T.);
#3400=EDGE_CURVE('',#2668,#2669,#381,.T.);
#3401=EDGE_CURVE('',#2666,#2669,#1462,.T.);
#3402=EDGE_CURVE('',#2670,#2671,#382,.T.);
#3403=EDGE_CURVE('',#2670,#2672,#1463,.T.);
#3404=EDGE_CURVE('',#2672,#2673,#383,.T.);
#3405=EDGE_CURVE('',#2671,#2673,#1464,.T.);
#3406=EDGE_CURVE('',#2674,#2670,#1465,.T.);
#3407=EDGE_CURVE('',#2674,#2675,#1466,.T.);
#3408=EDGE_CURVE('',#2675,#2672,#1467,.T.);
#3409=EDGE_CURVE('',#2676,#2674,#384,.T.);
#3410=EDGE_CURVE('',#2676,#2677,#1468,.T.);
#3411=EDGE_CURVE('',#2677,#2675,#385,.T.);
#3412=EDGE_CURVE('',#2678,#2676,#386,.T.);
#3413=EDGE_CURVE('',#2678,#2679,#1469,.T.);
#3414=EDGE_CURVE('',#2679,#2677,#387,.T.);
#3415=EDGE_CURVE('',#2680,#2678,#388,.T.);
#3416=EDGE_CURVE('',#2680,#2681,#1470,.T.);
#3417=EDGE_CURVE('',#2681,#2679,#389,.T.);
#3418=EDGE_CURVE('',#2682,#2680,#390,.T.);
#3419=EDGE_CURVE('',#2682,#2683,#1471,.T.);
#3420=EDGE_CURVE('',#2683,#2681,#391,.T.);
#3421=EDGE_CURVE('',#2684,#2682,#1472,.T.);
#3422=EDGE_CURVE('',#2684,#2685,#1473,.T.);
#3423=EDGE_CURVE('',#2685,#2683,#1474,.T.);
#3424=EDGE_CURVE('',#2686,#2684,#392,.T.);
#3425=EDGE_CURVE('',#2686,#2687,#1475,.T.);
#3426=EDGE_CURVE('',#2687,#2685,#393,.T.);
#3427=EDGE_CURVE('',#2688,#2686,#394,.T.);
#3428=EDGE_CURVE('',#2688,#2689,#1476,.T.);
#3429=EDGE_CURVE('',#2689,#2687,#395,.T.);
#3430=EDGE_CURVE('',#2671,#2688,#396,.T.);
#3431=EDGE_CURVE('',#2673,#2689,#397,.T.);
#3432=EDGE_CURVE('',#2690,#2667,#398,.T.);
#3433=EDGE_CURVE('',#2690,#2691,#1477,.T.);
#3434=EDGE_CURVE('',#2691,#2668,#399,.T.);
#3435=EDGE_CURVE('',#2692,#2690,#400,.T.);
#3436=EDGE_CURVE('',#2692,#2693,#1478,.T.);
#3437=EDGE_CURVE('',#2693,#2691,#401,.T.);
#3438=EDGE_CURVE('',#2694,#2692,#1479,.T.);
#3439=EDGE_CURVE('',#2694,#2695,#1480,.T.);
#3440=EDGE_CURVE('',#2695,#2693,#1481,.T.);
#3441=EDGE_CURVE('',#2696,#2694,#402,.T.);
#3442=EDGE_CURVE('',#2696,#2697,#1482,.T.);
#3443=EDGE_CURVE('',#2697,#2695,#403,.T.);
#3444=EDGE_CURVE('',#2698,#2696,#404,.T.);
#3445=EDGE_CURVE('',#2698,#2699,#1483,.T.);
#3446=EDGE_CURVE('',#2699,#2697,#405,.T.);
#3447=EDGE_CURVE('',#2700,#2698,#406,.T.);
#3448=EDGE_CURVE('',#2700,#2701,#1484,.T.);
#3449=EDGE_CURVE('',#2701,#2699,#407,.T.);
#3450=EDGE_CURVE('',#2702,#2700,#408,.T.);
#3451=EDGE_CURVE('',#2702,#2703,#1485,.T.);
#3452=EDGE_CURVE('',#2703,#2701,#409,.T.);
#3453=EDGE_CURVE('',#2704,#2702,#410,.T.);
#3454=EDGE_CURVE('',#2704,#2705,#1486,.T.);
#3455=EDGE_CURVE('',#2705,#2703,#411,.T.);
#3456=EDGE_CURVE('',#2706,#2704,#412,.T.);
#3457=EDGE_CURVE('',#2706,#2707,#1487,.T.);
#3458=EDGE_CURVE('',#2707,#2705,#413,.T.);
#3459=EDGE_CURVE('',#2708,#2706,#1488,.T.);
#3460=EDGE_CURVE('',#2708,#2709,#1489,.T.);
#3461=EDGE_CURVE('',#2709,#2707,#1490,.T.);
#3462=EDGE_CURVE('',#2710,#2708,#414,.T.);
#3463=EDGE_CURVE('',#2710,#2711,#1491,.T.);
#3464=EDGE_CURVE('',#2711,#2709,#415,.T.);
#3465=EDGE_CURVE('',#2712,#2710,#416,.T.);
#3466=EDGE_CURVE('',#2712,#2713,#1492,.T.);
#3467=EDGE_CURVE('',#2713,#2711,#417,.T.);
#3468=EDGE_CURVE('',#2666,#2714,#418,.T.);
#3469=EDGE_CURVE('',#2669,#2713,#419,.T.);
#3470=EDGE_CURVE('',#2714,#2712,#420,.T.);
#3471=EDGE_CURVE('',#2715,#2716,#1493,.T.);
#3472=EDGE_CURVE('',#2715,#2717,#1494,.T.);
#3473=EDGE_CURVE('',#2717,#2718,#1495,.T.);
#3474=EDGE_CURVE('',#2716,#2718,#1496,.T.);
#3475=EDGE_CURVE('',#2719,#2715,#1497,.T.);
#3476=EDGE_CURVE('',#2719,#2720,#1498,.T.);
#3477=EDGE_CURVE('',#2720,#2717,#1499,.T.);
#3478=EDGE_CURVE('',#2721,#2719,#1500,.T.);
#3479=EDGE_CURVE('',#2721,#2722,#1501,.T.);
#3480=EDGE_CURVE('',#2722,#2720,#1502,.T.);
#3481=EDGE_CURVE('',#2723,#2721,#1503,.T.);
#3482=EDGE_CURVE('',#2723,#2724,#1504,.T.);
#3483=EDGE_CURVE('',#2724,#2722,#1505,.T.);
#3484=EDGE_CURVE('',#2725,#2723,#1506,.T.);
#3485=EDGE_CURVE('',#2725,#2726,#1507,.T.);
#3486=EDGE_CURVE('',#2726,#2724,#1508,.T.);
#3487=EDGE_CURVE('',#2727,#2725,#1509,.T.);
#3488=EDGE_CURVE('',#2727,#2728,#1510,.T.);
#3489=EDGE_CURVE('',#2728,#2726,#1511,.T.);
#3490=EDGE_CURVE('',#2729,#2727,#1512,.T.);
#3491=EDGE_CURVE('',#2729,#2730,#1513,.T.);
#3492=EDGE_CURVE('',#2730,#2728,#1514,.T.);
#3493=EDGE_CURVE('',#2731,#2729,#1515,.T.);
#3494=EDGE_CURVE('',#2731,#2732,#1516,.T.);
#3495=EDGE_CURVE('',#2732,#2730,#1517,.T.);
#3496=EDGE_CURVE('',#2733,#2731,#1518,.T.);
#3497=EDGE_CURVE('',#2733,#2734,#1519,.T.);
#3498=EDGE_CURVE('',#2734,#2732,#1520,.T.);
#3499=EDGE_CURVE('',#2735,#2733,#1521,.T.);
#3500=EDGE_CURVE('',#2735,#2736,#1522,.T.);
#3501=EDGE_CURVE('',#2736,#2734,#1523,.T.);
#3502=EDGE_CURVE('',#2737,#2735,#1524,.T.);
#3503=EDGE_CURVE('',#2737,#2738,#1525,.T.);
#3504=EDGE_CURVE('',#2738,#2736,#1526,.T.);
#3505=EDGE_CURVE('',#2739,#2737,#1527,.T.);
#3506=EDGE_CURVE('',#2739,#2740,#1528,.T.);
#3507=EDGE_CURVE('',#2740,#2738,#1529,.T.);
#3508=EDGE_CURVE('',#2716,#2739,#1530,.T.);
#3509=EDGE_CURVE('',#2718,#2740,#1531,.T.);
#3510=EDGE_CURVE('',#2741,#2742,#1532,.T.);
#3511=EDGE_CURVE('',#2741,#2743,#1533,.T.);
#3512=EDGE_CURVE('',#2743,#2744,#1534,.T.);
#3513=EDGE_CURVE('',#2742,#2744,#1535,.T.);
#3514=EDGE_CURVE('',#2745,#2741,#1536,.T.);
#3515=EDGE_CURVE('',#2745,#2746,#1537,.T.);
#3516=EDGE_CURVE('',#2746,#2743,#1538,.T.);
#3517=EDGE_CURVE('',#2747,#2745,#1539,.T.);
#3518=EDGE_CURVE('',#2747,#2748,#1540,.T.);
#3519=EDGE_CURVE('',#2748,#2746,#1541,.T.);
#3520=EDGE_CURVE('',#2749,#2747,#1542,.T.);
#3521=EDGE_CURVE('',#2749,#2750,#1543,.T.);
#3522=EDGE_CURVE('',#2750,#2748,#1544,.T.);
#3523=EDGE_CURVE('',#2751,#2749,#1545,.T.);
#3524=EDGE_CURVE('',#2751,#2752,#1546,.T.);
#3525=EDGE_CURVE('',#2752,#2750,#1547,.T.);
#3526=EDGE_CURVE('',#2742,#2751,#1548,.T.);
#3527=EDGE_CURVE('',#2744,#2752,#1549,.T.);
#3528=EDGE_CURVE('',#2753,#2754,#1550,.T.);
#3529=EDGE_CURVE('',#2753,#2755,#1551,.T.);
#3530=EDGE_CURVE('',#2755,#2756,#1552,.T.);
#3531=EDGE_CURVE('',#2754,#2756,#1553,.T.);
#3532=EDGE_CURVE('',#2757,#2753,#1554,.T.);
#3533=EDGE_CURVE('',#2757,#2758,#1555,.T.);
#3534=EDGE_CURVE('',#2758,#2755,#1556,.T.);
#3535=EDGE_CURVE('',#2759,#2757,#1557,.T.);
#3536=EDGE_CURVE('',#2759,#2760,#1558,.T.);
#3537=EDGE_CURVE('',#2760,#2758,#1559,.T.);
#3538=EDGE_CURVE('',#2761,#2759,#1560,.T.);
#3539=EDGE_CURVE('',#2761,#2762,#1561,.T.);
#3540=EDGE_CURVE('',#2762,#2760,#1562,.T.);
#3541=EDGE_CURVE('',#2763,#2761,#1563,.T.);
#3542=EDGE_CURVE('',#2763,#2764,#1564,.T.);
#3543=EDGE_CURVE('',#2764,#2762,#1565,.T.);
#3544=EDGE_CURVE('',#2765,#2763,#1566,.T.);
#3545=EDGE_CURVE('',#2765,#2766,#1567,.T.);
#3546=EDGE_CURVE('',#2766,#2764,#1568,.T.);
#3547=EDGE_CURVE('',#2767,#2765,#1569,.T.);
#3548=EDGE_CURVE('',#2767,#2768,#1570,.T.);
#3549=EDGE_CURVE('',#2768,#2766,#1571,.T.);
#3550=EDGE_CURVE('',#2769,#2767,#1572,.T.);
#3551=EDGE_CURVE('',#2769,#2770,#1573,.T.);
#3552=EDGE_CURVE('',#2770,#2768,#1574,.T.);
#3553=EDGE_CURVE('',#2771,#2769,#1575,.T.);
#3554=EDGE_CURVE('',#2771,#2772,#1576,.T.);
#3555=EDGE_CURVE('',#2772,#2770,#1577,.T.);
#3556=EDGE_CURVE('',#2773,#2771,#1578,.T.);
#3557=EDGE_CURVE('',#2773,#2774,#1579,.T.);
#3558=EDGE_CURVE('',#2774,#2772,#1580,.T.);
#3559=EDGE_CURVE('',#2775,#2773,#1581,.T.);
#3560=EDGE_CURVE('',#2775,#2776,#1582,.T.);
#3561=EDGE_CURVE('',#2776,#2774,#1583,.T.);
#3562=EDGE_CURVE('',#2777,#2775,#1584,.T.);
#3563=EDGE_CURVE('',#2777,#2778,#1585,.T.);
#3564=EDGE_CURVE('',#2778,#2776,#1586,.T.);
#3565=EDGE_CURVE('',#2754,#2777,#1587,.T.);
#3566=EDGE_CURVE('',#2756,#2778,#1588,.T.);
#3567=EDGE_CURVE('',#2779,#2780,#421,.T.);
#3568=EDGE_CURVE('',#2781,#2779,#422,.T.);
#3569=EDGE_CURVE('',#2781,#2782,#1589,.T.);
#3570=EDGE_CURVE('',#2782,#2783,#423,.T.);
#3571=EDGE_CURVE('',#2780,#2783,#1590,.T.);
#3572=EDGE_CURVE('',#2784,#2785,#424,.T.);
#3573=EDGE_CURVE('',#2784,#2786,#1591,.T.);
#3574=EDGE_CURVE('',#2786,#2787,#425,.T.);
#3575=EDGE_CURVE('',#2785,#2787,#1592,.T.);
#3576=EDGE_CURVE('',#2788,#2784,#426,.T.);
#3577=EDGE_CURVE('',#2788,#2789,#1593,.T.);
#3578=EDGE_CURVE('',#2789,#2786,#427,.T.);
#3579=EDGE_CURVE('',#2790,#2788,#1594,.T.);
#3580=EDGE_CURVE('',#2790,#2791,#1595,.T.);
#3581=EDGE_CURVE('',#2791,#2789,#1596,.T.);
#3582=EDGE_CURVE('',#2792,#2790,#428,.T.);
#3583=EDGE_CURVE('',#2792,#2793,#1597,.T.);
#3584=EDGE_CURVE('',#2793,#2791,#429,.T.);
#3585=EDGE_CURVE('',#2794,#2792,#430,.T.);
#3586=EDGE_CURVE('',#2794,#2795,#1598,.T.);
#3587=EDGE_CURVE('',#2795,#2793,#431,.T.);
#3588=EDGE_CURVE('',#2796,#2794,#432,.T.);
#3589=EDGE_CURVE('',#2796,#2797,#1599,.T.);
#3590=EDGE_CURVE('',#2797,#2795,#433,.T.);
#3591=EDGE_CURVE('',#2798,#2796,#434,.T.);
#3592=EDGE_CURVE('',#2798,#2799,#1600,.T.);
#3593=EDGE_CURVE('',#2799,#2797,#435,.T.);
#3594=EDGE_CURVE('',#2800,#2798,#1601,.T.);
#3595=EDGE_CURVE('',#2800,#2801,#1602,.T.);
#3596=EDGE_CURVE('',#2801,#2799,#1603,.T.);
#3597=EDGE_CURVE('',#2802,#2800,#436,.T.);
#3598=EDGE_CURVE('',#2802,#2803,#1604,.T.);
#3599=EDGE_CURVE('',#2803,#2801,#437,.T.);
#3600=EDGE_CURVE('',#2804,#2802,#438,.T.);
#3601=EDGE_CURVE('',#2804,#2805,#1605,.T.);
#3602=EDGE_CURVE('',#2805,#2803,#439,.T.);
#3603=EDGE_CURVE('',#2780,#2806,#440,.T.);
#3604=EDGE_CURVE('',#2783,#2805,#441,.T.);
#3605=EDGE_CURVE('',#2806,#2804,#442,.T.);
#3606=EDGE_CURVE('',#2807,#2781,#443,.T.);
#3607=EDGE_CURVE('',#2807,#2808,#1606,.T.);
#3608=EDGE_CURVE('',#2808,#2782,#444,.T.);
#3609=EDGE_CURVE('',#2809,#2807,#1607,.T.);
#3610=EDGE_CURVE('',#2809,#2810,#1608,.T.);
#3611=EDGE_CURVE('',#2810,#2808,#1609,.T.);
#3612=EDGE_CURVE('',#2811,#2809,#445,.T.);
#3613=EDGE_CURVE('',#2811,#2812,#1610,.T.);
#3614=EDGE_CURVE('',#2812,#2810,#446,.T.);
#3615=EDGE_CURVE('',#2813,#2811,#447,.T.);
#3616=EDGE_CURVE('',#2813,#2814,#1611,.T.);
#3617=EDGE_CURVE('',#2814,#2812,#448,.T.);
#3618=EDGE_CURVE('',#2815,#2813,#449,.T.);
#3619=EDGE_CURVE('',#2815,#2816,#1612,.T.);
#3620=EDGE_CURVE('',#2816,#2814,#450,.T.);
#3621=EDGE_CURVE('',#2817,#2815,#451,.T.);
#3622=EDGE_CURVE('',#2817,#2818,#1613,.T.);
#3623=EDGE_CURVE('',#2818,#2816,#452,.T.);
#3624=EDGE_CURVE('',#2819,#2817,#1614,.T.);
#3625=EDGE_CURVE('',#2819,#2820,#1615,.T.);
#3626=EDGE_CURVE('',#2820,#2818,#1616,.T.);
#3627=EDGE_CURVE('',#2821,#2819,#453,.T.);
#3628=EDGE_CURVE('',#2821,#2822,#1617,.T.);
#3629=EDGE_CURVE('',#2822,#2820,#454,.T.);
#3630=EDGE_CURVE('',#2823,#2821,#455,.T.);
#3631=EDGE_CURVE('',#2823,#2824,#1618,.T.);
#3632=EDGE_CURVE('',#2824,#2822,#456,.T.);
#3633=EDGE_CURVE('',#2825,#2823,#1619,.T.);
#3634=EDGE_CURVE('',#2825,#2826,#1620,.T.);
#3635=EDGE_CURVE('',#2826,#2824,#1621,.T.);
#3636=EDGE_CURVE('',#2827,#2825,#1622,.T.);
#3637=EDGE_CURVE('',#2827,#2828,#1623,.T.);
#3638=EDGE_CURVE('',#2828,#2826,#1624,.T.);
#3639=EDGE_CURVE('',#2829,#2827,#1625,.T.);
#3640=EDGE_CURVE('',#2829,#2830,#1626,.T.);
#3641=EDGE_CURVE('',#2830,#2828,#1627,.T.);
#3642=EDGE_CURVE('',#2831,#2829,#457,.T.);
#3643=EDGE_CURVE('',#2831,#2832,#1628,.T.);
#3644=EDGE_CURVE('',#2832,#2830,#458,.T.);
#3645=EDGE_CURVE('',#2833,#2831,#459,.T.);
#3646=EDGE_CURVE('',#2833,#2834,#1629,.T.);
#3647=EDGE_CURVE('',#2834,#2832,#460,.T.);
#3648=EDGE_CURVE('',#2835,#2833,#1630,.T.);
#3649=EDGE_CURVE('',#2835,#2836,#1631,.T.);
#3650=EDGE_CURVE('',#2836,#2834,#1632,.T.);
#3651=EDGE_CURVE('',#2837,#2835,#461,.T.);
#3652=EDGE_CURVE('',#2837,#2838,#1633,.T.);
#3653=EDGE_CURVE('',#2838,#2836,#462,.T.);
#3654=EDGE_CURVE('',#2839,#2837,#463,.T.);
#3655=EDGE_CURVE('',#2839,#2840,#1634,.T.);
#3656=EDGE_CURVE('',#2840,#2838,#464,.T.);
#3657=EDGE_CURVE('',#2841,#2839,#465,.T.);
#3658=EDGE_CURVE('',#2841,#2842,#1635,.T.);
#3659=EDGE_CURVE('',#2842,#2840,#466,.T.);
#3660=EDGE_CURVE('',#2843,#2841,#1636,.T.);
#3661=EDGE_CURVE('',#2843,#2844,#1637,.T.);
#3662=EDGE_CURVE('',#2844,#2842,#1638,.T.);
#3663=EDGE_CURVE('',#2845,#2843,#467,.T.);
#3664=EDGE_CURVE('',#2845,#2846,#1639,.T.);
#3665=EDGE_CURVE('',#2846,#2844,#468,.T.);
#3666=EDGE_CURVE('',#2847,#2845,#469,.T.);
#3667=EDGE_CURVE('',#2847,#2848,#1640,.T.);
#3668=EDGE_CURVE('',#2848,#2846,#470,.T.);
#3669=EDGE_CURVE('',#2785,#2847,#471,.T.);
#3670=EDGE_CURVE('',#2787,#2848,#472,.T.);
#3671=EDGE_CURVE('',#2506,#2615,#1641,.T.);
#3672=EDGE_CURVE('',#2664,#2665,#1642,.T.);
#3673=EDGE_CURVE('',#2714,#2745,#1643,.T.);
#3674=EDGE_CURVE('',#2741,#2849,#1644,.T.);
#3675=EDGE_CURVE('',#2850,#2849,#2250,.T.);
#3676=EDGE_CURVE('',#2850,#2851,#1645,.T.);
#3677=EDGE_CURVE('',#2851,#2852,#2251,.T.);
#3678=EDGE_CURVE('',#2852,#2779,#1646,.T.);
#3679=EDGE_CURVE('',#2806,#2479,#1647,.T.);
#3680=EDGE_CURVE('',#2853,#2854,#1648,.T.);
#3681=EDGE_CURVE('',#2377,#2853,#2252,.T.);
#3682=EDGE_CURVE('',#2406,#2376,#1649,.T.);
#3683=EDGE_CURVE('',#2854,#2405,#2253,.T.);
#3684=EDGE_CURVE('',#2853,#2850,#1650,.T.);
#3685=EDGE_CURVE('',#2855,#2850,#2254,.T.);
#3686=EDGE_CURVE('',#2378,#2855,#473,.T.);
#3687=EDGE_CURVE('',#2851,#2854,#1651,.T.);
#3688=EDGE_CURVE('',#2856,#2369,#1652,.T.);
#3689=EDGE_CURVE('',#2857,#2856,#2255,.T.);
#3690=EDGE_CURVE('',#2403,#2857,#474,.T.);
#3691=EDGE_CURVE('',#2368,#2858,#1653,.T.);
#3692=EDGE_CURVE('',#2856,#2858,#2256,.T.);
#3693=EDGE_CURVE('',#2859,#2367,#1654,.T.);
#3694=EDGE_CURVE('',#2858,#2859,#2257,.T.);
#3695=EDGE_CURVE('',#2366,#2860,#1655,.T.);
#3696=EDGE_CURVE('',#2859,#2860,#2258,.T.);
#3697=EDGE_CURVE('',#2387,#2857,#2259,.T.);
#3698=EDGE_CURVE('',#2856,#2388,#2260,.T.);
#3699=EDGE_CURVE('',#2858,#2389,#2261,.T.);
#3700=EDGE_CURVE('',#2859,#2390,#2262,.T.);
#3701=EDGE_CURVE('',#2860,#2391,#2263,.T.);
#3702=EDGE_CURVE('',#2861,#2392,#2264,.T.);
#3703=EDGE_CURVE('',#2860,#2861,#1656,.T.);
#3704=EDGE_CURVE('',#2862,#2382,#2265,.T.);
#3705=EDGE_CURVE('',#2861,#2862,#2266,.T.);
#3706=EDGE_CURVE('',#2383,#2379,#2267,.T.);
#3707=EDGE_CURVE('',#2378,#2384,#2268,.T.);
#3708=EDGE_CURVE('',#2862,#2379,#475,.T.);
#3709=EDGE_CURVE('',#2385,#2855,#2269,.T.);
#3710=EDGE_CURVE('',#2849,#2385,#2270,.T.);
#3711=EDGE_CURVE('',#2863,#2395,#2271,.T.);
#3712=EDGE_CURVE('',#2395,#2852,#2272,.T.);
#3713=EDGE_CURVE('',#2851,#2863,#2273,.T.);
#3714=EDGE_CURVE('',#2396,#2404,#2274,.T.);
#3715=EDGE_CURVE('',#2403,#2397,#2275,.T.);
#3716=EDGE_CURVE('',#2863,#2404,#476,.T.);
#3717=EDGE_CURVE('',#2861,#2365,#1657,.T.);
#3718=EDGE_CURVE('',#2386,#2394,#1658,.T.);
#3719=EDGE_CURVE('',#2412,#2864,#2276,.T.);
#3720=EDGE_CURVE('',#2864,#2865,#2277,.T.);
#3721=EDGE_CURVE('',#2865,#2411,#2278,.T.);
#3722=EDGE_CURVE('',#2866,#2393,#2279,.T.);
#3723=EDGE_CURVE('',#2865,#2866,#1659,.T.);
#3724=EDGE_CURVE('',#2867,#2394,#2280,.T.);
#3725=EDGE_CURVE('',#2866,#2867,#2281,.T.);
#3726=EDGE_CURVE('',#2868,#2386,#2282,.T.);
#3727=EDGE_CURVE('',#2867,#2868,#1660,.T.);
#3728=EDGE_CURVE('',#2869,#2380,#2283,.T.);
#3729=EDGE_CURVE('',#2868,#2869,#2284,.T.);
#3730=EDGE_CURVE('',#2870,#2381,#2285,.T.);
#3731=EDGE_CURVE('',#2869,#2870,#1661,.T.);
#3732=EDGE_CURVE('',#2871,#2872,#2286,.T.);
#3733=EDGE_CURVE('',#2872,#2381,#2287,.T.);
#3734=EDGE_CURVE('',#2870,#2871,#2288,.T.);
#3735=EDGE_CURVE('',#2871,#2864,#1662,.T.);
#3736=EDGE_CURVE('',#2412,#2872,#1663,.T.);
#3737=EDGE_CURVE('',#2872,#2359,#1664,.T.);
#3738=EDGE_CURVE('',#2873,#2374,#2289,.T.);
#3739=EDGE_CURVE('',#2373,#2874,#2290,.T.);
#3740=EDGE_CURVE('',#2874,#2875,#1665,.T.);
#3741=EDGE_CURVE('',#2875,#2876,#2291,.T.);
#3742=EDGE_CURVE('',#2876,#2877,#1666,.T.);
#3743=EDGE_CURVE('',#2877,#2401,#2292,.T.);
#3744=EDGE_CURVE('',#2400,#2878,#2293,.T.);
#3745=EDGE_CURVE('',#2878,#2879,#2294,.T.);
#3746=EDGE_CURVE('',#2879,#2409,#2295,.T.);
#3747=EDGE_CURVE('',#2408,#2880,#2296,.T.);
#3748=EDGE_CURVE('',#2880,#2873,#1667,.T.);
#3749=EDGE_CURVE('',#2881,#2881,#2297,.T.);
#3750=EDGE_CURVE('',#2882,#2407,#2298,.T.);
#3751=EDGE_CURVE('',#2880,#2882,#1668,.T.);
#3752=EDGE_CURVE('',#2883,#2399,#2299,.T.);
#3753=EDGE_CURVE('',#2878,#2883,#1669,.T.);
#3754=EDGE_CURVE('',#2879,#2884,#1670,.T.);
#3755=EDGE_CURVE('',#2410,#2884,#2300,.T.);
#3756=EDGE_CURVE('',#2885,#2372,#2301,.T.);
#3757=EDGE_CURVE('',#2874,#2885,#1671,.T.);
#3758=EDGE_CURVE('',#2877,#2886,#1672,.T.);
#3759=EDGE_CURVE('',#2402,#2886,#2302,.T.);
#3760=EDGE_CURVE('',#2887,#2882,#1673,.T.);
#3761=EDGE_CURVE('',#2873,#2887,#1674,.T.);
#3762=EDGE_CURVE('',#2375,#2887,#2303,.T.);
#3763=EDGE_CURVE('',#2888,#2888,#2304,.T.);
#3764=EDGE_CURVE('',#2888,#2889,#1675,.T.);
#3765=EDGE_CURVE('',#2889,#2889,#2305,.T.);
#3766=EDGE_CURVE('',#2881,#2890,#1676,.T.);
#3767=EDGE_CURVE('',#2890,#2890,#2306,.T.);
#3768=EDGE_CURVE('',#2891,#2891,#2307,.T.);
#3769=EDGE_CURVE('',#2891,#2892,#1677,.T.);
#3770=EDGE_CURVE('',#2892,#2892,#2308,.T.);
#3771=EDGE_CURVE('',#2884,#2883,#2309,.T.);
#3772=EDGE_CURVE('',#2893,#2893,#2310,.T.);
#3773=EDGE_CURVE('',#2893,#2894,#1678,.T.);
#3774=EDGE_CURVE('',#2894,#2894,#2311,.T.);
#3775=EDGE_CURVE('',#2876,#2895,#1679,.T.);
#3776=EDGE_CURVE('',#2886,#2895,#1680,.T.);
#3777=EDGE_CURVE('',#2896,#2885,#1681,.T.);
#3778=EDGE_CURVE('',#2875,#2896,#1682,.T.);
#3779=EDGE_CURVE('',#2895,#2896,#2312,.T.);
#3780=EDGE_CURVE('',#2897,#2898,#2313,.T.);
#3781=EDGE_CURVE('',#2898,#2899,#1683,.T.);
#3782=EDGE_CURVE('',#2899,#2900,#2314,.T.);
#3783=EDGE_CURVE('',#2900,#2897,#1684,.T.);
#3784=EDGE_CURVE('',#2901,#2902,#2315,.T.);
#3785=EDGE_CURVE('',#2902,#2900,#2316,.T.);
#3786=EDGE_CURVE('',#2899,#2901,#2317,.T.);
#3787=EDGE_CURVE('',#2903,#2904,#2318,.T.);
#3788=EDGE_CURVE('',#2904,#2902,#1685,.T.);
#3789=EDGE_CURVE('',#2901,#2903,#1686,.T.);
#3790=EDGE_CURVE('',#2897,#2904,#2319,.T.);
#3791=EDGE_CURVE('',#2903,#2898,#2320,.T.);
#3792=EDGE_CURVE('',#2899,#2905,#1687,.T.);
#3793=EDGE_CURVE('',#2906,#2905,#2321,.T.);
#3794=EDGE_CURVE('',#2901,#2906,#1688,.T.);
#3795=EDGE_CURVE('',#2898,#2907,#1689,.T.);
#3796=EDGE_CURVE('',#2905,#2907,#1690,.T.);
#3797=EDGE_CURVE('',#2908,#2909,#2322,.T.);
#3798=EDGE_CURVE('',#2910,#2908,#1691,.T.);
#3799=EDGE_CURVE('',#2911,#2910,#2323,.T.);
#3800=EDGE_CURVE('',#2912,#2911,#1692,.T.);
#3801=EDGE_CURVE('',#2913,#2912,#2324,.T.);
#3802=EDGE_CURVE('',#2914,#2913,#1693,.T.);
#3803=EDGE_CURVE('',#2915,#2914,#2325,.T.);
#3804=EDGE_CURVE('',#2909,#2915,#1694,.T.);
#3805=EDGE_CURVE('',#2916,#2916,#2326,.T.);
#3806=EDGE_CURVE('',#2917,#2917,#2327,.T.);
#3807=EDGE_CURVE('',#2918,#2918,#2328,.T.);
#3808=EDGE_CURVE('',#2919,#2906,#1695,.T.);
#3809=EDGE_CURVE('',#2903,#2919,#1696,.T.);
#3810=EDGE_CURVE('',#2907,#2919,#2329,.T.);
#3811=EDGE_CURVE('',#2920,#2921,#1697,.T.);
#3812=EDGE_CURVE('',#2922,#2920,#1698,.T.);
#3813=EDGE_CURVE('',#2923,#2922,#1699,.T.);
#3814=EDGE_CURVE('',#2921,#2923,#1700,.T.);
#3815=EDGE_CURVE('',#2924,#2924,#2330,.T.);
#3816=EDGE_CURVE('',#2925,#2925,#2331,.T.);
#3817=EDGE_CURVE('',#2926,#2926,#2332,.T.);
#3818=EDGE_CURVE('',#2927,#2920,#1701,.T.);
#3819=EDGE_CURVE('',#2928,#2927,#1702,.T.);
#3820=EDGE_CURVE('',#2928,#2922,#1703,.T.);
#3821=EDGE_CURVE('',#2929,#2921,#1704,.T.);
#3822=EDGE_CURVE('',#2927,#2929,#1705,.T.);
#3823=EDGE_CURVE('',#2930,#2908,#2333,.T.);
#3824=EDGE_CURVE('',#2909,#2931,#2334,.T.);
#3825=EDGE_CURVE('',#2931,#2930,#2335,.T.);
#3826=EDGE_CURVE('',#2915,#2932,#2336,.T.);
#3827=EDGE_CURVE('',#2932,#2931,#1706,.T.);
#3828=EDGE_CURVE('',#2914,#2933,#2337,.T.);
#3829=EDGE_CURVE('',#2933,#2932,#2338,.T.);
#3830=EDGE_CURVE('',#2913,#2934,#2339,.T.);
#3831=EDGE_CURVE('',#2934,#2933,#1707,.T.);
#3832=EDGE_CURVE('',#2912,#2935,#2340,.T.);
#3833=EDGE_CURVE('',#2935,#2934,#2341,.T.);
#3834=EDGE_CURVE('',#2911,#2936,#2342,.T.);
#3835=EDGE_CURVE('',#2936,#2935,#1708,.T.);
#3836=EDGE_CURVE('',#2910,#2937,#2343,.T.);
#3837=EDGE_CURVE('',#2937,#2936,#2344,.T.);
#3838=EDGE_CURVE('',#2930,#2937,#1709,.T.);
#3839=EDGE_CURVE('',#2938,#2936,#1710,.T.);
#3840=EDGE_CURVE('',#2938,#2939,#1711,.T.);
#3841=EDGE_CURVE('',#2935,#2939,#1712,.T.);
#3842=EDGE_CURVE('',#2937,#2940,#1713,.T.);
#3843=EDGE_CURVE('',#2940,#2938,#2345,.T.);
#3844=EDGE_CURVE('',#2941,#2930,#1714,.T.);
#3845=EDGE_CURVE('',#2941,#2940,#1715,.T.);
#3846=EDGE_CURVE('',#2931,#2942,#1716,.T.);
#3847=EDGE_CURVE('',#2942,#2941,#2346,.T.);
#3848=EDGE_CURVE('',#2933,#2943,#1717,.T.);
#3849=EDGE_CURVE('',#2943,#2944,#2347,.T.);
#3850=EDGE_CURVE('',#2944,#2932,#1718,.T.);
#3851=EDGE_CURVE('',#2945,#2934,#1719,.T.);
#3852=EDGE_CURVE('',#2945,#2943,#1720,.T.);
#3853=EDGE_CURVE('',#2939,#2945,#2348,.T.);
#3854=EDGE_CURVE('',#2944,#2942,#1721,.T.);
#3855=EDGE_CURVE('',#2918,#2946,#1722,.T.);
#3856=EDGE_CURVE('',#2946,#2946,#2349,.T.);
#3857=EDGE_CURVE('',#2946,#2926,#1723,.T.);
#3858=EDGE_CURVE('',#2916,#2947,#1724,.T.);
#3859=EDGE_CURVE('',#2947,#2947,#2350,.T.);
#3860=EDGE_CURVE('',#2947,#2924,#1725,.T.);
#3861=EDGE_CURVE('',#2917,#2948,#1726,.T.);
#3862=EDGE_CURVE('',#2948,#2948,#2351,.T.);
#3863=EDGE_CURVE('',#2948,#2925,#1727,.T.);
#3864=EDGE_CURVE('',#2949,#2923,#1728,.T.);
#3865=EDGE_CURVE('',#2929,#2949,#1729,.T.);
#3866=EDGE_CURVE('',#2949,#2928,#1730,.T.);
#3867=ORIENTED_EDGE('',*,*,#2950,.F.);
#3868=ORIENTED_EDGE('',*,*,#2951,.F.);
#3869=ORIENTED_EDGE('',*,*,#2952,.F.);
#3870=ORIENTED_EDGE('',*,*,#2953,.F.);
#3871=ORIENTED_EDGE('',*,*,#2954,.F.);
#3872=ORIENTED_EDGE('',*,*,#2955,.F.);
#3873=ORIENTED_EDGE('',*,*,#2956,.F.);
#3874=ORIENTED_EDGE('',*,*,#2957,.F.);
#3875=ORIENTED_EDGE('',*,*,#2958,.F.);
#3876=ORIENTED_EDGE('',*,*,#2959,.F.);
#3877=ORIENTED_EDGE('',*,*,#2960,.F.);
#3878=ORIENTED_EDGE('',*,*,#2961,.F.);
#3879=ORIENTED_EDGE('',*,*,#2961,.T.);
#3880=ORIENTED_EDGE('',*,*,#2962,.F.);
#3881=ORIENTED_EDGE('',*,*,#2963,.F.);
#3882=ORIENTED_EDGE('',*,*,#2964,.F.);
#3883=ORIENTED_EDGE('',*,*,#2965,.F.);
#3884=ORIENTED_EDGE('',*,*,#2966,.F.);
#3885=ORIENTED_EDGE('',*,*,#2967,.F.);
#3886=ORIENTED_EDGE('',*,*,#2968,.F.);
#3887=ORIENTED_EDGE('',*,*,#2969,.F.);
#3888=ORIENTED_EDGE('',*,*,#2960,.T.);
#3889=ORIENTED_EDGE('',*,*,#2970,.F.);
#3890=ORIENTED_EDGE('',*,*,#2971,.T.);
#3891=ORIENTED_EDGE('',*,*,#2972,.T.);
#3892=ORIENTED_EDGE('',*,*,#2973,.F.);
#3893=ORIENTED_EDGE('',*,*,#2974,.F.);
#3894=ORIENTED_EDGE('',*,*,#2975,.T.);
#3895=ORIENTED_EDGE('',*,*,#2976,.T.);
#3896=ORIENTED_EDGE('',*,*,#2977,.F.);
#3897=ORIENTED_EDGE('',*,*,#2978,.F.);
#3898=ORIENTED_EDGE('',*,*,#2979,.F.);
#3899=ORIENTED_EDGE('',*,*,#2962,.T.);
#3900=ORIENTED_EDGE('',*,*,#2955,.T.);
#3901=ORIENTED_EDGE('',*,*,#2980,.F.);
#3902=ORIENTED_EDGE('',*,*,#2981,.F.);
#3903=ORIENTED_EDGE('',*,*,#2982,.F.);
#3904=ORIENTED_EDGE('',*,*,#2954,.T.);
#3905=ORIENTED_EDGE('',*,*,#2983,.T.);
#3906=ORIENTED_EDGE('',*,*,#2984,.F.);
#3907=ORIENTED_EDGE('',*,*,#2985,.F.);
#3908=ORIENTED_EDGE('',*,*,#2986,.F.);
#3909=ORIENTED_EDGE('',*,*,#2987,.T.);
#3910=ORIENTED_EDGE('',*,*,#2988,.F.);
#3911=ORIENTED_EDGE('',*,*,#2980,.T.);
#3912=ORIENTED_EDGE('',*,*,#2953,.T.);
#3913=ORIENTED_EDGE('',*,*,#2989,.F.);
#3914=ORIENTED_EDGE('',*,*,#2990,.F.);
#3915=ORIENTED_EDGE('',*,*,#2991,.F.);
#3916=ORIENTED_EDGE('',*,*,#2992,.F.);
#3917=ORIENTED_EDGE('',*,*,#2993,.F.);
#3918=ORIENTED_EDGE('',*,*,#2994,.F.);
#3919=ORIENTED_EDGE('',*,*,#2995,.F.);
#3920=ORIENTED_EDGE('',*,*,#2983,.F.);
#3921=ORIENTED_EDGE('',*,*,#2952,.T.);
#3922=ORIENTED_EDGE('',*,*,#2996,.T.);
#3923=ORIENTED_EDGE('',*,*,#2997,.F.);
#3924=ORIENTED_EDGE('',*,*,#2998,.T.);
#3925=ORIENTED_EDGE('',*,*,#2999,.F.);
#3926=ORIENTED_EDGE('',*,*,#3000,.F.);
#3927=ORIENTED_EDGE('',*,*,#3001,.F.);
#3928=ORIENTED_EDGE('',*,*,#2989,.T.);
#3929=ORIENTED_EDGE('',*,*,#2959,.T.);
#3930=ORIENTED_EDGE('',*,*,#3002,.F.);
#3931=ORIENTED_EDGE('',*,*,#3003,.T.);
#3932=ORIENTED_EDGE('',*,*,#3004,.T.);
#3933=ORIENTED_EDGE('',*,*,#3005,.F.);
#3934=ORIENTED_EDGE('',*,*,#3006,.F.);
#3935=ORIENTED_EDGE('',*,*,#3007,.T.);
#3936=ORIENTED_EDGE('',*,*,#2970,.T.);
#3937=ORIENTED_EDGE('',*,*,#2958,.T.);
#3938=ORIENTED_EDGE('',*,*,#2969,.T.);
#3939=ORIENTED_EDGE('',*,*,#3008,.F.);
#3940=ORIENTED_EDGE('',*,*,#3009,.F.);
#3941=ORIENTED_EDGE('',*,*,#3010,.F.);
#3942=ORIENTED_EDGE('',*,*,#3011,.T.);
#3943=ORIENTED_EDGE('',*,*,#3012,.T.);
#3944=ORIENTED_EDGE('',*,*,#3013,.T.);
#3945=ORIENTED_EDGE('',*,*,#3014,.F.);
#3946=ORIENTED_EDGE('',*,*,#3015,.F.);
#3947=ORIENTED_EDGE('',*,*,#3016,.T.);
#3948=ORIENTED_EDGE('',*,*,#3002,.T.);
#3949=ORIENTED_EDGE('',*,*,#2951,.T.);
#3950=ORIENTED_EDGE('',*,*,#3017,.F.);
#3951=ORIENTED_EDGE('',*,*,#3018,.F.);
#3952=ORIENTED_EDGE('',*,*,#2996,.F.);
#3953=ORIENTED_EDGE('',*,*,#2950,.T.);
#3954=ORIENTED_EDGE('',*,*,#3019,.T.);
#3955=ORIENTED_EDGE('',*,*,#3020,.F.);
#3956=ORIENTED_EDGE('',*,*,#3017,.T.);
#3957=ORIENTED_EDGE('',*,*,#3021,.F.);
#3958=ORIENTED_EDGE('',*,*,#3022,.T.);
#3959=ORIENTED_EDGE('',*,*,#3023,.T.);
#3960=ORIENTED_EDGE('',*,*,#3024,.F.);
#3961=ORIENTED_EDGE('',*,*,#3025,.F.);
#3962=ORIENTED_EDGE('',*,*,#3026,.T.);
#3963=ORIENTED_EDGE('',*,*,#3027,.T.);
#3964=ORIENTED_EDGE('',*,*,#3022,.F.);
#3965=ORIENTED_EDGE('',*,*,#3028,.F.);
#3966=ORIENTED_EDGE('',*,*,#3029,.T.);
#3967=ORIENTED_EDGE('',*,*,#3030,.T.);
#3968=ORIENTED_EDGE('',*,*,#3026,.F.);
#3969=ORIENTED_EDGE('',*,*,#3031,.F.);
#3970=ORIENTED_EDGE('',*,*,#3032,.T.);
#3971=ORIENTED_EDGE('',*,*,#3033,.T.);
#3972=ORIENTED_EDGE('',*,*,#3029,.F.);
#3973=ORIENTED_EDGE('',*,*,#3034,.F.);
#3974=ORIENTED_EDGE('',*,*,#3035,.T.);
#3975=ORIENTED_EDGE('',*,*,#3036,.T.);
#3976=ORIENTED_EDGE('',*,*,#3032,.F.);
#3977=ORIENTED_EDGE('',*,*,#3037,.F.);
#3978=ORIENTED_EDGE('',*,*,#3038,.T.);
#3979=ORIENTED_EDGE('',*,*,#3039,.T.);
#3980=ORIENTED_EDGE('',*,*,#3035,.F.);
#3981=ORIENTED_EDGE('',*,*,#3040,.F.);
#3982=ORIENTED_EDGE('',*,*,#3041,.T.);
#3983=ORIENTED_EDGE('',*,*,#3042,.T.);
#3984=ORIENTED_EDGE('',*,*,#3038,.F.);
#3985=ORIENTED_EDGE('',*,*,#3043,.F.);
#3986=ORIENTED_EDGE('',*,*,#3044,.T.);
#3987=ORIENTED_EDGE('',*,*,#3045,.T.);
#3988=ORIENTED_EDGE('',*,*,#3041,.F.);
#3989=ORIENTED_EDGE('',*,*,#3046,.F.);
#3990=ORIENTED_EDGE('',*,*,#3047,.T.);
#3991=ORIENTED_EDGE('',*,*,#3048,.T.);
#3992=ORIENTED_EDGE('',*,*,#3044,.F.);
#3993=ORIENTED_EDGE('',*,*,#3049,.F.);
#3994=ORIENTED_EDGE('',*,*,#3050,.T.);
#3995=ORIENTED_EDGE('',*,*,#3051,.T.);
#3996=ORIENTED_EDGE('',*,*,#3047,.F.);
#3997=ORIENTED_EDGE('',*,*,#3052,.F.);
#3998=ORIENTED_EDGE('',*,*,#3053,.T.);
#3999=ORIENTED_EDGE('',*,*,#3054,.T.);
#4000=ORIENTED_EDGE('',*,*,#3050,.F.);
#4001=ORIENTED_EDGE('',*,*,#3055,.F.);
#4002=ORIENTED_EDGE('',*,*,#3056,.T.);
#4003=ORIENTED_EDGE('',*,*,#3057,.T.);
#4004=ORIENTED_EDGE('',*,*,#3053,.F.);
#4005=ORIENTED_EDGE('',*,*,#3058,.F.);
#4006=ORIENTED_EDGE('',*,*,#3059,.T.);
#4007=ORIENTED_EDGE('',*,*,#3060,.T.);
#4008=ORIENTED_EDGE('',*,*,#3056,.F.);
#4009=ORIENTED_EDGE('',*,*,#3061,.F.);
#4010=ORIENTED_EDGE('',*,*,#3062,.T.);
#4011=ORIENTED_EDGE('',*,*,#3063,.T.);
#4012=ORIENTED_EDGE('',*,*,#3059,.F.);
#4013=ORIENTED_EDGE('',*,*,#3064,.F.);
#4014=ORIENTED_EDGE('',*,*,#3065,.T.);
#4015=ORIENTED_EDGE('',*,*,#3066,.T.);
#4016=ORIENTED_EDGE('',*,*,#3062,.F.);
#4017=ORIENTED_EDGE('',*,*,#3067,.F.);
#4018=ORIENTED_EDGE('',*,*,#3068,.T.);
#4019=ORIENTED_EDGE('',*,*,#3069,.T.);
#4020=ORIENTED_EDGE('',*,*,#3065,.F.);
#4021=ORIENTED_EDGE('',*,*,#3070,.F.);
#4022=ORIENTED_EDGE('',*,*,#3071,.T.);
#4023=ORIENTED_EDGE('',*,*,#3072,.T.);
#4024=ORIENTED_EDGE('',*,*,#3068,.F.);
#4025=ORIENTED_EDGE('',*,*,#3073,.F.);
#4026=ORIENTED_EDGE('',*,*,#3074,.T.);
#4027=ORIENTED_EDGE('',*,*,#3075,.T.);
#4028=ORIENTED_EDGE('',*,*,#3071,.F.);
#4029=ORIENTED_EDGE('',*,*,#3076,.F.);
#4030=ORIENTED_EDGE('',*,*,#3077,.T.);
#4031=ORIENTED_EDGE('',*,*,#3078,.T.);
#4032=ORIENTED_EDGE('',*,*,#3074,.F.);
#4033=ORIENTED_EDGE('',*,*,#3079,.F.);
#4034=ORIENTED_EDGE('',*,*,#3080,.T.);
#4035=ORIENTED_EDGE('',*,*,#3081,.T.);
#4036=ORIENTED_EDGE('',*,*,#3077,.F.);
#4037=ORIENTED_EDGE('',*,*,#3082,.F.);
#4038=ORIENTED_EDGE('',*,*,#3083,.T.);
#4039=ORIENTED_EDGE('',*,*,#3084,.T.);
#4040=ORIENTED_EDGE('',*,*,#3080,.F.);
#4041=ORIENTED_EDGE('',*,*,#3085,.F.);
#4042=ORIENTED_EDGE('',*,*,#3086,.T.);
#4043=ORIENTED_EDGE('',*,*,#3087,.T.);
#4044=ORIENTED_EDGE('',*,*,#3083,.F.);
#4045=ORIENTED_EDGE('',*,*,#3088,.F.);
#4046=ORIENTED_EDGE('',*,*,#3089,.T.);
#4047=ORIENTED_EDGE('',*,*,#3090,.T.);
#4048=ORIENTED_EDGE('',*,*,#3086,.F.);
#4049=ORIENTED_EDGE('',*,*,#3091,.F.);
#4050=ORIENTED_EDGE('',*,*,#3092,.T.);
#4051=ORIENTED_EDGE('',*,*,#3093,.T.);
#4052=ORIENTED_EDGE('',*,*,#3089,.F.);
#4053=ORIENTED_EDGE('',*,*,#3094,.F.);
#4054=ORIENTED_EDGE('',*,*,#3095,.T.);
#4055=ORIENTED_EDGE('',*,*,#3096,.T.);
#4056=ORIENTED_EDGE('',*,*,#3092,.F.);
#4057=ORIENTED_EDGE('',*,*,#3097,.F.);
#4058=ORIENTED_EDGE('',*,*,#3098,.T.);
#4059=ORIENTED_EDGE('',*,*,#3099,.T.);
#4060=ORIENTED_EDGE('',*,*,#3095,.F.);
#4061=ORIENTED_EDGE('',*,*,#3100,.F.);
#4062=ORIENTED_EDGE('',*,*,#3101,.T.);
#4063=ORIENTED_EDGE('',*,*,#3102,.T.);
#4064=ORIENTED_EDGE('',*,*,#3098,.F.);
#4065=ORIENTED_EDGE('',*,*,#3103,.F.);
#4066=ORIENTED_EDGE('',*,*,#3104,.T.);
#4067=ORIENTED_EDGE('',*,*,#3105,.T.);
#4068=ORIENTED_EDGE('',*,*,#3101,.F.);
#4069=ORIENTED_EDGE('',*,*,#3106,.F.);
#4070=ORIENTED_EDGE('',*,*,#3107,.T.);
#4071=ORIENTED_EDGE('',*,*,#3108,.T.);
#4072=ORIENTED_EDGE('',*,*,#3104,.F.);
#4073=ORIENTED_EDGE('',*,*,#3109,.F.);
#4074=ORIENTED_EDGE('',*,*,#3110,.T.);
#4075=ORIENTED_EDGE('',*,*,#3111,.T.);
#4076=ORIENTED_EDGE('',*,*,#3107,.F.);
#4077=ORIENTED_EDGE('',*,*,#3112,.F.);
#4078=ORIENTED_EDGE('',*,*,#3113,.T.);
#4079=ORIENTED_EDGE('',*,*,#3114,.T.);
#4080=ORIENTED_EDGE('',*,*,#3110,.F.);
#4081=ORIENTED_EDGE('',*,*,#3115,.F.);
#4082=ORIENTED_EDGE('',*,*,#3116,.T.);
#4083=ORIENTED_EDGE('',*,*,#3117,.T.);
#4084=ORIENTED_EDGE('',*,*,#3113,.F.);
#4085=ORIENTED_EDGE('',*,*,#3118,.F.);
#4086=ORIENTED_EDGE('',*,*,#3024,.T.);
#4087=ORIENTED_EDGE('',*,*,#3119,.T.);
#4088=ORIENTED_EDGE('',*,*,#3116,.F.);
#4089=ORIENTED_EDGE('',*,*,#3119,.F.);
#4090=ORIENTED_EDGE('',*,*,#3023,.F.);
#4091=ORIENTED_EDGE('',*,*,#3027,.F.);
#4092=ORIENTED_EDGE('',*,*,#3030,.F.);
#4093=ORIENTED_EDGE('',*,*,#3033,.F.);
#4094=ORIENTED_EDGE('',*,*,#3036,.F.);
#4095=ORIENTED_EDGE('',*,*,#3039,.F.);
#4096=ORIENTED_EDGE('',*,*,#3042,.F.);
#4097=ORIENTED_EDGE('',*,*,#3045,.F.);
#4098=ORIENTED_EDGE('',*,*,#3048,.F.);
#4099=ORIENTED_EDGE('',*,*,#3051,.F.);
#4100=ORIENTED_EDGE('',*,*,#3054,.F.);
#4101=ORIENTED_EDGE('',*,*,#3057,.F.);
#4102=ORIENTED_EDGE('',*,*,#3060,.F.);
#4103=ORIENTED_EDGE('',*,*,#3063,.F.);
#4104=ORIENTED_EDGE('',*,*,#3066,.F.);
#4105=ORIENTED_EDGE('',*,*,#3069,.F.);
#4106=ORIENTED_EDGE('',*,*,#3072,.F.);
#4107=ORIENTED_EDGE('',*,*,#3075,.F.);
#4108=ORIENTED_EDGE('',*,*,#3078,.F.);
#4109=ORIENTED_EDGE('',*,*,#3081,.F.);
#4110=ORIENTED_EDGE('',*,*,#3084,.F.);
#4111=ORIENTED_EDGE('',*,*,#3087,.F.);
#4112=ORIENTED_EDGE('',*,*,#3090,.F.);
#4113=ORIENTED_EDGE('',*,*,#3093,.F.);
#4114=ORIENTED_EDGE('',*,*,#3096,.F.);
#4115=ORIENTED_EDGE('',*,*,#3099,.F.);
#4116=ORIENTED_EDGE('',*,*,#3102,.F.);
#4117=ORIENTED_EDGE('',*,*,#3105,.F.);
#4118=ORIENTED_EDGE('',*,*,#3108,.F.);
#4119=ORIENTED_EDGE('',*,*,#3111,.F.);
#4120=ORIENTED_EDGE('',*,*,#3114,.F.);
#4121=ORIENTED_EDGE('',*,*,#3117,.F.);
#4122=ORIENTED_EDGE('',*,*,#3120,.F.);
#4123=ORIENTED_EDGE('',*,*,#3121,.F.);
#4124=ORIENTED_EDGE('',*,*,#3122,.T.);
#4125=ORIENTED_EDGE('',*,*,#3123,.T.);
#4126=ORIENTED_EDGE('',*,*,#3124,.F.);
#4127=ORIENTED_EDGE('',*,*,#3125,.F.);
#4128=ORIENTED_EDGE('',*,*,#3126,.T.);
#4129=ORIENTED_EDGE('',*,*,#3127,.T.);
#4130=ORIENTED_EDGE('',*,*,#3128,.F.);
#4131=ORIENTED_EDGE('',*,*,#3129,.F.);
#4132=ORIENTED_EDGE('',*,*,#3130,.T.);
#4133=ORIENTED_EDGE('',*,*,#3131,.T.);
#4134=ORIENTED_EDGE('',*,*,#3126,.F.);
#4135=ORIENTED_EDGE('',*,*,#3132,.F.);
#4136=ORIENTED_EDGE('',*,*,#3133,.T.);
#4137=ORIENTED_EDGE('',*,*,#3134,.T.);
#4138=ORIENTED_EDGE('',*,*,#3130,.F.);
#4139=ORIENTED_EDGE('',*,*,#3135,.F.);
#4140=ORIENTED_EDGE('',*,*,#3136,.T.);
#4141=ORIENTED_EDGE('',*,*,#3137,.T.);
#4142=ORIENTED_EDGE('',*,*,#3133,.F.);
#4143=ORIENTED_EDGE('',*,*,#3138,.F.);
#4144=ORIENTED_EDGE('',*,*,#3139,.T.);
#4145=ORIENTED_EDGE('',*,*,#3140,.T.);
#4146=ORIENTED_EDGE('',*,*,#3136,.F.);
#4147=ORIENTED_EDGE('',*,*,#3141,.F.);
#4148=ORIENTED_EDGE('',*,*,#3142,.T.);
#4149=ORIENTED_EDGE('',*,*,#3143,.T.);
#4150=ORIENTED_EDGE('',*,*,#3139,.F.);
#4151=ORIENTED_EDGE('',*,*,#3144,.F.);
#4152=ORIENTED_EDGE('',*,*,#3145,.T.);
#4153=ORIENTED_EDGE('',*,*,#3146,.T.);
#4154=ORIENTED_EDGE('',*,*,#3142,.F.);
#4155=ORIENTED_EDGE('',*,*,#3147,.F.);
#4156=ORIENTED_EDGE('',*,*,#3148,.T.);
#4157=ORIENTED_EDGE('',*,*,#3149,.T.);
#4158=ORIENTED_EDGE('',*,*,#3145,.F.);
#4159=ORIENTED_EDGE('',*,*,#3150,.F.);
#4160=ORIENTED_EDGE('',*,*,#3151,.T.);
#4161=ORIENTED_EDGE('',*,*,#3152,.T.);
#4162=ORIENTED_EDGE('',*,*,#3148,.F.);
#4163=ORIENTED_EDGE('',*,*,#3153,.F.);
#4164=ORIENTED_EDGE('',*,*,#3154,.T.);
#4165=ORIENTED_EDGE('',*,*,#3155,.T.);
#4166=ORIENTED_EDGE('',*,*,#3151,.F.);
#4167=ORIENTED_EDGE('',*,*,#3156,.F.);
#4168=ORIENTED_EDGE('',*,*,#3124,.T.);
#4169=ORIENTED_EDGE('',*,*,#3157,.T.);
#4170=ORIENTED_EDGE('',*,*,#3154,.F.);
#4171=ORIENTED_EDGE('',*,*,#3158,.F.);
#4172=ORIENTED_EDGE('',*,*,#3159,.F.);
#4173=ORIENTED_EDGE('',*,*,#3160,.T.);
#4174=ORIENTED_EDGE('',*,*,#3161,.T.);
#4175=ORIENTED_EDGE('',*,*,#3122,.F.);
#4176=ORIENTED_EDGE('',*,*,#3162,.F.);
#4177=ORIENTED_EDGE('',*,*,#3163,.T.);
#4178=ORIENTED_EDGE('',*,*,#3164,.T.);
#4179=ORIENTED_EDGE('',*,*,#3160,.F.);
#4180=ORIENTED_EDGE('',*,*,#3165,.F.);
#4181=ORIENTED_EDGE('',*,*,#3166,.T.);
#4182=ORIENTED_EDGE('',*,*,#3167,.T.);
#4183=ORIENTED_EDGE('',*,*,#3163,.F.);
#4184=ORIENTED_EDGE('',*,*,#3168,.F.);
#4185=ORIENTED_EDGE('',*,*,#3169,.T.);
#4186=ORIENTED_EDGE('',*,*,#3170,.T.);
#4187=ORIENTED_EDGE('',*,*,#3166,.F.);
#4188=ORIENTED_EDGE('',*,*,#3171,.F.);
#4189=ORIENTED_EDGE('',*,*,#3172,.T.);
#4190=ORIENTED_EDGE('',*,*,#3173,.T.);
#4191=ORIENTED_EDGE('',*,*,#3169,.F.);
#4192=ORIENTED_EDGE('',*,*,#3174,.F.);
#4193=ORIENTED_EDGE('',*,*,#3175,.T.);
#4194=ORIENTED_EDGE('',*,*,#3176,.T.);
#4195=ORIENTED_EDGE('',*,*,#3172,.F.);
#4196=ORIENTED_EDGE('',*,*,#3177,.F.);
#4197=ORIENTED_EDGE('',*,*,#3178,.T.);
#4198=ORIENTED_EDGE('',*,*,#3179,.T.);
#4199=ORIENTED_EDGE('',*,*,#3175,.F.);
#4200=ORIENTED_EDGE('',*,*,#3180,.F.);
#4201=ORIENTED_EDGE('',*,*,#3181,.T.);
#4202=ORIENTED_EDGE('',*,*,#3182,.T.);
#4203=ORIENTED_EDGE('',*,*,#3178,.F.);
#4204=ORIENTED_EDGE('',*,*,#3183,.F.);
#4205=ORIENTED_EDGE('',*,*,#3184,.T.);
#4206=ORIENTED_EDGE('',*,*,#3185,.T.);
#4207=ORIENTED_EDGE('',*,*,#3181,.F.);
#4208=ORIENTED_EDGE('',*,*,#3186,.F.);
#4209=ORIENTED_EDGE('',*,*,#3187,.T.);
#4210=ORIENTED_EDGE('',*,*,#3188,.T.);
#4211=ORIENTED_EDGE('',*,*,#3184,.F.);
#4212=ORIENTED_EDGE('',*,*,#3189,.F.);
#4213=ORIENTED_EDGE('',*,*,#3190,.T.);
#4214=ORIENTED_EDGE('',*,*,#3191,.T.);
#4215=ORIENTED_EDGE('',*,*,#3187,.F.);
#4216=ORIENTED_EDGE('',*,*,#3192,.F.);
#4217=ORIENTED_EDGE('',*,*,#3193,.T.);
#4218=ORIENTED_EDGE('',*,*,#3194,.T.);
#4219=ORIENTED_EDGE('',*,*,#3190,.F.);
#4220=ORIENTED_EDGE('',*,*,#3195,.F.);
#4221=ORIENTED_EDGE('',*,*,#3196,.T.);
#4222=ORIENTED_EDGE('',*,*,#3197,.T.);
#4223=ORIENTED_EDGE('',*,*,#3193,.F.);
#4224=ORIENTED_EDGE('',*,*,#3198,.F.);
#4225=ORIENTED_EDGE('',*,*,#3199,.T.);
#4226=ORIENTED_EDGE('',*,*,#3200,.T.);
#4227=ORIENTED_EDGE('',*,*,#3196,.F.);
#4228=ORIENTED_EDGE('',*,*,#3201,.F.);
#4229=ORIENTED_EDGE('',*,*,#3202,.T.);
#4230=ORIENTED_EDGE('',*,*,#3203,.T.);
#4231=ORIENTED_EDGE('',*,*,#3199,.F.);
#4232=ORIENTED_EDGE('',*,*,#3204,.F.);
#4233=ORIENTED_EDGE('',*,*,#3205,.T.);
#4234=ORIENTED_EDGE('',*,*,#3206,.T.);
#4235=ORIENTED_EDGE('',*,*,#3202,.F.);
#4236=ORIENTED_EDGE('',*,*,#3207,.F.);
#4237=ORIENTED_EDGE('',*,*,#3208,.T.);
#4238=ORIENTED_EDGE('',*,*,#3209,.T.);
#4239=ORIENTED_EDGE('',*,*,#3205,.F.);
#4240=ORIENTED_EDGE('',*,*,#3210,.F.);
#4241=ORIENTED_EDGE('',*,*,#3211,.T.);
#4242=ORIENTED_EDGE('',*,*,#3212,.T.);
#4243=ORIENTED_EDGE('',*,*,#3208,.F.);
#4244=ORIENTED_EDGE('',*,*,#3213,.F.);
#4245=ORIENTED_EDGE('',*,*,#3214,.T.);
#4246=ORIENTED_EDGE('',*,*,#3215,.T.);
#4247=ORIENTED_EDGE('',*,*,#3211,.F.);
#4248=ORIENTED_EDGE('',*,*,#3216,.F.);
#4249=ORIENTED_EDGE('',*,*,#3217,.T.);
#4250=ORIENTED_EDGE('',*,*,#3218,.T.);
#4251=ORIENTED_EDGE('',*,*,#3214,.F.);
#4252=ORIENTED_EDGE('',*,*,#3219,.F.);
#4253=ORIENTED_EDGE('',*,*,#3220,.T.);
#4254=ORIENTED_EDGE('',*,*,#3221,.T.);
#4255=ORIENTED_EDGE('',*,*,#3217,.F.);
#4256=ORIENTED_EDGE('',*,*,#3222,.F.);
#4257=ORIENTED_EDGE('',*,*,#3128,.T.);
#4258=ORIENTED_EDGE('',*,*,#3223,.T.);
#4259=ORIENTED_EDGE('',*,*,#3220,.F.);
#4260=ORIENTED_EDGE('',*,*,#3223,.F.);
#4261=ORIENTED_EDGE('',*,*,#3127,.F.);
#4262=ORIENTED_EDGE('',*,*,#3131,.F.);
#4263=ORIENTED_EDGE('',*,*,#3134,.F.);
#4264=ORIENTED_EDGE('',*,*,#3137,.F.);
#4265=ORIENTED_EDGE('',*,*,#3140,.F.);
#4266=ORIENTED_EDGE('',*,*,#3143,.F.);
#4267=ORIENTED_EDGE('',*,*,#3146,.F.);
#4268=ORIENTED_EDGE('',*,*,#3149,.F.);
#4269=ORIENTED_EDGE('',*,*,#3152,.F.);
#4270=ORIENTED_EDGE('',*,*,#3155,.F.);
#4271=ORIENTED_EDGE('',*,*,#3157,.F.);
#4272=ORIENTED_EDGE('',*,*,#3123,.F.);
#4273=ORIENTED_EDGE('',*,*,#3161,.F.);
#4274=ORIENTED_EDGE('',*,*,#3164,.F.);
#4275=ORIENTED_EDGE('',*,*,#3167,.F.);
#4276=ORIENTED_EDGE('',*,*,#3170,.F.);
#4277=ORIENTED_EDGE('',*,*,#3173,.F.);
#4278=ORIENTED_EDGE('',*,*,#3176,.F.);
#4279=ORIENTED_EDGE('',*,*,#3179,.F.);
#4280=ORIENTED_EDGE('',*,*,#3182,.F.);
#4281=ORIENTED_EDGE('',*,*,#3185,.F.);
#4282=ORIENTED_EDGE('',*,*,#3188,.F.);
#4283=ORIENTED_EDGE('',*,*,#3191,.F.);
#4284=ORIENTED_EDGE('',*,*,#3194,.F.);
#4285=ORIENTED_EDGE('',*,*,#3197,.F.);
#4286=ORIENTED_EDGE('',*,*,#3200,.F.);
#4287=ORIENTED_EDGE('',*,*,#3203,.F.);
#4288=ORIENTED_EDGE('',*,*,#3206,.F.);
#4289=ORIENTED_EDGE('',*,*,#3209,.F.);
#4290=ORIENTED_EDGE('',*,*,#3212,.F.);
#4291=ORIENTED_EDGE('',*,*,#3215,.F.);
#4292=ORIENTED_EDGE('',*,*,#3218,.F.);
#4293=ORIENTED_EDGE('',*,*,#3221,.F.);
#4294=ORIENTED_EDGE('',*,*,#3224,.F.);
#4295=ORIENTED_EDGE('',*,*,#3225,.T.);
#4296=ORIENTED_EDGE('',*,*,#3226,.T.);
#4297=ORIENTED_EDGE('',*,*,#3227,.F.);
#4298=ORIENTED_EDGE('',*,*,#3228,.F.);
#4299=ORIENTED_EDGE('',*,*,#3229,.T.);
#4300=ORIENTED_EDGE('',*,*,#3230,.T.);
#4301=ORIENTED_EDGE('',*,*,#3225,.F.);
#4302=ORIENTED_EDGE('',*,*,#3231,.F.);
#4303=ORIENTED_EDGE('',*,*,#3232,.T.);
#4304=ORIENTED_EDGE('',*,*,#3233,.T.);
#4305=ORIENTED_EDGE('',*,*,#3229,.F.);
#4306=ORIENTED_EDGE('',*,*,#3234,.F.);
#4307=ORIENTED_EDGE('',*,*,#3235,.T.);
#4308=ORIENTED_EDGE('',*,*,#3236,.T.);
#4309=ORIENTED_EDGE('',*,*,#3232,.F.);
#4310=ORIENTED_EDGE('',*,*,#3237,.F.);
#4311=ORIENTED_EDGE('',*,*,#3238,.T.);
#4312=ORIENTED_EDGE('',*,*,#3239,.T.);
#4313=ORIENTED_EDGE('',*,*,#3235,.F.);
#4314=ORIENTED_EDGE('',*,*,#3240,.F.);
#4315=ORIENTED_EDGE('',*,*,#3241,.T.);
#4316=ORIENTED_EDGE('',*,*,#3242,.T.);
#4317=ORIENTED_EDGE('',*,*,#3238,.F.);
#4318=ORIENTED_EDGE('',*,*,#3243,.F.);
#4319=ORIENTED_EDGE('',*,*,#3244,.T.);
#4320=ORIENTED_EDGE('',*,*,#3245,.T.);
#4321=ORIENTED_EDGE('',*,*,#3241,.F.);
#4322=ORIENTED_EDGE('',*,*,#3246,.F.);
#4323=ORIENTED_EDGE('',*,*,#3247,.T.);
#4324=ORIENTED_EDGE('',*,*,#3248,.T.);
#4325=ORIENTED_EDGE('',*,*,#3244,.F.);
#4326=ORIENTED_EDGE('',*,*,#3249,.F.);
#4327=ORIENTED_EDGE('',*,*,#3250,.T.);
#4328=ORIENTED_EDGE('',*,*,#3251,.T.);
#4329=ORIENTED_EDGE('',*,*,#3247,.F.);
#4330=ORIENTED_EDGE('',*,*,#3252,.F.);
#4331=ORIENTED_EDGE('',*,*,#3253,.T.);
#4332=ORIENTED_EDGE('',*,*,#3254,.T.);
#4333=ORIENTED_EDGE('',*,*,#3250,.F.);
#4334=ORIENTED_EDGE('',*,*,#3255,.F.);
#4335=ORIENTED_EDGE('',*,*,#3256,.T.);
#4336=ORIENTED_EDGE('',*,*,#3257,.T.);
#4337=ORIENTED_EDGE('',*,*,#3253,.F.);
#4338=ORIENTED_EDGE('',*,*,#3258,.F.);
#4339=ORIENTED_EDGE('',*,*,#3259,.T.);
#4340=ORIENTED_EDGE('',*,*,#3260,.T.);
#4341=ORIENTED_EDGE('',*,*,#3256,.F.);
#4342=ORIENTED_EDGE('',*,*,#3261,.F.);
#4343=ORIENTED_EDGE('',*,*,#3262,.T.);
#4344=ORIENTED_EDGE('',*,*,#3263,.T.);
#4345=ORIENTED_EDGE('',*,*,#3259,.F.);
#4346=ORIENTED_EDGE('',*,*,#3264,.F.);
#4347=ORIENTED_EDGE('',*,*,#3265,.T.);
#4348=ORIENTED_EDGE('',*,*,#3266,.T.);
#4349=ORIENTED_EDGE('',*,*,#3262,.F.);
#4350=ORIENTED_EDGE('',*,*,#3267,.F.);
#4351=ORIENTED_EDGE('',*,*,#3268,.T.);
#4352=ORIENTED_EDGE('',*,*,#3269,.T.);
#4353=ORIENTED_EDGE('',*,*,#3265,.F.);
#4354=ORIENTED_EDGE('',*,*,#3270,.F.);
#4355=ORIENTED_EDGE('',*,*,#3271,.T.);
#4356=ORIENTED_EDGE('',*,*,#3272,.T.);
#4357=ORIENTED_EDGE('',*,*,#3268,.F.);
#4358=ORIENTED_EDGE('',*,*,#3273,.F.);
#4359=ORIENTED_EDGE('',*,*,#3274,.T.);
#4360=ORIENTED_EDGE('',*,*,#3275,.T.);
#4361=ORIENTED_EDGE('',*,*,#3271,.F.);
#4362=ORIENTED_EDGE('',*,*,#3276,.F.);
#4363=ORIENTED_EDGE('',*,*,#3277,.T.);
#4364=ORIENTED_EDGE('',*,*,#3278,.T.);
#4365=ORIENTED_EDGE('',*,*,#3274,.F.);
#4366=ORIENTED_EDGE('',*,*,#3279,.F.);
#4367=ORIENTED_EDGE('',*,*,#3280,.T.);
#4368=ORIENTED_EDGE('',*,*,#3281,.T.);
#4369=ORIENTED_EDGE('',*,*,#3277,.F.);
#4370=ORIENTED_EDGE('',*,*,#3282,.F.);
#4371=ORIENTED_EDGE('',*,*,#3283,.T.);
#4372=ORIENTED_EDGE('',*,*,#3284,.T.);
#4373=ORIENTED_EDGE('',*,*,#3280,.F.);
#4374=ORIENTED_EDGE('',*,*,#3285,.F.);
#4375=ORIENTED_EDGE('',*,*,#3286,.T.);
#4376=ORIENTED_EDGE('',*,*,#3287,.T.);
#4377=ORIENTED_EDGE('',*,*,#3283,.F.);
#4378=ORIENTED_EDGE('',*,*,#3288,.F.);
#4379=ORIENTED_EDGE('',*,*,#3289,.T.);
#4380=ORIENTED_EDGE('',*,*,#3290,.T.);
#4381=ORIENTED_EDGE('',*,*,#3286,.F.);
#4382=ORIENTED_EDGE('',*,*,#3291,.F.);
#4383=ORIENTED_EDGE('',*,*,#3292,.T.);
#4384=ORIENTED_EDGE('',*,*,#3293,.T.);
#4385=ORIENTED_EDGE('',*,*,#3289,.F.);
#4386=ORIENTED_EDGE('',*,*,#3294,.F.);
#4387=ORIENTED_EDGE('',*,*,#3295,.T.);
#4388=ORIENTED_EDGE('',*,*,#3296,.T.);
#4389=ORIENTED_EDGE('',*,*,#3292,.F.);
#4390=ORIENTED_EDGE('',*,*,#3297,.F.);
#4391=ORIENTED_EDGE('',*,*,#3298,.T.);
#4392=ORIENTED_EDGE('',*,*,#3299,.T.);
#4393=ORIENTED_EDGE('',*,*,#3295,.F.);
#4394=ORIENTED_EDGE('',*,*,#3300,.F.);
#4395=ORIENTED_EDGE('',*,*,#3301,.T.);
#4396=ORIENTED_EDGE('',*,*,#3302,.T.);
#4397=ORIENTED_EDGE('',*,*,#3298,.F.);
#4398=ORIENTED_EDGE('',*,*,#3303,.F.);
#4399=ORIENTED_EDGE('',*,*,#3304,.T.);
#4400=ORIENTED_EDGE('',*,*,#3305,.T.);
#4401=ORIENTED_EDGE('',*,*,#3301,.F.);
#4402=ORIENTED_EDGE('',*,*,#3306,.F.);
#4403=ORIENTED_EDGE('',*,*,#3307,.T.);
#4404=ORIENTED_EDGE('',*,*,#3308,.T.);
#4405=ORIENTED_EDGE('',*,*,#3304,.F.);
#4406=ORIENTED_EDGE('',*,*,#3309,.F.);
#4407=ORIENTED_EDGE('',*,*,#3310,.T.);
#4408=ORIENTED_EDGE('',*,*,#3311,.T.);
#4409=ORIENTED_EDGE('',*,*,#3307,.F.);
#4410=ORIENTED_EDGE('',*,*,#3312,.F.);
#4411=ORIENTED_EDGE('',*,*,#3313,.T.);
#4412=ORIENTED_EDGE('',*,*,#3314,.T.);
#4413=ORIENTED_EDGE('',*,*,#3310,.F.);
#4414=ORIENTED_EDGE('',*,*,#3315,.F.);
#4415=ORIENTED_EDGE('',*,*,#3316,.T.);
#4416=ORIENTED_EDGE('',*,*,#3317,.T.);
#4417=ORIENTED_EDGE('',*,*,#3313,.F.);
#4418=ORIENTED_EDGE('',*,*,#3318,.F.);
#4419=ORIENTED_EDGE('',*,*,#3319,.T.);
#4420=ORIENTED_EDGE('',*,*,#3320,.T.);
#4421=ORIENTED_EDGE('',*,*,#3316,.F.);
#4422=ORIENTED_EDGE('',*,*,#3321,.F.);
#4423=ORIENTED_EDGE('',*,*,#3227,.T.);
#4424=ORIENTED_EDGE('',*,*,#3322,.T.);
#4425=ORIENTED_EDGE('',*,*,#3319,.F.);
#4426=ORIENTED_EDGE('',*,*,#3322,.F.);
#4427=ORIENTED_EDGE('',*,*,#3226,.F.);
#4428=ORIENTED_EDGE('',*,*,#3230,.F.);
#4429=ORIENTED_EDGE('',*,*,#3233,.F.);
#4430=ORIENTED_EDGE('',*,*,#3236,.F.);
#4431=ORIENTED_EDGE('',*,*,#3239,.F.);
#4432=ORIENTED_EDGE('',*,*,#3242,.F.);
#4433=ORIENTED_EDGE('',*,*,#3245,.F.);
#4434=ORIENTED_EDGE('',*,*,#3248,.F.);
#4435=ORIENTED_EDGE('',*,*,#3251,.F.);
#4436=ORIENTED_EDGE('',*,*,#3254,.F.);
#4437=ORIENTED_EDGE('',*,*,#3257,.F.);
#4438=ORIENTED_EDGE('',*,*,#3260,.F.);
#4439=ORIENTED_EDGE('',*,*,#3263,.F.);
#4440=ORIENTED_EDGE('',*,*,#3266,.F.);
#4441=ORIENTED_EDGE('',*,*,#3269,.F.);
#4442=ORIENTED_EDGE('',*,*,#3272,.F.);
#4443=ORIENTED_EDGE('',*,*,#3275,.F.);
#4444=ORIENTED_EDGE('',*,*,#3278,.F.);
#4445=ORIENTED_EDGE('',*,*,#3281,.F.);
#4446=ORIENTED_EDGE('',*,*,#3284,.F.);
#4447=ORIENTED_EDGE('',*,*,#3287,.F.);
#4448=ORIENTED_EDGE('',*,*,#3290,.F.);
#4449=ORIENTED_EDGE('',*,*,#3293,.F.);
#4450=ORIENTED_EDGE('',*,*,#3296,.F.);
#4451=ORIENTED_EDGE('',*,*,#3299,.F.);
#4452=ORIENTED_EDGE('',*,*,#3302,.F.);
#4453=ORIENTED_EDGE('',*,*,#3305,.F.);
#4454=ORIENTED_EDGE('',*,*,#3308,.F.);
#4455=ORIENTED_EDGE('',*,*,#3311,.F.);
#4456=ORIENTED_EDGE('',*,*,#3314,.F.);
#4457=ORIENTED_EDGE('',*,*,#3317,.F.);
#4458=ORIENTED_EDGE('',*,*,#3320,.F.);
#4459=ORIENTED_EDGE('',*,*,#3323,.F.);
#4460=ORIENTED_EDGE('',*,*,#3324,.F.);
#4461=ORIENTED_EDGE('',*,*,#3325,.T.);
#4462=ORIENTED_EDGE('',*,*,#3326,.T.);
#4463=ORIENTED_EDGE('',*,*,#3327,.F.);
#4464=ORIENTED_EDGE('',*,*,#3328,.F.);
#4465=ORIENTED_EDGE('',*,*,#3329,.T.);
#4466=ORIENTED_EDGE('',*,*,#3330,.T.);
#4467=ORIENTED_EDGE('',*,*,#3331,.F.);
#4468=ORIENTED_EDGE('',*,*,#3332,.F.);
#4469=ORIENTED_EDGE('',*,*,#3333,.T.);
#4470=ORIENTED_EDGE('',*,*,#3334,.T.);
#4471=ORIENTED_EDGE('',*,*,#3329,.F.);
#4472=ORIENTED_EDGE('',*,*,#3335,.F.);
#4473=ORIENTED_EDGE('',*,*,#3336,.T.);
#4474=ORIENTED_EDGE('',*,*,#3337,.T.);
#4475=ORIENTED_EDGE('',*,*,#3333,.F.);
#4476=ORIENTED_EDGE('',*,*,#3338,.F.);
#4477=ORIENTED_EDGE('',*,*,#3339,.T.);
#4478=ORIENTED_EDGE('',*,*,#3340,.T.);
#4479=ORIENTED_EDGE('',*,*,#3336,.F.);
#4480=ORIENTED_EDGE('',*,*,#3341,.F.);
#4481=ORIENTED_EDGE('',*,*,#3342,.T.);
#4482=ORIENTED_EDGE('',*,*,#3343,.T.);
#4483=ORIENTED_EDGE('',*,*,#3339,.F.);
#4484=ORIENTED_EDGE('',*,*,#3344,.F.);
#4485=ORIENTED_EDGE('',*,*,#3345,.T.);
#4486=ORIENTED_EDGE('',*,*,#3346,.T.);
#4487=ORIENTED_EDGE('',*,*,#3342,.F.);
#4488=ORIENTED_EDGE('',*,*,#3347,.F.);
#4489=ORIENTED_EDGE('',*,*,#3348,.T.);
#4490=ORIENTED_EDGE('',*,*,#3349,.T.);
#4491=ORIENTED_EDGE('',*,*,#3345,.F.);
#4492=ORIENTED_EDGE('',*,*,#3350,.F.);
#4493=ORIENTED_EDGE('',*,*,#3351,.T.);
#4494=ORIENTED_EDGE('',*,*,#3352,.T.);
#4495=ORIENTED_EDGE('',*,*,#3348,.F.);
#4496=ORIENTED_EDGE('',*,*,#3353,.F.);
#4497=ORIENTED_EDGE('',*,*,#3354,.T.);
#4498=ORIENTED_EDGE('',*,*,#3355,.T.);
#4499=ORIENTED_EDGE('',*,*,#3351,.F.);
#4500=ORIENTED_EDGE('',*,*,#3356,.F.);
#4501=ORIENTED_EDGE('',*,*,#3331,.T.);
#4502=ORIENTED_EDGE('',*,*,#3357,.T.);
#4503=ORIENTED_EDGE('',*,*,#3354,.F.);
#4504=ORIENTED_EDGE('',*,*,#3358,.F.);
#4505=ORIENTED_EDGE('',*,*,#3359,.T.);
#4506=ORIENTED_EDGE('',*,*,#3360,.T.);
#4507=ORIENTED_EDGE('',*,*,#3325,.F.);
#4508=ORIENTED_EDGE('',*,*,#3361,.F.);
#4509=ORIENTED_EDGE('',*,*,#3362,.T.);
#4510=ORIENTED_EDGE('',*,*,#3363,.T.);
#4511=ORIENTED_EDGE('',*,*,#3359,.F.);
#4512=ORIENTED_EDGE('',*,*,#3364,.F.);
#4513=ORIENTED_EDGE('',*,*,#3365,.T.);
#4514=ORIENTED_EDGE('',*,*,#3366,.T.);
#4515=ORIENTED_EDGE('',*,*,#3362,.F.);
#4516=ORIENTED_EDGE('',*,*,#3367,.F.);
#4517=ORIENTED_EDGE('',*,*,#3368,.T.);
#4518=ORIENTED_EDGE('',*,*,#3369,.T.);
#4519=ORIENTED_EDGE('',*,*,#3365,.F.);
#4520=ORIENTED_EDGE('',*,*,#3370,.F.);
#4521=ORIENTED_EDGE('',*,*,#3371,.T.);
#4522=ORIENTED_EDGE('',*,*,#3372,.T.);
#4523=ORIENTED_EDGE('',*,*,#3368,.F.);
#4524=ORIENTED_EDGE('',*,*,#3373,.F.);
#4525=ORIENTED_EDGE('',*,*,#3374,.T.);
#4526=ORIENTED_EDGE('',*,*,#3375,.T.);
#4527=ORIENTED_EDGE('',*,*,#3371,.F.);
#4528=ORIENTED_EDGE('',*,*,#3376,.F.);
#4529=ORIENTED_EDGE('',*,*,#3377,.T.);
#4530=ORIENTED_EDGE('',*,*,#3378,.T.);
#4531=ORIENTED_EDGE('',*,*,#3374,.F.);
#4532=ORIENTED_EDGE('',*,*,#3379,.F.);
#4533=ORIENTED_EDGE('',*,*,#3380,.T.);
#4534=ORIENTED_EDGE('',*,*,#3381,.T.);
#4535=ORIENTED_EDGE('',*,*,#3377,.F.);
#4536=ORIENTED_EDGE('',*,*,#3382,.F.);
#4537=ORIENTED_EDGE('',*,*,#3383,.T.);
#4538=ORIENTED_EDGE('',*,*,#3384,.T.);
#4539=ORIENTED_EDGE('',*,*,#3380,.F.);
#4540=ORIENTED_EDGE('',*,*,#3385,.F.);
#4541=ORIENTED_EDGE('',*,*,#3386,.T.);
#4542=ORIENTED_EDGE('',*,*,#3387,.T.);
#4543=ORIENTED_EDGE('',*,*,#3383,.F.);
#4544=ORIENTED_EDGE('',*,*,#3388,.F.);
#4545=ORIENTED_EDGE('',*,*,#3389,.T.);
#4546=ORIENTED_EDGE('',*,*,#3390,.T.);
#4547=ORIENTED_EDGE('',*,*,#3386,.F.);
#4548=ORIENTED_EDGE('',*,*,#3391,.F.);
#4549=ORIENTED_EDGE('',*,*,#3392,.T.);
#4550=ORIENTED_EDGE('',*,*,#3393,.T.);
#4551=ORIENTED_EDGE('',*,*,#3389,.F.);
#4552=ORIENTED_EDGE('',*,*,#3394,.F.);
#4553=ORIENTED_EDGE('',*,*,#3327,.T.);
#4554=ORIENTED_EDGE('',*,*,#3395,.T.);
#4555=ORIENTED_EDGE('',*,*,#3392,.F.);
#4556=ORIENTED_EDGE('',*,*,#3396,.F.);
#4557=ORIENTED_EDGE('',*,*,#3326,.F.);
#4558=ORIENTED_EDGE('',*,*,#3360,.F.);
#4559=ORIENTED_EDGE('',*,*,#3363,.F.);
#4560=ORIENTED_EDGE('',*,*,#3366,.F.);
#4561=ORIENTED_EDGE('',*,*,#3369,.F.);
#4562=ORIENTED_EDGE('',*,*,#3372,.F.);
#4563=ORIENTED_EDGE('',*,*,#3375,.F.);
#4564=ORIENTED_EDGE('',*,*,#3378,.F.);
#4565=ORIENTED_EDGE('',*,*,#3381,.F.);
#4566=ORIENTED_EDGE('',*,*,#3384,.F.);
#4567=ORIENTED_EDGE('',*,*,#3387,.F.);
#4568=ORIENTED_EDGE('',*,*,#3390,.F.);
#4569=ORIENTED_EDGE('',*,*,#3393,.F.);
#4570=ORIENTED_EDGE('',*,*,#3395,.F.);
#4571=ORIENTED_EDGE('',*,*,#3357,.F.);
#4572=ORIENTED_EDGE('',*,*,#3330,.F.);
#4573=ORIENTED_EDGE('',*,*,#3334,.F.);
#4574=ORIENTED_EDGE('',*,*,#3337,.F.);
#4575=ORIENTED_EDGE('',*,*,#3340,.F.);
#4576=ORIENTED_EDGE('',*,*,#3343,.F.);
#4577=ORIENTED_EDGE('',*,*,#3346,.F.);
#4578=ORIENTED_EDGE('',*,*,#3349,.F.);
#4579=ORIENTED_EDGE('',*,*,#3352,.F.);
#4580=ORIENTED_EDGE('',*,*,#3355,.F.);
#4581=ORIENTED_EDGE('',*,*,#3397,.F.);
#4582=ORIENTED_EDGE('',*,*,#3398,.F.);
#4583=ORIENTED_EDGE('',*,*,#3399,.T.);
#4584=ORIENTED_EDGE('',*,*,#3400,.T.);
#4585=ORIENTED_EDGE('',*,*,#3401,.F.);
#4586=ORIENTED_EDGE('',*,*,#3402,.F.);
#4587=ORIENTED_EDGE('',*,*,#3403,.T.);
#4588=ORIENTED_EDGE('',*,*,#3404,.T.);
#4589=ORIENTED_EDGE('',*,*,#3405,.F.);
#4590=ORIENTED_EDGE('',*,*,#3406,.F.);
#4591=ORIENTED_EDGE('',*,*,#3407,.T.);
#4592=ORIENTED_EDGE('',*,*,#3408,.T.);
#4593=ORIENTED_EDGE('',*,*,#3403,.F.);
#4594=ORIENTED_EDGE('',*,*,#3409,.F.);
#4595=ORIENTED_EDGE('',*,*,#3410,.T.);
#4596=ORIENTED_EDGE('',*,*,#3411,.T.);
#4597=ORIENTED_EDGE('',*,*,#3407,.F.);
#4598=ORIENTED_EDGE('',*,*,#3412,.F.);
#4599=ORIENTED_EDGE('',*,*,#3413,.T.);
#4600=ORIENTED_EDGE('',*,*,#3414,.T.);
#4601=ORIENTED_EDGE('',*,*,#3410,.F.);
#4602=ORIENTED_EDGE('',*,*,#3415,.F.);
#4603=ORIENTED_EDGE('',*,*,#3416,.T.);
#4604=ORIENTED_EDGE('',*,*,#3417,.T.);
#4605=ORIENTED_EDGE('',*,*,#3413,.F.);
#4606=ORIENTED_EDGE('',*,*,#3418,.F.);
#4607=ORIENTED_EDGE('',*,*,#3419,.T.);
#4608=ORIENTED_EDGE('',*,*,#3420,.T.);
#4609=ORIENTED_EDGE('',*,*,#3416,.F.);
#4610=ORIENTED_EDGE('',*,*,#3421,.F.);
#4611=ORIENTED_EDGE('',*,*,#3422,.T.);
#4612=ORIENTED_EDGE('',*,*,#3423,.T.);
#4613=ORIENTED_EDGE('',*,*,#3419,.F.);
#4614=ORIENTED_EDGE('',*,*,#3424,.F.);
#4615=ORIENTED_EDGE('',*,*,#3425,.T.);
#4616=ORIENTED_EDGE('',*,*,#3426,.T.);
#4617=ORIENTED_EDGE('',*,*,#3422,.F.);
#4618=ORIENTED_EDGE('',*,*,#3427,.F.);
#4619=ORIENTED_EDGE('',*,*,#3428,.T.);
#4620=ORIENTED_EDGE('',*,*,#3429,.T.);
#4621=ORIENTED_EDGE('',*,*,#3425,.F.);
#4622=ORIENTED_EDGE('',*,*,#3430,.F.);
#4623=ORIENTED_EDGE('',*,*,#3405,.T.);
#4624=ORIENTED_EDGE('',*,*,#3431,.T.);
#4625=ORIENTED_EDGE('',*,*,#3428,.F.);
#4626=ORIENTED_EDGE('',*,*,#3432,.F.);
#4627=ORIENTED_EDGE('',*,*,#3433,.T.);
#4628=ORIENTED_EDGE('',*,*,#3434,.T.);
#4629=ORIENTED_EDGE('',*,*,#3399,.F.);
#4630=ORIENTED_EDGE('',*,*,#3435,.F.);
#4631=ORIENTED_EDGE('',*,*,#3436,.T.);
#4632=ORIENTED_EDGE('',*,*,#3437,.T.);
#4633=ORIENTED_EDGE('',*,*,#3433,.F.);
#4634=ORIENTED_EDGE('',*,*,#3438,.F.);
#4635=ORIENTED_EDGE('',*,*,#3439,.T.);
#4636=ORIENTED_EDGE('',*,*,#3440,.T.);
#4637=ORIENTED_EDGE('',*,*,#3436,.F.);
#4638=ORIENTED_EDGE('',*,*,#3441,.F.);
#4639=ORIENTED_EDGE('',*,*,#3442,.T.);
#4640=ORIENTED_EDGE('',*,*,#3443,.T.);
#4641=ORIENTED_EDGE('',*,*,#3439,.F.);
#4642=ORIENTED_EDGE('',*,*,#3444,.F.);
#4643=ORIENTED_EDGE('',*,*,#3445,.T.);
#4644=ORIENTED_EDGE('',*,*,#3446,.T.);
#4645=ORIENTED_EDGE('',*,*,#3442,.F.);
#4646=ORIENTED_EDGE('',*,*,#3447,.F.);
#4647=ORIENTED_EDGE('',*,*,#3448,.T.);
#4648=ORIENTED_EDGE('',*,*,#3449,.T.);
#4649=ORIENTED_EDGE('',*,*,#3445,.F.);
#4650=ORIENTED_EDGE('',*,*,#3450,.F.);
#4651=ORIENTED_EDGE('',*,*,#3451,.T.);
#4652=ORIENTED_EDGE('',*,*,#3452,.T.);
#4653=ORIENTED_EDGE('',*,*,#3448,.F.);
#4654=ORIENTED_EDGE('',*,*,#3453,.F.);
#4655=ORIENTED_EDGE('',*,*,#3454,.T.);
#4656=ORIENTED_EDGE('',*,*,#3455,.T.);
#4657=ORIENTED_EDGE('',*,*,#3451,.F.);
#4658=ORIENTED_EDGE('',*,*,#3456,.F.);
#4659=ORIENTED_EDGE('',*,*,#3457,.T.);
#4660=ORIENTED_EDGE('',*,*,#3458,.T.);
#4661=ORIENTED_EDGE('',*,*,#3454,.F.);
#4662=ORIENTED_EDGE('',*,*,#3459,.F.);
#4663=ORIENTED_EDGE('',*,*,#3460,.T.);
#4664=ORIENTED_EDGE('',*,*,#3461,.T.);
#4665=ORIENTED_EDGE('',*,*,#3457,.F.);
#4666=ORIENTED_EDGE('',*,*,#3462,.F.);
#4667=ORIENTED_EDGE('',*,*,#3463,.T.);
#4668=ORIENTED_EDGE('',*,*,#3464,.T.);
#4669=ORIENTED_EDGE('',*,*,#3460,.F.);
#4670=ORIENTED_EDGE('',*,*,#3465,.F.);
#4671=ORIENTED_EDGE('',*,*,#3466,.T.);
#4672=ORIENTED_EDGE('',*,*,#3467,.T.);
#4673=ORIENTED_EDGE('',*,*,#3463,.F.);
#4674=ORIENTED_EDGE('',*,*,#3468,.F.);
#4675=ORIENTED_EDGE('',*,*,#3401,.T.);
#4676=ORIENTED_EDGE('',*,*,#3469,.T.);
#4677=ORIENTED_EDGE('',*,*,#3466,.F.);
#4678=ORIENTED_EDGE('',*,*,#3470,.F.);
#4679=ORIENTED_EDGE('',*,*,#3400,.F.);
#4680=ORIENTED_EDGE('',*,*,#3434,.F.);
#4681=ORIENTED_EDGE('',*,*,#3437,.F.);
#4682=ORIENTED_EDGE('',*,*,#3440,.F.);
#4683=ORIENTED_EDGE('',*,*,#3443,.F.);
#4684=ORIENTED_EDGE('',*,*,#3446,.F.);
#4685=ORIENTED_EDGE('',*,*,#3449,.F.);
#4686=ORIENTED_EDGE('',*,*,#3452,.F.);
#4687=ORIENTED_EDGE('',*,*,#3455,.F.);
#4688=ORIENTED_EDGE('',*,*,#3458,.F.);
#4689=ORIENTED_EDGE('',*,*,#3461,.F.);
#4690=ORIENTED_EDGE('',*,*,#3464,.F.);
#4691=ORIENTED_EDGE('',*,*,#3467,.F.);
#4692=ORIENTED_EDGE('',*,*,#3469,.F.);
#4693=ORIENTED_EDGE('',*,*,#3431,.F.);
#4694=ORIENTED_EDGE('',*,*,#3404,.F.);
#4695=ORIENTED_EDGE('',*,*,#3408,.F.);
#4696=ORIENTED_EDGE('',*,*,#3411,.F.);
#4697=ORIENTED_EDGE('',*,*,#3414,.F.);
#4698=ORIENTED_EDGE('',*,*,#3417,.F.);
#4699=ORIENTED_EDGE('',*,*,#3420,.F.);
#4700=ORIENTED_EDGE('',*,*,#3423,.F.);
#4701=ORIENTED_EDGE('',*,*,#3426,.F.);
#4702=ORIENTED_EDGE('',*,*,#3429,.F.);
#4703=ORIENTED_EDGE('',*,*,#3471,.F.);
#4704=ORIENTED_EDGE('',*,*,#3472,.T.);
#4705=ORIENTED_EDGE('',*,*,#3473,.T.);
#4706=ORIENTED_EDGE('',*,*,#3474,.F.);
#4707=ORIENTED_EDGE('',*,*,#3475,.F.);
#4708=ORIENTED_EDGE('',*,*,#3476,.T.);
#4709=ORIENTED_EDGE('',*,*,#3477,.T.);
#4710=ORIENTED_EDGE('',*,*,#3472,.F.);
#4711=ORIENTED_EDGE('',*,*,#3478,.F.);
#4712=ORIENTED_EDGE('',*,*,#3479,.T.);
#4713=ORIENTED_EDGE('',*,*,#3480,.T.);
#4714=ORIENTED_EDGE('',*,*,#3476,.F.);
#4715=ORIENTED_EDGE('',*,*,#3481,.F.);
#4716=ORIENTED_EDGE('',*,*,#3482,.T.);
#4717=ORIENTED_EDGE('',*,*,#3483,.T.);
#4718=ORIENTED_EDGE('',*,*,#3479,.F.);
#4719=ORIENTED_EDGE('',*,*,#3484,.F.);
#4720=ORIENTED_EDGE('',*,*,#3485,.T.);
#4721=ORIENTED_EDGE('',*,*,#3486,.T.);
#4722=ORIENTED_EDGE('',*,*,#3482,.F.);
#4723=ORIENTED_EDGE('',*,*,#3487,.F.);
#4724=ORIENTED_EDGE('',*,*,#3488,.T.);
#4725=ORIENTED_EDGE('',*,*,#3489,.T.);
#4726=ORIENTED_EDGE('',*,*,#3485,.F.);
#4727=ORIENTED_EDGE('',*,*,#3490,.F.);
#4728=ORIENTED_EDGE('',*,*,#3491,.T.);
#4729=ORIENTED_EDGE('',*,*,#3492,.T.);
#4730=ORIENTED_EDGE('',*,*,#3488,.F.);
#4731=ORIENTED_EDGE('',*,*,#3493,.F.);
#4732=ORIENTED_EDGE('',*,*,#3494,.T.);
#4733=ORIENTED_EDGE('',*,*,#3495,.T.);
#4734=ORIENTED_EDGE('',*,*,#3491,.F.);
#4735=ORIENTED_EDGE('',*,*,#3496,.F.);
#4736=ORIENTED_EDGE('',*,*,#3497,.T.);
#4737=ORIENTED_EDGE('',*,*,#3498,.T.);
#4738=ORIENTED_EDGE('',*,*,#3494,.F.);
#4739=ORIENTED_EDGE('',*,*,#3499,.F.);
#4740=ORIENTED_EDGE('',*,*,#3500,.T.);
#4741=ORIENTED_EDGE('',*,*,#3501,.T.);
#4742=ORIENTED_EDGE('',*,*,#3497,.F.);
#4743=ORIENTED_EDGE('',*,*,#3502,.F.);
#4744=ORIENTED_EDGE('',*,*,#3503,.T.);
#4745=ORIENTED_EDGE('',*,*,#3504,.T.);
#4746=ORIENTED_EDGE('',*,*,#3500,.F.);
#4747=ORIENTED_EDGE('',*,*,#3505,.F.);
#4748=ORIENTED_EDGE('',*,*,#3506,.T.);
#4749=ORIENTED_EDGE('',*,*,#3507,.T.);
#4750=ORIENTED_EDGE('',*,*,#3503,.F.);
#4751=ORIENTED_EDGE('',*,*,#3508,.F.);
#4752=ORIENTED_EDGE('',*,*,#3474,.T.);
#4753=ORIENTED_EDGE('',*,*,#3509,.T.);
#4754=ORIENTED_EDGE('',*,*,#3506,.F.);
#4755=ORIENTED_EDGE('',*,*,#3509,.F.);
#4756=ORIENTED_EDGE('',*,*,#3473,.F.);
#4757=ORIENTED_EDGE('',*,*,#3477,.F.);
#4758=ORIENTED_EDGE('',*,*,#3480,.F.);
#4759=ORIENTED_EDGE('',*,*,#3483,.F.);
#4760=ORIENTED_EDGE('',*,*,#3486,.F.);
#4761=ORIENTED_EDGE('',*,*,#3489,.F.);
#4762=ORIENTED_EDGE('',*,*,#3492,.F.);
#4763=ORIENTED_EDGE('',*,*,#3495,.F.);
#4764=ORIENTED_EDGE('',*,*,#3498,.F.);
#4765=ORIENTED_EDGE('',*,*,#3501,.F.);
#4766=ORIENTED_EDGE('',*,*,#3504,.F.);
#4767=ORIENTED_EDGE('',*,*,#3507,.F.);
#4768=ORIENTED_EDGE('',*,*,#3510,.F.);
#4769=ORIENTED_EDGE('',*,*,#3511,.T.);
#4770=ORIENTED_EDGE('',*,*,#3512,.T.);
#4771=ORIENTED_EDGE('',*,*,#3513,.F.);
#4772=ORIENTED_EDGE('',*,*,#3514,.F.);
#4773=ORIENTED_EDGE('',*,*,#3515,.T.);
#4774=ORIENTED_EDGE('',*,*,#3516,.T.);
#4775=ORIENTED_EDGE('',*,*,#3511,.F.);
#4776=ORIENTED_EDGE('',*,*,#3517,.F.);
#4777=ORIENTED_EDGE('',*,*,#3518,.T.);
#4778=ORIENTED_EDGE('',*,*,#3519,.T.);
#4779=ORIENTED_EDGE('',*,*,#3515,.F.);
#4780=ORIENTED_EDGE('',*,*,#3520,.F.);
#4781=ORIENTED_EDGE('',*,*,#3521,.T.);
#4782=ORIENTED_EDGE('',*,*,#3522,.T.);
#4783=ORIENTED_EDGE('',*,*,#3518,.F.);
#4784=ORIENTED_EDGE('',*,*,#3523,.F.);
#4785=ORIENTED_EDGE('',*,*,#3524,.T.);
#4786=ORIENTED_EDGE('',*,*,#3525,.T.);
#4787=ORIENTED_EDGE('',*,*,#3521,.F.);
#4788=ORIENTED_EDGE('',*,*,#3526,.F.);
#4789=ORIENTED_EDGE('',*,*,#3513,.T.);
#4790=ORIENTED_EDGE('',*,*,#3527,.T.);
#4791=ORIENTED_EDGE('',*,*,#3524,.F.);
#4792=ORIENTED_EDGE('',*,*,#3527,.F.);
#4793=ORIENTED_EDGE('',*,*,#3512,.F.);
#4794=ORIENTED_EDGE('',*,*,#3516,.F.);
#4795=ORIENTED_EDGE('',*,*,#3519,.F.);
#4796=ORIENTED_EDGE('',*,*,#3522,.F.);
#4797=ORIENTED_EDGE('',*,*,#3525,.F.);
#4798=ORIENTED_EDGE('',*,*,#3528,.F.);
#4799=ORIENTED_EDGE('',*,*,#3529,.T.);
#4800=ORIENTED_EDGE('',*,*,#3530,.T.);
#4801=ORIENTED_EDGE('',*,*,#3531,.F.);
#4802=ORIENTED_EDGE('',*,*,#3532,.F.);
#4803=ORIENTED_EDGE('',*,*,#3533,.T.);
#4804=ORIENTED_EDGE('',*,*,#3534,.T.);
#4805=ORIENTED_EDGE('',*,*,#3529,.F.);
#4806=ORIENTED_EDGE('',*,*,#3535,.F.);
#4807=ORIENTED_EDGE('',*,*,#3536,.T.);
#4808=ORIENTED_EDGE('',*,*,#3537,.T.);
#4809=ORIENTED_EDGE('',*,*,#3533,.F.);
#4810=ORIENTED_EDGE('',*,*,#3538,.F.);
#4811=ORIENTED_EDGE('',*,*,#3539,.T.);
#4812=ORIENTED_EDGE('',*,*,#3540,.T.);
#4813=ORIENTED_EDGE('',*,*,#3536,.F.);
#4814=ORIENTED_EDGE('',*,*,#3541,.F.);
#4815=ORIENTED_EDGE('',*,*,#3542,.T.);
#4816=ORIENTED_EDGE('',*,*,#3543,.T.);
#4817=ORIENTED_EDGE('',*,*,#3539,.F.);
#4818=ORIENTED_EDGE('',*,*,#3544,.F.);
#4819=ORIENTED_EDGE('',*,*,#3545,.T.);
#4820=ORIENTED_EDGE('',*,*,#3546,.T.);
#4821=ORIENTED_EDGE('',*,*,#3542,.F.);
#4822=ORIENTED_EDGE('',*,*,#3547,.F.);
#4823=ORIENTED_EDGE('',*,*,#3548,.T.);
#4824=ORIENTED_EDGE('',*,*,#3549,.T.);
#4825=ORIENTED_EDGE('',*,*,#3545,.F.);
#4826=ORIENTED_EDGE('',*,*,#3550,.F.);
#4827=ORIENTED_EDGE('',*,*,#3551,.T.);
#4828=ORIENTED_EDGE('',*,*,#3552,.T.);
#4829=ORIENTED_EDGE('',*,*,#3548,.F.);
#4830=ORIENTED_EDGE('',*,*,#3553,.F.);
#4831=ORIENTED_EDGE('',*,*,#3554,.T.);
#4832=ORIENTED_EDGE('',*,*,#3555,.T.);
#4833=ORIENTED_EDGE('',*,*,#3551,.F.);
#4834=ORIENTED_EDGE('',*,*,#3556,.F.);
#4835=ORIENTED_EDGE('',*,*,#3557,.T.);
#4836=ORIENTED_EDGE('',*,*,#3558,.T.);
#4837=ORIENTED_EDGE('',*,*,#3554,.F.);
#4838=ORIENTED_EDGE('',*,*,#3559,.F.);
#4839=ORIENTED_EDGE('',*,*,#3560,.T.);
#4840=ORIENTED_EDGE('',*,*,#3561,.T.);
#4841=ORIENTED_EDGE('',*,*,#3557,.F.);
#4842=ORIENTED_EDGE('',*,*,#3562,.F.);
#4843=ORIENTED_EDGE('',*,*,#3563,.T.);
#4844=ORIENTED_EDGE('',*,*,#3564,.T.);
#4845=ORIENTED_EDGE('',*,*,#3560,.F.);
#4846=ORIENTED_EDGE('',*,*,#3565,.F.);
#4847=ORIENTED_EDGE('',*,*,#3531,.T.);
#4848=ORIENTED_EDGE('',*,*,#3566,.T.);
#4849=ORIENTED_EDGE('',*,*,#3563,.F.);
#4850=ORIENTED_EDGE('',*,*,#3566,.F.);
#4851=ORIENTED_EDGE('',*,*,#3530,.F.);
#4852=ORIENTED_EDGE('',*,*,#3534,.F.);
#4853=ORIENTED_EDGE('',*,*,#3537,.F.);
#4854=ORIENTED_EDGE('',*,*,#3540,.F.);
#4855=ORIENTED_EDGE('',*,*,#3543,.F.);
#4856=ORIENTED_EDGE('',*,*,#3546,.F.);
#4857=ORIENTED_EDGE('',*,*,#3549,.F.);
#4858=ORIENTED_EDGE('',*,*,#3552,.F.);
#4859=ORIENTED_EDGE('',*,*,#3555,.F.);
#4860=ORIENTED_EDGE('',*,*,#3558,.F.);
#4861=ORIENTED_EDGE('',*,*,#3561,.F.);
#4862=ORIENTED_EDGE('',*,*,#3564,.F.);
#4863=ORIENTED_EDGE('',*,*,#3567,.F.);
#4864=ORIENTED_EDGE('',*,*,#3568,.F.);
#4865=ORIENTED_EDGE('',*,*,#3569,.T.);
#4866=ORIENTED_EDGE('',*,*,#3570,.T.);
#4867=ORIENTED_EDGE('',*,*,#3571,.F.);
#4868=ORIENTED_EDGE('',*,*,#3572,.F.);
#4869=ORIENTED_EDGE('',*,*,#3573,.T.);
#4870=ORIENTED_EDGE('',*,*,#3574,.T.);
#4871=ORIENTED_EDGE('',*,*,#3575,.F.);
#4872=ORIENTED_EDGE('',*,*,#3576,.F.);
#4873=ORIENTED_EDGE('',*,*,#3577,.T.);
#4874=ORIENTED_EDGE('',*,*,#3578,.T.);
#4875=ORIENTED_EDGE('',*,*,#3573,.F.);
#4876=ORIENTED_EDGE('',*,*,#3579,.F.);
#4877=ORIENTED_EDGE('',*,*,#3580,.T.);
#4878=ORIENTED_EDGE('',*,*,#3581,.T.);
#4879=ORIENTED_EDGE('',*,*,#3577,.F.);
#4880=ORIENTED_EDGE('',*,*,#3582,.F.);
#4881=ORIENTED_EDGE('',*,*,#3583,.T.);
#4882=ORIENTED_EDGE('',*,*,#3584,.T.);
#4883=ORIENTED_EDGE('',*,*,#3580,.F.);
#4884=ORIENTED_EDGE('',*,*,#3585,.F.);
#4885=ORIENTED_EDGE('',*,*,#3586,.T.);
#4886=ORIENTED_EDGE('',*,*,#3587,.T.);
#4887=ORIENTED_EDGE('',*,*,#3583,.F.);
#4888=ORIENTED_EDGE('',*,*,#3588,.F.);
#4889=ORIENTED_EDGE('',*,*,#3589,.T.);
#4890=ORIENTED_EDGE('',*,*,#3590,.T.);
#4891=ORIENTED_EDGE('',*,*,#3586,.F.);
#4892=ORIENTED_EDGE('',*,*,#3591,.F.);
#4893=ORIENTED_EDGE('',*,*,#3592,.T.);
#4894=ORIENTED_EDGE('',*,*,#3593,.T.);
#4895=ORIENTED_EDGE('',*,*,#3589,.F.);
#4896=ORIENTED_EDGE('',*,*,#3594,.F.);
#4897=ORIENTED_EDGE('',*,*,#3595,.T.);
#4898=ORIENTED_EDGE('',*,*,#3596,.T.);
#4899=ORIENTED_EDGE('',*,*,#3592,.F.);
#4900=ORIENTED_EDGE('',*,*,#3597,.F.);
#4901=ORIENTED_EDGE('',*,*,#3598,.T.);
#4902=ORIENTED_EDGE('',*,*,#3599,.T.);
#4903=ORIENTED_EDGE('',*,*,#3595,.F.);
#4904=ORIENTED_EDGE('',*,*,#3600,.F.);
#4905=ORIENTED_EDGE('',*,*,#3601,.T.);
#4906=ORIENTED_EDGE('',*,*,#3602,.T.);
#4907=ORIENTED_EDGE('',*,*,#3598,.F.);
#4908=ORIENTED_EDGE('',*,*,#3603,.F.);
#4909=ORIENTED_EDGE('',*,*,#3571,.T.);
#4910=ORIENTED_EDGE('',*,*,#3604,.T.);
#4911=ORIENTED_EDGE('',*,*,#3601,.F.);
#4912=ORIENTED_EDGE('',*,*,#3605,.F.);
#4913=ORIENTED_EDGE('',*,*,#3606,.F.);
#4914=ORIENTED_EDGE('',*,*,#3607,.T.);
#4915=ORIENTED_EDGE('',*,*,#3608,.T.);
#4916=ORIENTED_EDGE('',*,*,#3569,.F.);
#4917=ORIENTED_EDGE('',*,*,#3609,.F.);
#4918=ORIENTED_EDGE('',*,*,#3610,.T.);
#4919=ORIENTED_EDGE('',*,*,#3611,.T.);
#4920=ORIENTED_EDGE('',*,*,#3607,.F.);
#4921=ORIENTED_EDGE('',*,*,#3612,.F.);
#4922=ORIENTED_EDGE('',*,*,#3613,.T.);
#4923=ORIENTED_EDGE('',*,*,#3614,.T.);
#4924=ORIENTED_EDGE('',*,*,#3610,.F.);
#4925=ORIENTED_EDGE('',*,*,#3615,.F.);
#4926=ORIENTED_EDGE('',*,*,#3616,.T.);
#4927=ORIENTED_EDGE('',*,*,#3617,.T.);
#4928=ORIENTED_EDGE('',*,*,#3613,.F.);
#4929=ORIENTED_EDGE('',*,*,#3618,.F.);
#4930=ORIENTED_EDGE('',*,*,#3619,.T.);
#4931=ORIENTED_EDGE('',*,*,#3620,.T.);
#4932=ORIENTED_EDGE('',*,*,#3616,.F.);
#4933=ORIENTED_EDGE('',*,*,#3621,.F.);
#4934=ORIENTED_EDGE('',*,*,#3622,.T.);
#4935=ORIENTED_EDGE('',*,*,#3623,.T.);
#4936=ORIENTED_EDGE('',*,*,#3619,.F.);
#4937=ORIENTED_EDGE('',*,*,#3624,.F.);
#4938=ORIENTED_EDGE('',*,*,#3625,.T.);
#4939=ORIENTED_EDGE('',*,*,#3626,.T.);
#4940=ORIENTED_EDGE('',*,*,#3622,.F.);
#4941=ORIENTED_EDGE('',*,*,#3627,.F.);
#4942=ORIENTED_EDGE('',*,*,#3628,.T.);
#4943=ORIENTED_EDGE('',*,*,#3629,.T.);
#4944=ORIENTED_EDGE('',*,*,#3625,.F.);
#4945=ORIENTED_EDGE('',*,*,#3630,.F.);
#4946=ORIENTED_EDGE('',*,*,#3631,.T.);
#4947=ORIENTED_EDGE('',*,*,#3632,.T.);
#4948=ORIENTED_EDGE('',*,*,#3628,.F.);
#4949=ORIENTED_EDGE('',*,*,#3633,.F.);
#4950=ORIENTED_EDGE('',*,*,#3634,.T.);
#4951=ORIENTED_EDGE('',*,*,#3635,.T.);
#4952=ORIENTED_EDGE('',*,*,#3631,.F.);
#4953=ORIENTED_EDGE('',*,*,#3636,.F.);
#4954=ORIENTED_EDGE('',*,*,#3637,.T.);
#4955=ORIENTED_EDGE('',*,*,#3638,.T.);
#4956=ORIENTED_EDGE('',*,*,#3634,.F.);
#4957=ORIENTED_EDGE('',*,*,#3639,.F.);
#4958=ORIENTED_EDGE('',*,*,#3640,.T.);
#4959=ORIENTED_EDGE('',*,*,#3641,.T.);
#4960=ORIENTED_EDGE('',*,*,#3637,.F.);
#4961=ORIENTED_EDGE('',*,*,#3642,.F.);
#4962=ORIENTED_EDGE('',*,*,#3643,.T.);
#4963=ORIENTED_EDGE('',*,*,#3644,.T.);
#4964=ORIENTED_EDGE('',*,*,#3640,.F.);
#4965=ORIENTED_EDGE('',*,*,#3645,.F.);
#4966=ORIENTED_EDGE('',*,*,#3646,.T.);
#4967=ORIENTED_EDGE('',*,*,#3647,.T.);
#4968=ORIENTED_EDGE('',*,*,#3643,.F.);
#4969=ORIENTED_EDGE('',*,*,#3648,.F.);
#4970=ORIENTED_EDGE('',*,*,#3649,.T.);
#4971=ORIENTED_EDGE('',*,*,#3650,.T.);
#4972=ORIENTED_EDGE('',*,*,#3646,.F.);
#4973=ORIENTED_EDGE('',*,*,#3651,.F.);
#4974=ORIENTED_EDGE('',*,*,#3652,.T.);
#4975=ORIENTED_EDGE('',*,*,#3653,.T.);
#4976=ORIENTED_EDGE('',*,*,#3649,.F.);
#4977=ORIENTED_EDGE('',*,*,#3654,.F.);
#4978=ORIENTED_EDGE('',*,*,#3655,.T.);
#4979=ORIENTED_EDGE('',*,*,#3656,.T.);
#4980=ORIENTED_EDGE('',*,*,#3652,.F.);
#4981=ORIENTED_EDGE('',*,*,#3657,.F.);
#4982=ORIENTED_EDGE('',*,*,#3658,.T.);
#4983=ORIENTED_EDGE('',*,*,#3659,.T.);
#4984=ORIENTED_EDGE('',*,*,#3655,.F.);
#4985=ORIENTED_EDGE('',*,*,#3660,.F.);
#4986=ORIENTED_EDGE('',*,*,#3661,.T.);
#4987=ORIENTED_EDGE('',*,*,#3662,.T.);
#4988=ORIENTED_EDGE('',*,*,#3658,.F.);
#4989=ORIENTED_EDGE('',*,*,#3663,.F.);
#4990=ORIENTED_EDGE('',*,*,#3664,.T.);
#4991=ORIENTED_EDGE('',*,*,#3665,.T.);
#4992=ORIENTED_EDGE('',*,*,#3661,.F.);
#4993=ORIENTED_EDGE('',*,*,#3666,.F.);
#4994=ORIENTED_EDGE('',*,*,#3667,.T.);
#4995=ORIENTED_EDGE('',*,*,#3668,.T.);
#4996=ORIENTED_EDGE('',*,*,#3664,.F.);
#4997=ORIENTED_EDGE('',*,*,#3669,.F.);
#4998=ORIENTED_EDGE('',*,*,#3575,.T.);
#4999=ORIENTED_EDGE('',*,*,#3670,.T.);
#5000=ORIENTED_EDGE('',*,*,#3667,.F.);
#5001=ORIENTED_EDGE('',*,*,#3670,.F.);
#5002=ORIENTED_EDGE('',*,*,#3574,.F.);
#5003=ORIENTED_EDGE('',*,*,#3578,.F.);
#5004=ORIENTED_EDGE('',*,*,#3581,.F.);
#5005=ORIENTED_EDGE('',*,*,#3584,.F.);
#5006=ORIENTED_EDGE('',*,*,#3587,.F.);
#5007=ORIENTED_EDGE('',*,*,#3590,.F.);
#5008=ORIENTED_EDGE('',*,*,#3593,.F.);
#5009=ORIENTED_EDGE('',*,*,#3596,.F.);
#5010=ORIENTED_EDGE('',*,*,#3599,.F.);
#5011=ORIENTED_EDGE('',*,*,#3602,.F.);
#5012=ORIENTED_EDGE('',*,*,#3604,.F.);
#5013=ORIENTED_EDGE('',*,*,#3570,.F.);
#5014=ORIENTED_EDGE('',*,*,#3608,.F.);
#5015=ORIENTED_EDGE('',*,*,#3611,.F.);
#5016=ORIENTED_EDGE('',*,*,#3614,.F.);
#5017=ORIENTED_EDGE('',*,*,#3617,.F.);
#5018=ORIENTED_EDGE('',*,*,#3620,.F.);
#5019=ORIENTED_EDGE('',*,*,#3623,.F.);
#5020=ORIENTED_EDGE('',*,*,#3626,.F.);
#5021=ORIENTED_EDGE('',*,*,#3629,.F.);
#5022=ORIENTED_EDGE('',*,*,#3632,.F.);
#5023=ORIENTED_EDGE('',*,*,#3635,.F.);
#5024=ORIENTED_EDGE('',*,*,#3638,.F.);
#5025=ORIENTED_EDGE('',*,*,#3641,.F.);
#5026=ORIENTED_EDGE('',*,*,#3644,.F.);
#5027=ORIENTED_EDGE('',*,*,#3647,.F.);
#5028=ORIENTED_EDGE('',*,*,#3650,.F.);
#5029=ORIENTED_EDGE('',*,*,#3653,.F.);
#5030=ORIENTED_EDGE('',*,*,#3656,.F.);
#5031=ORIENTED_EDGE('',*,*,#3659,.F.);
#5032=ORIENTED_EDGE('',*,*,#3662,.F.);
#5033=ORIENTED_EDGE('',*,*,#3665,.F.);
#5034=ORIENTED_EDGE('',*,*,#3668,.F.);
#5035=ORIENTED_EDGE('',*,*,#3120,.T.);
#5036=ORIENTED_EDGE('',*,*,#3156,.T.);
#5037=ORIENTED_EDGE('',*,*,#3671,.T.);
#5038=ORIENTED_EDGE('',*,*,#3323,.T.);
#5039=ORIENTED_EDGE('',*,*,#3394,.T.);
#5040=ORIENTED_EDGE('',*,*,#3672,.T.);
#5041=ORIENTED_EDGE('',*,*,#3397,.T.);
#5042=ORIENTED_EDGE('',*,*,#3468,.T.);
#5043=ORIENTED_EDGE('',*,*,#3673,.T.);
#5044=ORIENTED_EDGE('',*,*,#3514,.T.);
#5045=ORIENTED_EDGE('',*,*,#3674,.T.);
#5046=ORIENTED_EDGE('',*,*,#3675,.F.);
#5047=ORIENTED_EDGE('',*,*,#3676,.T.);
#5048=ORIENTED_EDGE('',*,*,#3677,.T.);
#5049=ORIENTED_EDGE('',*,*,#3678,.T.);
#5050=ORIENTED_EDGE('',*,*,#3567,.T.);
#5051=ORIENTED_EDGE('',*,*,#3603,.T.);
#5052=ORIENTED_EDGE('',*,*,#3679,.T.);
#5053=ORIENTED_EDGE('',*,*,#3328,.T.);
#5054=ORIENTED_EDGE('',*,*,#3356,.T.);
#5055=ORIENTED_EDGE('',*,*,#3353,.T.);
#5056=ORIENTED_EDGE('',*,*,#3350,.T.);
#5057=ORIENTED_EDGE('',*,*,#3347,.T.);
#5058=ORIENTED_EDGE('',*,*,#3344,.T.);
#5059=ORIENTED_EDGE('',*,*,#3341,.T.);
#5060=ORIENTED_EDGE('',*,*,#3338,.T.);
#5061=ORIENTED_EDGE('',*,*,#3335,.T.);
#5062=ORIENTED_EDGE('',*,*,#3332,.T.);
#5063=ORIENTED_EDGE('',*,*,#3402,.T.);
#5064=ORIENTED_EDGE('',*,*,#3430,.T.);
#5065=ORIENTED_EDGE('',*,*,#3427,.T.);
#5066=ORIENTED_EDGE('',*,*,#3424,.T.);
#5067=ORIENTED_EDGE('',*,*,#3421,.T.);
#5068=ORIENTED_EDGE('',*,*,#3418,.T.);
#5069=ORIENTED_EDGE('',*,*,#3415,.T.);
#5070=ORIENTED_EDGE('',*,*,#3412,.T.);
#5071=ORIENTED_EDGE('',*,*,#3409,.T.);
#5072=ORIENTED_EDGE('',*,*,#3406,.T.);
#5073=ORIENTED_EDGE('',*,*,#3680,.F.);
#5074=ORIENTED_EDGE('',*,*,#3681,.F.);
#5075=ORIENTED_EDGE('',*,*,#2976,.F.);
#5076=ORIENTED_EDGE('',*,*,#3682,.F.);
#5077=ORIENTED_EDGE('',*,*,#3011,.F.);
#5078=ORIENTED_EDGE('',*,*,#3683,.F.);
#5079=ORIENTED_EDGE('',*,*,#3681,.T.);
#5080=ORIENTED_EDGE('',*,*,#3684,.T.);
#5081=ORIENTED_EDGE('',*,*,#3685,.F.);
#5082=ORIENTED_EDGE('',*,*,#3686,.F.);
#5083=ORIENTED_EDGE('',*,*,#2977,.T.);
#5084=ORIENTED_EDGE('',*,*,#3680,.T.);
#5085=ORIENTED_EDGE('',*,*,#3687,.F.);
#5086=ORIENTED_EDGE('',*,*,#3676,.F.);
#5087=ORIENTED_EDGE('',*,*,#3684,.F.);
#5088=ORIENTED_EDGE('',*,*,#2968,.T.);
#5089=ORIENTED_EDGE('',*,*,#3688,.F.);
#5090=ORIENTED_EDGE('',*,*,#3689,.F.);
#5091=ORIENTED_EDGE('',*,*,#3690,.F.);
#5092=ORIENTED_EDGE('',*,*,#3008,.T.);
#5093=ORIENTED_EDGE('',*,*,#2967,.T.);
#5094=ORIENTED_EDGE('',*,*,#3691,.T.);
#5095=ORIENTED_EDGE('',*,*,#3692,.F.);
#5096=ORIENTED_EDGE('',*,*,#3688,.T.);
#5097=ORIENTED_EDGE('',*,*,#2966,.T.);
#5098=ORIENTED_EDGE('',*,*,#3693,.F.);
#5099=ORIENTED_EDGE('',*,*,#3694,.F.);
#5100=ORIENTED_EDGE('',*,*,#3691,.F.);
#5101=ORIENTED_EDGE('',*,*,#2965,.T.);
#5102=ORIENTED_EDGE('',*,*,#3695,.T.);
#5103=ORIENTED_EDGE('',*,*,#3696,.F.);
#5104=ORIENTED_EDGE('',*,*,#3693,.T.);
#5105=ORIENTED_EDGE('',*,*,#3697,.T.);
#5106=ORIENTED_EDGE('',*,*,#3689,.T.);
#5107=ORIENTED_EDGE('',*,*,#3698,.T.);
#5108=ORIENTED_EDGE('',*,*,#2990,.T.);
#5109=ORIENTED_EDGE('',*,*,#3699,.T.);
#5110=ORIENTED_EDGE('',*,*,#2991,.T.);
#5111=ORIENTED_EDGE('',*,*,#3698,.F.);
#5112=ORIENTED_EDGE('',*,*,#3692,.T.);
#5113=ORIENTED_EDGE('',*,*,#3700,.T.);
#5114=ORIENTED_EDGE('',*,*,#2992,.T.);
#5115=ORIENTED_EDGE('',*,*,#3699,.F.);
#5116=ORIENTED_EDGE('',*,*,#3694,.T.);
#5117=ORIENTED_EDGE('',*,*,#3701,.T.);
#5118=ORIENTED_EDGE('',*,*,#2993,.T.);
#5119=ORIENTED_EDGE('',*,*,#3700,.F.);
#5120=ORIENTED_EDGE('',*,*,#3696,.T.);
#5121=ORIENTED_EDGE('',*,*,#3702,.T.);
#5122=ORIENTED_EDGE('',*,*,#2994,.T.);
#5123=ORIENTED_EDGE('',*,*,#3701,.F.);
#5124=ORIENTED_EDGE('',*,*,#3703,.T.);
#5125=ORIENTED_EDGE('',*,*,#3704,.T.);
#5126=ORIENTED_EDGE('',*,*,#2995,.T.);
#5127=ORIENTED_EDGE('',*,*,#3702,.F.);
#5128=ORIENTED_EDGE('',*,*,#3705,.T.);
#5129=ORIENTED_EDGE('',*,*,#3706,.T.);
#5130=ORIENTED_EDGE('',*,*,#2978,.T.);
#5131=ORIENTED_EDGE('',*,*,#3707,.T.);
#5132=ORIENTED_EDGE('',*,*,#2985,.T.);
#5133=ORIENTED_EDGE('',*,*,#3706,.F.);
#5134=ORIENTED_EDGE('',*,*,#2984,.T.);
#5135=ORIENTED_EDGE('',*,*,#3704,.F.);
#5136=ORIENTED_EDGE('',*,*,#3708,.T.);
#5137=ORIENTED_EDGE('',*,*,#3709,.T.);
#5138=ORIENTED_EDGE('',*,*,#3685,.T.);
#5139=ORIENTED_EDGE('',*,*,#3675,.T.);
#5140=ORIENTED_EDGE('',*,*,#3710,.T.);
#5141=ORIENTED_EDGE('',*,*,#3711,.T.);
#5142=ORIENTED_EDGE('',*,*,#3712,.T.);
#5143=ORIENTED_EDGE('',*,*,#3677,.F.);
#5144=ORIENTED_EDGE('',*,*,#3713,.T.);
#5145=ORIENTED_EDGE('',*,*,#3709,.F.);
#5146=ORIENTED_EDGE('',*,*,#2986,.T.);
#5147=ORIENTED_EDGE('',*,*,#3707,.F.);
#5148=ORIENTED_EDGE('',*,*,#3686,.T.);
#5149=ORIENTED_EDGE('',*,*,#3714,.T.);
#5150=ORIENTED_EDGE('',*,*,#3009,.T.);
#5151=ORIENTED_EDGE('',*,*,#3715,.T.);
#5152=ORIENTED_EDGE('',*,*,#3000,.T.);
#5153=ORIENTED_EDGE('',*,*,#3714,.F.);
#5154=ORIENTED_EDGE('',*,*,#2999,.T.);
#5155=ORIENTED_EDGE('',*,*,#3711,.F.);
#5156=ORIENTED_EDGE('',*,*,#3716,.T.);
#5157=ORIENTED_EDGE('',*,*,#3697,.F.);
#5158=ORIENTED_EDGE('',*,*,#3001,.T.);
#5159=ORIENTED_EDGE('',*,*,#3715,.F.);
#5160=ORIENTED_EDGE('',*,*,#3690,.T.);
#5161=ORIENTED_EDGE('',*,*,#2964,.T.);
#5162=ORIENTED_EDGE('',*,*,#3717,.F.);
#5163=ORIENTED_EDGE('',*,*,#3703,.F.);
#5164=ORIENTED_EDGE('',*,*,#3695,.F.);
#5165=ORIENTED_EDGE('',*,*,#3121,.T.);
#5166=ORIENTED_EDGE('',*,*,#3679,.F.);
#5167=ORIENTED_EDGE('',*,*,#3605,.T.);
#5168=ORIENTED_EDGE('',*,*,#3600,.T.);
#5169=ORIENTED_EDGE('',*,*,#3597,.T.);
#5170=ORIENTED_EDGE('',*,*,#3594,.T.);
#5171=ORIENTED_EDGE('',*,*,#3591,.T.);
#5172=ORIENTED_EDGE('',*,*,#3588,.T.);
#5173=ORIENTED_EDGE('',*,*,#3585,.T.);
#5174=ORIENTED_EDGE('',*,*,#3582,.T.);
#5175=ORIENTED_EDGE('',*,*,#3579,.T.);
#5176=ORIENTED_EDGE('',*,*,#3576,.T.);
#5177=ORIENTED_EDGE('',*,*,#3572,.T.);
#5178=ORIENTED_EDGE('',*,*,#3669,.T.);
#5179=ORIENTED_EDGE('',*,*,#3666,.T.);
#5180=ORIENTED_EDGE('',*,*,#3663,.T.);
#5181=ORIENTED_EDGE('',*,*,#3660,.T.);
#5182=ORIENTED_EDGE('',*,*,#3657,.T.);
#5183=ORIENTED_EDGE('',*,*,#3654,.T.);
#5184=ORIENTED_EDGE('',*,*,#3651,.T.);
#5185=ORIENTED_EDGE('',*,*,#3648,.T.);
#5186=ORIENTED_EDGE('',*,*,#3645,.T.);
#5187=ORIENTED_EDGE('',*,*,#3642,.T.);
#5188=ORIENTED_EDGE('',*,*,#3639,.T.);
#5189=ORIENTED_EDGE('',*,*,#3636,.T.);
#5190=ORIENTED_EDGE('',*,*,#3633,.T.);
#5191=ORIENTED_EDGE('',*,*,#3630,.T.);
#5192=ORIENTED_EDGE('',*,*,#3627,.T.);
#5193=ORIENTED_EDGE('',*,*,#3624,.T.);
#5194=ORIENTED_EDGE('',*,*,#3621,.T.);
#5195=ORIENTED_EDGE('',*,*,#3618,.T.);
#5196=ORIENTED_EDGE('',*,*,#3615,.T.);
#5197=ORIENTED_EDGE('',*,*,#3612,.T.);
#5198=ORIENTED_EDGE('',*,*,#3609,.T.);
#5199=ORIENTED_EDGE('',*,*,#3606,.T.);
#5200=ORIENTED_EDGE('',*,*,#3568,.T.);
#5201=ORIENTED_EDGE('',*,*,#3678,.F.);
#5202=ORIENTED_EDGE('',*,*,#3712,.F.);
#5203=ORIENTED_EDGE('',*,*,#2998,.F.);
#5204=ORIENTED_EDGE('',*,*,#3718,.F.);
#5205=ORIENTED_EDGE('',*,*,#2987,.F.);
#5206=ORIENTED_EDGE('',*,*,#3710,.F.);
#5207=ORIENTED_EDGE('',*,*,#3674,.F.);
#5208=ORIENTED_EDGE('',*,*,#3510,.T.);
#5209=ORIENTED_EDGE('',*,*,#3526,.T.);
#5210=ORIENTED_EDGE('',*,*,#3523,.T.);
#5211=ORIENTED_EDGE('',*,*,#3520,.T.);
#5212=ORIENTED_EDGE('',*,*,#3517,.T.);
#5213=ORIENTED_EDGE('',*,*,#3673,.F.);
#5214=ORIENTED_EDGE('',*,*,#3470,.T.);
#5215=ORIENTED_EDGE('',*,*,#3465,.T.);
#5216=ORIENTED_EDGE('',*,*,#3462,.T.);
#5217=ORIENTED_EDGE('',*,*,#3459,.T.);
#5218=ORIENTED_EDGE('',*,*,#3456,.T.);
#5219=ORIENTED_EDGE('',*,*,#3453,.T.);
#5220=ORIENTED_EDGE('',*,*,#3450,.T.);
#5221=ORIENTED_EDGE('',*,*,#3447,.T.);
#5222=ORIENTED_EDGE('',*,*,#3444,.T.);
#5223=ORIENTED_EDGE('',*,*,#3441,.T.);
#5224=ORIENTED_EDGE('',*,*,#3438,.T.);
#5225=ORIENTED_EDGE('',*,*,#3435,.T.);
#5226=ORIENTED_EDGE('',*,*,#3432,.T.);
#5227=ORIENTED_EDGE('',*,*,#3398,.T.);
#5228=ORIENTED_EDGE('',*,*,#3672,.F.);
#5229=ORIENTED_EDGE('',*,*,#3396,.T.);
#5230=ORIENTED_EDGE('',*,*,#3391,.T.);
#5231=ORIENTED_EDGE('',*,*,#3388,.T.);
#5232=ORIENTED_EDGE('',*,*,#3385,.T.);
#5233=ORIENTED_EDGE('',*,*,#3382,.T.);
#5234=ORIENTED_EDGE('',*,*,#3379,.T.);
#5235=ORIENTED_EDGE('',*,*,#3376,.T.);
#5236=ORIENTED_EDGE('',*,*,#3373,.T.);
#5237=ORIENTED_EDGE('',*,*,#3370,.T.);
#5238=ORIENTED_EDGE('',*,*,#3367,.T.);
#5239=ORIENTED_EDGE('',*,*,#3364,.T.);
#5240=ORIENTED_EDGE('',*,*,#3361,.T.);
#5241=ORIENTED_EDGE('',*,*,#3358,.T.);
#5242=ORIENTED_EDGE('',*,*,#3324,.T.);
#5243=ORIENTED_EDGE('',*,*,#3671,.F.);
#5244=ORIENTED_EDGE('',*,*,#3158,.T.);
#5245=ORIENTED_EDGE('',*,*,#3153,.T.);
#5246=ORIENTED_EDGE('',*,*,#3150,.T.);
#5247=ORIENTED_EDGE('',*,*,#3147,.T.);
#5248=ORIENTED_EDGE('',*,*,#3144,.T.);
#5249=ORIENTED_EDGE('',*,*,#3141,.T.);
#5250=ORIENTED_EDGE('',*,*,#3138,.T.);
#5251=ORIENTED_EDGE('',*,*,#3135,.T.);
#5252=ORIENTED_EDGE('',*,*,#3132,.T.);
#5253=ORIENTED_EDGE('',*,*,#3129,.T.);
#5254=ORIENTED_EDGE('',*,*,#3125,.T.);
#5255=ORIENTED_EDGE('',*,*,#3222,.T.);
#5256=ORIENTED_EDGE('',*,*,#3219,.T.);
#5257=ORIENTED_EDGE('',*,*,#3216,.T.);
#5258=ORIENTED_EDGE('',*,*,#3213,.T.);
#5259=ORIENTED_EDGE('',*,*,#3210,.T.);
#5260=ORIENTED_EDGE('',*,*,#3207,.T.);
#5261=ORIENTED_EDGE('',*,*,#3204,.T.);
#5262=ORIENTED_EDGE('',*,*,#3201,.T.);
#5263=ORIENTED_EDGE('',*,*,#3198,.T.);
#5264=ORIENTED_EDGE('',*,*,#3195,.T.);
#5265=ORIENTED_EDGE('',*,*,#3192,.T.);
#5266=ORIENTED_EDGE('',*,*,#3189,.T.);
#5267=ORIENTED_EDGE('',*,*,#3186,.T.);
#5268=ORIENTED_EDGE('',*,*,#3183,.T.);
#5269=ORIENTED_EDGE('',*,*,#3180,.T.);
#5270=ORIENTED_EDGE('',*,*,#3177,.T.);
#5271=ORIENTED_EDGE('',*,*,#3174,.T.);
#5272=ORIENTED_EDGE('',*,*,#3171,.T.);
#5273=ORIENTED_EDGE('',*,*,#3168,.T.);
#5274=ORIENTED_EDGE('',*,*,#3165,.T.);
#5275=ORIENTED_EDGE('',*,*,#3162,.T.);
#5276=ORIENTED_EDGE('',*,*,#3159,.T.);
#5277=ORIENTED_EDGE('',*,*,#3021,.T.);
#5278=ORIENTED_EDGE('',*,*,#3118,.T.);
#5279=ORIENTED_EDGE('',*,*,#3115,.T.);
#5280=ORIENTED_EDGE('',*,*,#3112,.T.);
#5281=ORIENTED_EDGE('',*,*,#3109,.T.);
#5282=ORIENTED_EDGE('',*,*,#3106,.T.);
#5283=ORIENTED_EDGE('',*,*,#3103,.T.);
#5284=ORIENTED_EDGE('',*,*,#3100,.T.);
#5285=ORIENTED_EDGE('',*,*,#3097,.T.);
#5286=ORIENTED_EDGE('',*,*,#3094,.T.);
#5287=ORIENTED_EDGE('',*,*,#3091,.T.);
#5288=ORIENTED_EDGE('',*,*,#3088,.T.);
#5289=ORIENTED_EDGE('',*,*,#3085,.T.);
#5290=ORIENTED_EDGE('',*,*,#3082,.T.);
#5291=ORIENTED_EDGE('',*,*,#3079,.T.);
#5292=ORIENTED_EDGE('',*,*,#3076,.T.);
#5293=ORIENTED_EDGE('',*,*,#3073,.T.);
#5294=ORIENTED_EDGE('',*,*,#3070,.T.);
#5295=ORIENTED_EDGE('',*,*,#3067,.T.);
#5296=ORIENTED_EDGE('',*,*,#3064,.T.);
#5297=ORIENTED_EDGE('',*,*,#3061,.T.);
#5298=ORIENTED_EDGE('',*,*,#3058,.T.);
#5299=ORIENTED_EDGE('',*,*,#3055,.T.);
#5300=ORIENTED_EDGE('',*,*,#3052,.T.);
#5301=ORIENTED_EDGE('',*,*,#3049,.T.);
#5302=ORIENTED_EDGE('',*,*,#3046,.T.);
#5303=ORIENTED_EDGE('',*,*,#3043,.T.);
#5304=ORIENTED_EDGE('',*,*,#3040,.T.);
#5305=ORIENTED_EDGE('',*,*,#3037,.T.);
#5306=ORIENTED_EDGE('',*,*,#3034,.T.);
#5307=ORIENTED_EDGE('',*,*,#3031,.T.);
#5308=ORIENTED_EDGE('',*,*,#3028,.T.);
#5309=ORIENTED_EDGE('',*,*,#3025,.T.);
#5310=ORIENTED_EDGE('',*,*,#3224,.T.);
#5311=ORIENTED_EDGE('',*,*,#3321,.T.);
#5312=ORIENTED_EDGE('',*,*,#3318,.T.);
#5313=ORIENTED_EDGE('',*,*,#3315,.T.);
#5314=ORIENTED_EDGE('',*,*,#3312,.T.);
#5315=ORIENTED_EDGE('',*,*,#3309,.T.);
#5316=ORIENTED_EDGE('',*,*,#3306,.T.);
#5317=ORIENTED_EDGE('',*,*,#3303,.T.);
#5318=ORIENTED_EDGE('',*,*,#3300,.T.);
#5319=ORIENTED_EDGE('',*,*,#3297,.T.);
#5320=ORIENTED_EDGE('',*,*,#3294,.T.);
#5321=ORIENTED_EDGE('',*,*,#3291,.T.);
#5322=ORIENTED_EDGE('',*,*,#3288,.T.);
#5323=ORIENTED_EDGE('',*,*,#3285,.T.);
#5324=ORIENTED_EDGE('',*,*,#3282,.T.);
#5325=ORIENTED_EDGE('',*,*,#3279,.T.);
#5326=ORIENTED_EDGE('',*,*,#3276,.T.);
#5327=ORIENTED_EDGE('',*,*,#3273,.T.);
#5328=ORIENTED_EDGE('',*,*,#3270,.T.);
#5329=ORIENTED_EDGE('',*,*,#3267,.T.);
#5330=ORIENTED_EDGE('',*,*,#3264,.T.);
#5331=ORIENTED_EDGE('',*,*,#3261,.T.);
#5332=ORIENTED_EDGE('',*,*,#3258,.T.);
#5333=ORIENTED_EDGE('',*,*,#3255,.T.);
#5334=ORIENTED_EDGE('',*,*,#3252,.T.);
#5335=ORIENTED_EDGE('',*,*,#3249,.T.);
#5336=ORIENTED_EDGE('',*,*,#3246,.T.);
#5337=ORIENTED_EDGE('',*,*,#3243,.T.);
#5338=ORIENTED_EDGE('',*,*,#3240,.T.);
#5339=ORIENTED_EDGE('',*,*,#3237,.T.);
#5340=ORIENTED_EDGE('',*,*,#3234,.T.);
#5341=ORIENTED_EDGE('',*,*,#3231,.T.);
#5342=ORIENTED_EDGE('',*,*,#3228,.T.);
#5343=ORIENTED_EDGE('',*,*,#3471,.T.);
#5344=ORIENTED_EDGE('',*,*,#3508,.T.);
#5345=ORIENTED_EDGE('',*,*,#3505,.T.);
#5346=ORIENTED_EDGE('',*,*,#3502,.T.);
#5347=ORIENTED_EDGE('',*,*,#3499,.T.);
#5348=ORIENTED_EDGE('',*,*,#3496,.T.);
#5349=ORIENTED_EDGE('',*,*,#3493,.T.);
#5350=ORIENTED_EDGE('',*,*,#3490,.T.);
#5351=ORIENTED_EDGE('',*,*,#3487,.T.);
#5352=ORIENTED_EDGE('',*,*,#3484,.T.);
#5353=ORIENTED_EDGE('',*,*,#3481,.T.);
#5354=ORIENTED_EDGE('',*,*,#3478,.T.);
#5355=ORIENTED_EDGE('',*,*,#3475,.T.);
#5356=ORIENTED_EDGE('',*,*,#3528,.T.);
#5357=ORIENTED_EDGE('',*,*,#3565,.T.);
#5358=ORIENTED_EDGE('',*,*,#3562,.T.);
#5359=ORIENTED_EDGE('',*,*,#3559,.T.);
#5360=ORIENTED_EDGE('',*,*,#3556,.T.);
#5361=ORIENTED_EDGE('',*,*,#3553,.T.);
#5362=ORIENTED_EDGE('',*,*,#3550,.T.);
#5363=ORIENTED_EDGE('',*,*,#3547,.T.);
#5364=ORIENTED_EDGE('',*,*,#3544,.T.);
#5365=ORIENTED_EDGE('',*,*,#3541,.T.);
#5366=ORIENTED_EDGE('',*,*,#3538,.T.);
#5367=ORIENTED_EDGE('',*,*,#3535,.T.);
#5368=ORIENTED_EDGE('',*,*,#3532,.T.);
#5369=ORIENTED_EDGE('',*,*,#2963,.T.);
#5370=ORIENTED_EDGE('',*,*,#2979,.T.);
#5371=ORIENTED_EDGE('',*,*,#3708,.F.);
#5372=ORIENTED_EDGE('',*,*,#3705,.F.);
#5373=ORIENTED_EDGE('',*,*,#3717,.T.);
#5374=ORIENTED_EDGE('',*,*,#3683,.T.);
#5375=ORIENTED_EDGE('',*,*,#3010,.T.);
#5376=ORIENTED_EDGE('',*,*,#3716,.F.);
#5377=ORIENTED_EDGE('',*,*,#3713,.F.);
#5378=ORIENTED_EDGE('',*,*,#3687,.T.);
#5379=ORIENTED_EDGE('',*,*,#3719,.T.);
#5380=ORIENTED_EDGE('',*,*,#3720,.T.);
#5381=ORIENTED_EDGE('',*,*,#3721,.T.);
#5382=ORIENTED_EDGE('',*,*,#3020,.T.);
#5383=ORIENTED_EDGE('',*,*,#3722,.T.);
#5384=ORIENTED_EDGE('',*,*,#3018,.T.);
#5385=ORIENTED_EDGE('',*,*,#3721,.F.);
#5386=ORIENTED_EDGE('',*,*,#3723,.T.);
#5387=ORIENTED_EDGE('',*,*,#3724,.T.);
#5388=ORIENTED_EDGE('',*,*,#2997,.T.);
#5389=ORIENTED_EDGE('',*,*,#3722,.F.);
#5390=ORIENTED_EDGE('',*,*,#3725,.T.);
#5391=ORIENTED_EDGE('',*,*,#3726,.T.);
#5392=ORIENTED_EDGE('',*,*,#3718,.T.);
#5393=ORIENTED_EDGE('',*,*,#3724,.F.);
#5394=ORIENTED_EDGE('',*,*,#3727,.T.);
#5395=ORIENTED_EDGE('',*,*,#3728,.T.);
#5396=ORIENTED_EDGE('',*,*,#2988,.T.);
#5397=ORIENTED_EDGE('',*,*,#3726,.F.);
#5398=ORIENTED_EDGE('',*,*,#3729,.T.);
#5399=ORIENTED_EDGE('',*,*,#3730,.T.);
#5400=ORIENTED_EDGE('',*,*,#2981,.T.);
#5401=ORIENTED_EDGE('',*,*,#3728,.F.);
#5402=ORIENTED_EDGE('',*,*,#3731,.T.);
#5403=ORIENTED_EDGE('',*,*,#3732,.T.);
#5404=ORIENTED_EDGE('',*,*,#3733,.T.);
#5405=ORIENTED_EDGE('',*,*,#3730,.F.);
#5406=ORIENTED_EDGE('',*,*,#3734,.T.);
#5407=ORIENTED_EDGE('',*,*,#3732,.F.);
#5408=ORIENTED_EDGE('',*,*,#3735,.T.);
#5409=ORIENTED_EDGE('',*,*,#3719,.F.);
#5410=ORIENTED_EDGE('',*,*,#3736,.T.);
#5411=ORIENTED_EDGE('',*,*,#2956,.T.);
#5412=ORIENTED_EDGE('',*,*,#2982,.T.);
#5413=ORIENTED_EDGE('',*,*,#3733,.F.);
#5414=ORIENTED_EDGE('',*,*,#3737,.T.);
#5415=ORIENTED_EDGE('',*,*,#2957,.T.);
#5416=ORIENTED_EDGE('',*,*,#3737,.F.);
#5417=ORIENTED_EDGE('',*,*,#3736,.F.);
#5418=ORIENTED_EDGE('',*,*,#3019,.F.);
#5419=ORIENTED_EDGE('',*,*,#3720,.F.);
#5420=ORIENTED_EDGE('',*,*,#3735,.F.);
#5421=ORIENTED_EDGE('',*,*,#3734,.F.);
#5422=ORIENTED_EDGE('',*,*,#3731,.F.);
#5423=ORIENTED_EDGE('',*,*,#3729,.F.);
#5424=ORIENTED_EDGE('',*,*,#3727,.F.);
#5425=ORIENTED_EDGE('',*,*,#3725,.F.);
#5426=ORIENTED_EDGE('',*,*,#3723,.F.);
#5427=ORIENTED_EDGE('',*,*,#3738,.T.);
#5428=ORIENTED_EDGE('',*,*,#2973,.T.);
#5429=ORIENTED_EDGE('',*,*,#3739,.T.);
#5430=ORIENTED_EDGE('',*,*,#3740,.T.);
#5431=ORIENTED_EDGE('',*,*,#3741,.T.);
#5432=ORIENTED_EDGE('',*,*,#3742,.T.);
#5433=ORIENTED_EDGE('',*,*,#3743,.T.);
#5434=ORIENTED_EDGE('',*,*,#3005,.T.);
#5435=ORIENTED_EDGE('',*,*,#3744,.T.);
#5436=ORIENTED_EDGE('',*,*,#3745,.T.);
#5437=ORIENTED_EDGE('',*,*,#3746,.T.);
#5438=ORIENTED_EDGE('',*,*,#3014,.T.);
#5439=ORIENTED_EDGE('',*,*,#3747,.T.);
#5440=ORIENTED_EDGE('',*,*,#3748,.T.);
#5441=ORIENTED_EDGE('',*,*,#3749,.T.);
#5442=ORIENTED_EDGE('',*,*,#3750,.F.);
#5443=ORIENTED_EDGE('',*,*,#3751,.F.);
#5444=ORIENTED_EDGE('',*,*,#3747,.F.);
#5445=ORIENTED_EDGE('',*,*,#3013,.F.);
#5446=ORIENTED_EDGE('',*,*,#3752,.F.);
#5447=ORIENTED_EDGE('',*,*,#3753,.F.);
#5448=ORIENTED_EDGE('',*,*,#3744,.F.);
#5449=ORIENTED_EDGE('',*,*,#3004,.F.);
#5450=ORIENTED_EDGE('',*,*,#3746,.F.);
#5451=ORIENTED_EDGE('',*,*,#3754,.T.);
#5452=ORIENTED_EDGE('',*,*,#3755,.F.);
#5453=ORIENTED_EDGE('',*,*,#3015,.T.);
#5454=ORIENTED_EDGE('',*,*,#3756,.F.);
#5455=ORIENTED_EDGE('',*,*,#3757,.F.);
#5456=ORIENTED_EDGE('',*,*,#3739,.F.);
#5457=ORIENTED_EDGE('',*,*,#2972,.F.);
#5458=ORIENTED_EDGE('',*,*,#3743,.F.);
#5459=ORIENTED_EDGE('',*,*,#3758,.T.);
#5460=ORIENTED_EDGE('',*,*,#3759,.F.);
#5461=ORIENTED_EDGE('',*,*,#3006,.T.);
#5462=ORIENTED_EDGE('',*,*,#3748,.F.);
#5463=ORIENTED_EDGE('',*,*,#3751,.T.);
#5464=ORIENTED_EDGE('',*,*,#3760,.F.);
#5465=ORIENTED_EDGE('',*,*,#3761,.F.);
#5466=ORIENTED_EDGE('',*,*,#3738,.F.);
#5467=ORIENTED_EDGE('',*,*,#3761,.T.);
#5468=ORIENTED_EDGE('',*,*,#3762,.F.);
#5469=ORIENTED_EDGE('',*,*,#2974,.T.);
#5470=ORIENTED_EDGE('',*,*,#3750,.T.);
#5471=ORIENTED_EDGE('',*,*,#3012,.F.);
#5472=ORIENTED_EDGE('',*,*,#3682,.T.);
#5473=ORIENTED_EDGE('',*,*,#2975,.F.);
#5474=ORIENTED_EDGE('',*,*,#3762,.T.);
#5475=ORIENTED_EDGE('',*,*,#3760,.T.);
#5476=ORIENTED_EDGE('',*,*,#3763,.F.);
#5477=ORIENTED_EDGE('',*,*,#3764,.T.);
#5478=ORIENTED_EDGE('',*,*,#3765,.T.);
#5479=ORIENTED_EDGE('',*,*,#3764,.F.);
#5480=ORIENTED_EDGE('',*,*,#3749,.F.);
#5481=ORIENTED_EDGE('',*,*,#3766,.T.);
#5482=ORIENTED_EDGE('',*,*,#3767,.T.);
#5483=ORIENTED_EDGE('',*,*,#3766,.F.);
#5484=ORIENTED_EDGE('',*,*,#3767,.F.);
#5485=ORIENTED_EDGE('',*,*,#3765,.F.);
#5486=ORIENTED_EDGE('',*,*,#3768,.F.);
#5487=ORIENTED_EDGE('',*,*,#3769,.T.);
#5488=ORIENTED_EDGE('',*,*,#3770,.F.);
#5489=ORIENTED_EDGE('',*,*,#3769,.F.);
#5490=ORIENTED_EDGE('',*,*,#3745,.F.);
#5491=ORIENTED_EDGE('',*,*,#3753,.T.);
#5492=ORIENTED_EDGE('',*,*,#3771,.F.);
#5493=ORIENTED_EDGE('',*,*,#3754,.F.);
#5494=ORIENTED_EDGE('',*,*,#3755,.T.);
#5495=ORIENTED_EDGE('',*,*,#3771,.T.);
#5496=ORIENTED_EDGE('',*,*,#3752,.T.);
#5497=ORIENTED_EDGE('',*,*,#3003,.F.);
#5498=ORIENTED_EDGE('',*,*,#3016,.F.);
#5499=ORIENTED_EDGE('',*,*,#3768,.T.);
#5500=ORIENTED_EDGE('',*,*,#3770,.T.);
#5501=ORIENTED_EDGE('',*,*,#3772,.F.);
#5502=ORIENTED_EDGE('',*,*,#3773,.T.);
#5503=ORIENTED_EDGE('',*,*,#3774,.F.);
#5504=ORIENTED_EDGE('',*,*,#3773,.F.);
#5505=ORIENTED_EDGE('',*,*,#3742,.F.);
#5506=ORIENTED_EDGE('',*,*,#3775,.T.);
#5507=ORIENTED_EDGE('',*,*,#3776,.F.);
#5508=ORIENTED_EDGE('',*,*,#3758,.F.);
#5509=ORIENTED_EDGE('',*,*,#3740,.F.);
#5510=ORIENTED_EDGE('',*,*,#3757,.T.);
#5511=ORIENTED_EDGE('',*,*,#3777,.F.);
#5512=ORIENTED_EDGE('',*,*,#3778,.F.);
#5513=ORIENTED_EDGE('',*,*,#3741,.F.);
#5514=ORIENTED_EDGE('',*,*,#3778,.T.);
#5515=ORIENTED_EDGE('',*,*,#3779,.F.);
#5516=ORIENTED_EDGE('',*,*,#3775,.F.);
#5517=ORIENTED_EDGE('',*,*,#3779,.T.);
#5518=ORIENTED_EDGE('',*,*,#3777,.T.);
#5519=ORIENTED_EDGE('',*,*,#3756,.T.);
#5520=ORIENTED_EDGE('',*,*,#2971,.F.);
#5521=ORIENTED_EDGE('',*,*,#3007,.F.);
#5522=ORIENTED_EDGE('',*,*,#3759,.T.);
#5523=ORIENTED_EDGE('',*,*,#3776,.T.);
#5524=ORIENTED_EDGE('',*,*,#3772,.T.);
#5525=ORIENTED_EDGE('',*,*,#3763,.T.);
#5526=ORIENTED_EDGE('',*,*,#3774,.T.);
#5527=ORIENTED_EDGE('',*,*,#3780,.T.);
#5528=ORIENTED_EDGE('',*,*,#3781,.T.);
#5529=ORIENTED_EDGE('',*,*,#3782,.T.);
#5530=ORIENTED_EDGE('',*,*,#3783,.T.);
#5531=ORIENTED_EDGE('',*,*,#3784,.T.);
#5532=ORIENTED_EDGE('',*,*,#3785,.T.);
#5533=ORIENTED_EDGE('',*,*,#3782,.F.);
#5534=ORIENTED_EDGE('',*,*,#3786,.T.);
#5535=ORIENTED_EDGE('',*,*,#3787,.T.);
#5536=ORIENTED_EDGE('',*,*,#3788,.T.);
#5537=ORIENTED_EDGE('',*,*,#3784,.F.);
#5538=ORIENTED_EDGE('',*,*,#3789,.T.);
#5539=ORIENTED_EDGE('',*,*,#3780,.F.);
#5540=ORIENTED_EDGE('',*,*,#3790,.T.);
#5541=ORIENTED_EDGE('',*,*,#3787,.F.);
#5542=ORIENTED_EDGE('',*,*,#3791,.T.);
#5543=ORIENTED_EDGE('',*,*,#3786,.F.);
#5544=ORIENTED_EDGE('',*,*,#3792,.T.);
#5545=ORIENTED_EDGE('',*,*,#3793,.F.);
#5546=ORIENTED_EDGE('',*,*,#3794,.F.);
#5547=ORIENTED_EDGE('',*,*,#3781,.F.);
#5548=ORIENTED_EDGE('',*,*,#3795,.T.);
#5549=ORIENTED_EDGE('',*,*,#3796,.F.);
#5550=ORIENTED_EDGE('',*,*,#3792,.F.);
#5551=ORIENTED_EDGE('',*,*,#3797,.F.);
#5552=ORIENTED_EDGE('',*,*,#3798,.F.);
#5553=ORIENTED_EDGE('',*,*,#3799,.F.);
#5554=ORIENTED_EDGE('',*,*,#3800,.F.);
#5555=ORIENTED_EDGE('',*,*,#3801,.F.);
#5556=ORIENTED_EDGE('',*,*,#3802,.F.);
#5557=ORIENTED_EDGE('',*,*,#3803,.F.);
#5558=ORIENTED_EDGE('',*,*,#3804,.F.);
#5559=ORIENTED_EDGE('',*,*,#3805,.F.);
#5560=ORIENTED_EDGE('',*,*,#3806,.F.);
#5561=ORIENTED_EDGE('',*,*,#3807,.F.);
#5562=ORIENTED_EDGE('',*,*,#3783,.F.);
#5563=ORIENTED_EDGE('',*,*,#3785,.F.);
#5564=ORIENTED_EDGE('',*,*,#3788,.F.);
#5565=ORIENTED_EDGE('',*,*,#3790,.F.);
#5566=ORIENTED_EDGE('',*,*,#3789,.F.);
#5567=ORIENTED_EDGE('',*,*,#3794,.T.);
#5568=ORIENTED_EDGE('',*,*,#3808,.F.);
#5569=ORIENTED_EDGE('',*,*,#3809,.F.);
#5570=ORIENTED_EDGE('',*,*,#3791,.F.);
#5571=ORIENTED_EDGE('',*,*,#3809,.T.);
#5572=ORIENTED_EDGE('',*,*,#3810,.F.);
#5573=ORIENTED_EDGE('',*,*,#3795,.F.);
#5574=ORIENTED_EDGE('',*,*,#3811,.F.);
#5575=ORIENTED_EDGE('',*,*,#3812,.F.);
#5576=ORIENTED_EDGE('',*,*,#3813,.F.);
#5577=ORIENTED_EDGE('',*,*,#3814,.F.);
#5578=ORIENTED_EDGE('',*,*,#3796,.T.);
#5579=ORIENTED_EDGE('',*,*,#3810,.T.);
#5580=ORIENTED_EDGE('',*,*,#3808,.T.);
#5581=ORIENTED_EDGE('',*,*,#3793,.T.);
#5582=ORIENTED_EDGE('',*,*,#3815,.F.);
#5583=ORIENTED_EDGE('',*,*,#3816,.F.);
#5584=ORIENTED_EDGE('',*,*,#3817,.F.);
#5585=ORIENTED_EDGE('',*,*,#3812,.T.);
#5586=ORIENTED_EDGE('',*,*,#3818,.F.);
#5587=ORIENTED_EDGE('',*,*,#3819,.F.);
#5588=ORIENTED_EDGE('',*,*,#3820,.T.);
#5589=ORIENTED_EDGE('',*,*,#3811,.T.);
#5590=ORIENTED_EDGE('',*,*,#3821,.F.);
#5591=ORIENTED_EDGE('',*,*,#3822,.F.);
#5592=ORIENTED_EDGE('',*,*,#3818,.T.);
#5593=ORIENTED_EDGE('',*,*,#3823,.T.);
#5594=ORIENTED_EDGE('',*,*,#3797,.T.);
#5595=ORIENTED_EDGE('',*,*,#3824,.T.);
#5596=ORIENTED_EDGE('',*,*,#3825,.T.);
#5597=ORIENTED_EDGE('',*,*,#3826,.T.);
#5598=ORIENTED_EDGE('',*,*,#3827,.T.);
#5599=ORIENTED_EDGE('',*,*,#3824,.F.);
#5600=ORIENTED_EDGE('',*,*,#3804,.T.);
#5601=ORIENTED_EDGE('',*,*,#3828,.T.);
#5602=ORIENTED_EDGE('',*,*,#3829,.T.);
#5603=ORIENTED_EDGE('',*,*,#3826,.F.);
#5604=ORIENTED_EDGE('',*,*,#3803,.T.);
#5605=ORIENTED_EDGE('',*,*,#3830,.T.);
#5606=ORIENTED_EDGE('',*,*,#3831,.T.);
#5607=ORIENTED_EDGE('',*,*,#3828,.F.);
#5608=ORIENTED_EDGE('',*,*,#3802,.T.);
#5609=ORIENTED_EDGE('',*,*,#3832,.T.);
#5610=ORIENTED_EDGE('',*,*,#3833,.T.);
#5611=ORIENTED_EDGE('',*,*,#3830,.F.);
#5612=ORIENTED_EDGE('',*,*,#3801,.T.);
#5613=ORIENTED_EDGE('',*,*,#3834,.T.);
#5614=ORIENTED_EDGE('',*,*,#3835,.T.);
#5615=ORIENTED_EDGE('',*,*,#3832,.F.);
#5616=ORIENTED_EDGE('',*,*,#3800,.T.);
#5617=ORIENTED_EDGE('',*,*,#3836,.T.);
#5618=ORIENTED_EDGE('',*,*,#3837,.T.);
#5619=ORIENTED_EDGE('',*,*,#3834,.F.);
#5620=ORIENTED_EDGE('',*,*,#3799,.T.);
#5621=ORIENTED_EDGE('',*,*,#3836,.F.);
#5622=ORIENTED_EDGE('',*,*,#3798,.T.);
#5623=ORIENTED_EDGE('',*,*,#3823,.F.);
#5624=ORIENTED_EDGE('',*,*,#3838,.T.);
#5625=ORIENTED_EDGE('',*,*,#3835,.F.);
#5626=ORIENTED_EDGE('',*,*,#3839,.F.);
#5627=ORIENTED_EDGE('',*,*,#3840,.T.);
#5628=ORIENTED_EDGE('',*,*,#3841,.F.);
#5629=ORIENTED_EDGE('',*,*,#3837,.F.);
#5630=ORIENTED_EDGE('',*,*,#3842,.T.);
#5631=ORIENTED_EDGE('',*,*,#3843,.T.);
#5632=ORIENTED_EDGE('',*,*,#3839,.T.);
#5633=ORIENTED_EDGE('',*,*,#3838,.F.);
#5634=ORIENTED_EDGE('',*,*,#3844,.F.);
#5635=ORIENTED_EDGE('',*,*,#3845,.T.);
#5636=ORIENTED_EDGE('',*,*,#3842,.F.);
#5637=ORIENTED_EDGE('',*,*,#3825,.F.);
#5638=ORIENTED_EDGE('',*,*,#3846,.T.);
#5639=ORIENTED_EDGE('',*,*,#3847,.T.);
#5640=ORIENTED_EDGE('',*,*,#3844,.T.);
#5641=ORIENTED_EDGE('',*,*,#3829,.F.);
#5642=ORIENTED_EDGE('',*,*,#3848,.T.);
#5643=ORIENTED_EDGE('',*,*,#3849,.T.);
#5644=ORIENTED_EDGE('',*,*,#3850,.T.);
#5645=ORIENTED_EDGE('',*,*,#3831,.F.);
#5646=ORIENTED_EDGE('',*,*,#3851,.F.);
#5647=ORIENTED_EDGE('',*,*,#3852,.T.);
#5648=ORIENTED_EDGE('',*,*,#3848,.F.);
#5649=ORIENTED_EDGE('',*,*,#3833,.F.);
#5650=ORIENTED_EDGE('',*,*,#3841,.T.);
#5651=ORIENTED_EDGE('',*,*,#3853,.T.);
#5652=ORIENTED_EDGE('',*,*,#3851,.T.);
#5653=ORIENTED_EDGE('',*,*,#3827,.F.);
#5654=ORIENTED_EDGE('',*,*,#3850,.F.);
#5655=ORIENTED_EDGE('',*,*,#3854,.T.);
#5656=ORIENTED_EDGE('',*,*,#3846,.F.);
#5657=ORIENTED_EDGE('',*,*,#3807,.T.);
#5658=ORIENTED_EDGE('',*,*,#3855,.T.);
#5659=ORIENTED_EDGE('',*,*,#3856,.T.);
#5660=ORIENTED_EDGE('',*,*,#3855,.F.);
#5661=ORIENTED_EDGE('',*,*,#3856,.F.);
#5662=ORIENTED_EDGE('',*,*,#3857,.T.);
#5663=ORIENTED_EDGE('',*,*,#3817,.T.);
#5664=ORIENTED_EDGE('',*,*,#3857,.F.);
#5665=ORIENTED_EDGE('',*,*,#3805,.T.);
#5666=ORIENTED_EDGE('',*,*,#3858,.T.);
#5667=ORIENTED_EDGE('',*,*,#3859,.T.);
#5668=ORIENTED_EDGE('',*,*,#3858,.F.);
#5669=ORIENTED_EDGE('',*,*,#3859,.F.);
#5670=ORIENTED_EDGE('',*,*,#3860,.T.);
#5671=ORIENTED_EDGE('',*,*,#3815,.T.);
#5672=ORIENTED_EDGE('',*,*,#3860,.F.);
#5673=ORIENTED_EDGE('',*,*,#3806,.T.);
#5674=ORIENTED_EDGE('',*,*,#3861,.T.);
#5675=ORIENTED_EDGE('',*,*,#3862,.T.);
#5676=ORIENTED_EDGE('',*,*,#3861,.F.);
#5677=ORIENTED_EDGE('',*,*,#3862,.F.);
#5678=ORIENTED_EDGE('',*,*,#3863,.T.);
#5679=ORIENTED_EDGE('',*,*,#3816,.T.);
#5680=ORIENTED_EDGE('',*,*,#3863,.F.);
#5681=ORIENTED_EDGE('',*,*,#3814,.T.);
#5682=ORIENTED_EDGE('',*,*,#3864,.F.);
#5683=ORIENTED_EDGE('',*,*,#3865,.F.);
#5684=ORIENTED_EDGE('',*,*,#3821,.T.);
#5685=ORIENTED_EDGE('',*,*,#3813,.T.);
#5686=ORIENTED_EDGE('',*,*,#3820,.F.);
#5687=ORIENTED_EDGE('',*,*,#3866,.F.);
#5688=ORIENTED_EDGE('',*,*,#3864,.T.);
#5689=ORIENTED_EDGE('',*,*,#3849,.F.);
#5690=ORIENTED_EDGE('',*,*,#3852,.F.);
#5691=ORIENTED_EDGE('',*,*,#3853,.F.);
#5692=ORIENTED_EDGE('',*,*,#3840,.F.);
#5693=ORIENTED_EDGE('',*,*,#3843,.F.);
#5694=ORIENTED_EDGE('',*,*,#3845,.F.);
#5695=ORIENTED_EDGE('',*,*,#3847,.F.);
#5696=ORIENTED_EDGE('',*,*,#3854,.F.);
#5697=ORIENTED_EDGE('',*,*,#3865,.T.);
#5698=ORIENTED_EDGE('',*,*,#3866,.T.);
#5699=ORIENTED_EDGE('',*,*,#3819,.T.);
#5700=ORIENTED_EDGE('',*,*,#3822,.T.);
#5701=PLANE('',#6160);
#5702=PLANE('',#6165);
#5703=PLANE('',#6171);
#5704=PLANE('',#6172);
#5705=PLANE('',#6175);
#5706=PLANE('',#6183);
#5707=PLANE('',#6184);
#5708=PLANE('',#6185);
#5709=PLANE('',#6188);
#5710=PLANE('',#6189);
#5711=PLANE('',#6190);
#5712=PLANE('',#6191);
#5713=PLANE('',#6192);
#5714=PLANE('',#6193);
#5715=PLANE('',#6194);
#5716=PLANE('',#6195);
#5717=PLANE('',#6196);
#5718=PLANE('',#6197);
#5719=PLANE('',#6198);
#5720=PLANE('',#6199);
#5721=PLANE('',#6200);
#5722=PLANE('',#6201);
#5723=PLANE('',#6202);
#5724=PLANE('',#6203);
#5725=PLANE('',#6204);
#5726=PLANE('',#6205);
#5727=PLANE('',#6206);
#5728=PLANE('',#6207);
#5729=PLANE('',#6208);
#5730=PLANE('',#6209);
#5731=PLANE('',#6210);
#5732=PLANE('',#6211);
#5733=PLANE('',#6212);
#5734=PLANE('',#6213);
#5735=PLANE('',#6214);
#5736=PLANE('',#6215);
#5737=PLANE('',#6216);
#5738=PLANE('',#6217);
#5739=PLANE('',#6218);
#5740=PLANE('',#6219);
#5741=PLANE('',#6220);
#5742=PLANE('',#6221);
#5743=PLANE('',#6222);
#5744=PLANE('',#6223);
#5745=PLANE('',#6224);
#5746=PLANE('',#6225);
#5747=PLANE('',#6226);
#5748=PLANE('',#6227);
#5749=PLANE('',#6228);
#5750=PLANE('',#6229);
#5751=PLANE('',#6230);
#5752=PLANE('',#6231);
#5753=PLANE('',#6232);
#5754=PLANE('',#6233);
#5755=PLANE('',#6234);
#5756=PLANE('',#6235);
#5757=PLANE('',#6236);
#5758=PLANE('',#6237);
#5759=PLANE('',#6238);
#5760=PLANE('',#6239);
#5761=PLANE('',#6240);
#5762=PLANE('',#6241);
#5763=PLANE('',#6242);
#5764=PLANE('',#6243);
#5765=PLANE('',#6244);
#5766=PLANE('',#6245);
#5767=PLANE('',#6246);
#5768=PLANE('',#6247);
#5769=PLANE('',#6248);
#5770=PLANE('',#6249);
#5771=PLANE('',#6250);
#5772=PLANE('',#6251);
#5773=PLANE('',#6252);
#5774=PLANE('',#6253);
#5775=PLANE('',#6254);
#5776=PLANE('',#6255);
#5777=PLANE('',#6256);
#5778=PLANE('',#6257);
#5779=PLANE('',#6258);
#5780=PLANE('',#6259);
#5781=PLANE('',#6260);
#5782=PLANE('',#6261);
#5783=PLANE('',#6262);
#5784=PLANE('',#6263);
#5785=PLANE('',#6264);
#5786=PLANE('',#6265);
#5787=PLANE('',#6266);
#5788=PLANE('',#6267);
#5789=PLANE('',#6268);
#5790=PLANE('',#6269);
#5791=PLANE('',#6270);
#5792=PLANE('',#6274);
#5793=PLANE('',#6275);
#5794=PLANE('',#6276);
#5795=PLANE('',#6281);
#5796=PLANE('',#6317);
#5797=PLANE('',#6318);
#5798=PLANE('',#6343);
#5799=PLANE('',#6344);
#5800=PLANE('',#6345);
#5801=PLANE('',#6365);
#5802=PLANE('',#6368);
#5803=PLANE('',#6374);
#5804=PLANE('',#6380);
#5805=PLANE('',#6381);
#5806=PLANE('',#6385);
#5807=PLANE('',#6386);
#5808=PLANE('',#6389);
#5809=PLANE('',#6390);
#5810=PLANE('',#6391);
#5811=PLANE('',#6406);
#5812=PLANE('',#6407);
#5813=PLANE('',#6415);
#5814=PLANE('',#6418);
#5815=PLANE('',#6422);
#5816=PLANE('',#6423);
#5817=PLANE('',#6444);
#5818=PLANE('',#6447);
#5819=PLANE('',#6452);
#5820=PLANE('',#6455);
#5821=PLANE('',#6465);
#5822=PLANE('',#6466);
#5823=PLANE('',#6467);
#5824=ADVANCED_FACE('',(#543,#523),#5701,.T.);
#5825=ADVANCED_FACE('',(#544),#5702,.F.);
#5826=ADVANCED_FACE('',(#545),#5703,.T.);
#5827=ADVANCED_FACE('',(#546),#5704,.T.);
#5828=ADVANCED_FACE('',(#547),#477,.T.);
#5829=ADVANCED_FACE('',(#548),#5705,.T.);
#5830=ADVANCED_FACE('',(#549),#478,.T.);
#5831=ADVANCED_FACE('',(#550),#5706,.T.);
#5832=ADVANCED_FACE('',(#551),#5707,.T.);
#5833=ADVANCED_FACE('',(#552),#5708,.T.);
#5834=ADVANCED_FACE('',(#553),#479,.T.);
#5835=ADVANCED_FACE('',(#554),#37,.F.);
#5836=ADVANCED_FACE('',(#555),#5709,.F.);
#5837=ADVANCED_FACE('',(#556),#38,.F.);
#5838=ADVANCED_FACE('',(#557),#39,.F.);
#5839=ADVANCED_FACE('',(#558),#5710,.F.);
#5840=ADVANCED_FACE('',(#559),#40,.F.);
#5841=ADVANCED_FACE('',(#560),#41,.F.);
#5842=ADVANCED_FACE('',(#561),#5711,.F.);
#5843=ADVANCED_FACE('',(#562),#42,.F.);
#5844=ADVANCED_FACE('',(#563),#43,.F.);
#5845=ADVANCED_FACE('',(#564),#44,.F.);
#5846=ADVANCED_FACE('',(#565),#45,.F.);
#5847=ADVANCED_FACE('',(#566),#5712,.F.);
#5848=ADVANCED_FACE('',(#567),#46,.F.);
#5849=ADVANCED_FACE('',(#568),#47,.F.);
#5850=ADVANCED_FACE('',(#569),#48,.F.);
#5851=ADVANCED_FACE('',(#570),#49,.F.);
#5852=ADVANCED_FACE('',(#571),#50,.F.);
#5853=ADVANCED_FACE('',(#572),#5713,.F.);
#5854=ADVANCED_FACE('',(#573),#51,.F.);
#5855=ADVANCED_FACE('',(#574),#52,.F.);
#5856=ADVANCED_FACE('',(#575),#5714,.F.);
#5857=ADVANCED_FACE('',(#576),#53,.F.);
#5858=ADVANCED_FACE('',(#577),#54,.F.);
#5859=ADVANCED_FACE('',(#578),#5715,.F.);
#5860=ADVANCED_FACE('',(#579),#55,.F.);
#5861=ADVANCED_FACE('',(#580),#56,.F.);
#5862=ADVANCED_FACE('',(#581),#57,.F.);
#5863=ADVANCED_FACE('',(#582),#58,.F.);
#5864=ADVANCED_FACE('',(#583),#5716,.F.);
#5865=ADVANCED_FACE('',(#584),#59,.F.);
#5866=ADVANCED_FACE('',(#585),#60,.F.);
#5867=ADVANCED_FACE('',(#586),#61,.F.);
#5868=ADVANCED_FACE('',(#587),#5717,.T.);
#5869=ADVANCED_FACE('',(#588),#62,.F.);
#5870=ADVANCED_FACE('',(#589),#63,.F.);
#5871=ADVANCED_FACE('',(#590),#64,.F.);
#5872=ADVANCED_FACE('',(#591),#5718,.F.);
#5873=ADVANCED_FACE('',(#592),#65,.F.);
#5874=ADVANCED_FACE('',(#593),#66,.F.);
#5875=ADVANCED_FACE('',(#594),#67,.F.);
#5876=ADVANCED_FACE('',(#595),#68,.F.);
#5877=ADVANCED_FACE('',(#596),#5719,.F.);
#5878=ADVANCED_FACE('',(#597),#69,.F.);
#5879=ADVANCED_FACE('',(#598),#70,.F.);
#5880=ADVANCED_FACE('',(#599),#71,.F.);
#5881=ADVANCED_FACE('',(#600),#72,.F.);
#5882=ADVANCED_FACE('',(#601),#5720,.F.);
#5883=ADVANCED_FACE('',(#602),#73,.F.);
#5884=ADVANCED_FACE('',(#603),#74,.F.);
#5885=ADVANCED_FACE('',(#604),#75,.F.);
#5886=ADVANCED_FACE('',(#605),#76,.F.);
#5887=ADVANCED_FACE('',(#606),#5721,.F.);
#5888=ADVANCED_FACE('',(#607),#77,.F.);
#5889=ADVANCED_FACE('',(#608),#78,.F.);
#5890=ADVANCED_FACE('',(#609),#5722,.F.);
#5891=ADVANCED_FACE('',(#610),#5723,.F.);
#5892=ADVANCED_FACE('',(#611),#5724,.F.);
#5893=ADVANCED_FACE('',(#612),#79,.F.);
#5894=ADVANCED_FACE('',(#613),#80,.F.);
#5895=ADVANCED_FACE('',(#614),#5725,.F.);
#5896=ADVANCED_FACE('',(#615),#81,.F.);
#5897=ADVANCED_FACE('',(#616),#82,.F.);
#5898=ADVANCED_FACE('',(#617),#83,.F.);
#5899=ADVANCED_FACE('',(#618),#5726,.F.);
#5900=ADVANCED_FACE('',(#619),#84,.F.);
#5901=ADVANCED_FACE('',(#620),#85,.F.);
#5902=ADVANCED_FACE('',(#621),#86,.F.);
#5903=ADVANCED_FACE('',(#622),#5727,.T.);
#5904=ADVANCED_FACE('',(#623),#87,.F.);
#5905=ADVANCED_FACE('',(#624),#5728,.F.);
#5906=ADVANCED_FACE('',(#625),#88,.F.);
#5907=ADVANCED_FACE('',(#626),#89,.F.);
#5908=ADVANCED_FACE('',(#627),#5729,.F.);
#5909=ADVANCED_FACE('',(#628),#90,.F.);
#5910=ADVANCED_FACE('',(#629),#91,.F.);
#5911=ADVANCED_FACE('',(#630),#5730,.F.);
#5912=ADVANCED_FACE('',(#631),#92,.F.);
#5913=ADVANCED_FACE('',(#632),#93,.F.);
#5914=ADVANCED_FACE('',(#633),#94,.F.);
#5915=ADVANCED_FACE('',(#634),#95,.F.);
#5916=ADVANCED_FACE('',(#635),#5731,.F.);
#5917=ADVANCED_FACE('',(#636),#96,.F.);
#5918=ADVANCED_FACE('',(#637),#97,.F.);
#5919=ADVANCED_FACE('',(#638),#98,.F.);
#5920=ADVANCED_FACE('',(#639),#99,.F.);
#5921=ADVANCED_FACE('',(#640),#100,.F.);
#5922=ADVANCED_FACE('',(#641),#5732,.F.);
#5923=ADVANCED_FACE('',(#642),#101,.F.);
#5924=ADVANCED_FACE('',(#643),#102,.F.);
#5925=ADVANCED_FACE('',(#644),#5733,.F.);
#5926=ADVANCED_FACE('',(#645),#103,.F.);
#5927=ADVANCED_FACE('',(#646),#104,.F.);
#5928=ADVANCED_FACE('',(#647),#5734,.F.);
#5929=ADVANCED_FACE('',(#648),#105,.F.);
#5930=ADVANCED_FACE('',(#649),#106,.F.);
#5931=ADVANCED_FACE('',(#650),#107,.F.);
#5932=ADVANCED_FACE('',(#651),#108,.F.);
#5933=ADVANCED_FACE('',(#652),#5735,.F.);
#5934=ADVANCED_FACE('',(#653),#109,.F.);
#5935=ADVANCED_FACE('',(#654),#110,.F.);
#5936=ADVANCED_FACE('',(#655),#111,.F.);
#5937=ADVANCED_FACE('',(#656),#5736,.T.);
#5938=ADVANCED_FACE('',(#657),#112,.F.);
#5939=ADVANCED_FACE('',(#658),#113,.F.);
#5940=ADVANCED_FACE('',(#659),#5737,.F.);
#5941=ADVANCED_FACE('',(#660),#114,.F.);
#5942=ADVANCED_FACE('',(#661),#115,.F.);
#5943=ADVANCED_FACE('',(#662),#116,.F.);
#5944=ADVANCED_FACE('',(#663),#117,.F.);
#5945=ADVANCED_FACE('',(#664),#5738,.F.);
#5946=ADVANCED_FACE('',(#665),#118,.F.);
#5947=ADVANCED_FACE('',(#666),#119,.F.);
#5948=ADVANCED_FACE('',(#667),#120,.F.);
#5949=ADVANCED_FACE('',(#668),#121,.F.);
#5950=ADVANCED_FACE('',(#669),#122,.F.);
#5951=ADVANCED_FACE('',(#670),#5739,.F.);
#5952=ADVANCED_FACE('',(#671),#123,.F.);
#5953=ADVANCED_FACE('',(#672),#124,.F.);
#5954=ADVANCED_FACE('',(#673),#125,.F.);
#5955=ADVANCED_FACE('',(#674),#126,.F.);
#5956=ADVANCED_FACE('',(#675),#127,.F.);
#5957=ADVANCED_FACE('',(#676),#128,.F.);
#5958=ADVANCED_FACE('',(#677),#5740,.F.);
#5959=ADVANCED_FACE('',(#678),#129,.F.);
#5960=ADVANCED_FACE('',(#679),#130,.F.);
#5961=ADVANCED_FACE('',(#680),#131,.F.);
#5962=ADVANCED_FACE('',(#681,#524),#5741,.T.);
#5963=ADVANCED_FACE('',(#682),#132,.F.);
#5964=ADVANCED_FACE('',(#683),#133,.F.);
#5965=ADVANCED_FACE('',(#684),#5742,.F.);
#5966=ADVANCED_FACE('',(#685),#134,.F.);
#5967=ADVANCED_FACE('',(#686),#135,.F.);
#5968=ADVANCED_FACE('',(#687),#136,.F.);
#5969=ADVANCED_FACE('',(#688),#137,.F.);
#5970=ADVANCED_FACE('',(#689),#5743,.F.);
#5971=ADVANCED_FACE('',(#690),#138,.F.);
#5972=ADVANCED_FACE('',(#691),#139,.F.);
#5973=ADVANCED_FACE('',(#692),#140,.F.);
#5974=ADVANCED_FACE('',(#693),#141,.F.);
#5975=ADVANCED_FACE('',(#694),#142,.F.);
#5976=ADVANCED_FACE('',(#695),#5744,.F.);
#5977=ADVANCED_FACE('',(#696),#143,.F.);
#5978=ADVANCED_FACE('',(#697),#144,.F.);
#5979=ADVANCED_FACE('',(#698),#145,.F.);
#5980=ADVANCED_FACE('',(#699),#146,.F.);
#5981=ADVANCED_FACE('',(#700),#147,.F.);
#5982=ADVANCED_FACE('',(#701),#148,.F.);
#5983=ADVANCED_FACE('',(#702),#5745,.F.);
#5984=ADVANCED_FACE('',(#703),#149,.F.);
#5985=ADVANCED_FACE('',(#704),#150,.F.);
#5986=ADVANCED_FACE('',(#705),#151,.F.);
#5987=ADVANCED_FACE('',(#706,#525),#5746,.T.);
#5988=ADVANCED_FACE('',(#707),#5747,.F.);
#5989=ADVANCED_FACE('',(#708),#5748,.F.);
#5990=ADVANCED_FACE('',(#709),#5749,.F.);
#5991=ADVANCED_FACE('',(#710),#5750,.F.);
#5992=ADVANCED_FACE('',(#711),#5751,.F.);
#5993=ADVANCED_FACE('',(#712),#5752,.F.);
#5994=ADVANCED_FACE('',(#713),#5753,.F.);
#5995=ADVANCED_FACE('',(#714),#5754,.F.);
#5996=ADVANCED_FACE('',(#715),#5755,.F.);
#5997=ADVANCED_FACE('',(#716),#5756,.F.);
#5998=ADVANCED_FACE('',(#717),#5757,.F.);
#5999=ADVANCED_FACE('',(#718),#5758,.F.);
#6000=ADVANCED_FACE('',(#719),#5759,.F.);
#6001=ADVANCED_FACE('',(#720),#5760,.F.);
#6002=ADVANCED_FACE('',(#721),#5761,.F.);
#6003=ADVANCED_FACE('',(#722),#5762,.F.);
#6004=ADVANCED_FACE('',(#723),#5763,.F.);
#6005=ADVANCED_FACE('',(#724),#5764,.F.);
#6006=ADVANCED_FACE('',(#725),#5765,.F.);
#6007=ADVANCED_FACE('',(#726),#5766,.F.);
#6008=ADVANCED_FACE('',(#727),#5767,.F.);
#6009=ADVANCED_FACE('',(#728),#5768,.F.);
#6010=ADVANCED_FACE('',(#729),#5769,.F.);
#6011=ADVANCED_FACE('',(#730),#5770,.F.);
#6012=ADVANCED_FACE('',(#731),#5771,.F.);
#6013=ADVANCED_FACE('',(#732),#5772,.F.);
#6014=ADVANCED_FACE('',(#733),#5773,.F.);
#6015=ADVANCED_FACE('',(#734),#5774,.F.);
#6016=ADVANCED_FACE('',(#735),#5775,.F.);
#6017=ADVANCED_FACE('',(#736),#5776,.F.);
#6018=ADVANCED_FACE('',(#737),#5777,.F.);
#6019=ADVANCED_FACE('',(#738),#5778,.F.);
#6020=ADVANCED_FACE('',(#739),#5779,.F.);
#6021=ADVANCED_FACE('',(#740),#5780,.F.);
#6022=ADVANCED_FACE('',(#741),#5781,.F.);
#6023=ADVANCED_FACE('',(#742),#152,.F.);
#6024=ADVANCED_FACE('',(#743),#153,.F.);
#6025=ADVANCED_FACE('',(#744),#154,.F.);
#6026=ADVANCED_FACE('',(#745),#5782,.F.);
#6027=ADVANCED_FACE('',(#746),#155,.F.);
#6028=ADVANCED_FACE('',(#747),#156,.F.);
#6029=ADVANCED_FACE('',(#748),#157,.F.);
#6030=ADVANCED_FACE('',(#749),#158,.F.);
#6031=ADVANCED_FACE('',(#750),#5783,.F.);
#6032=ADVANCED_FACE('',(#751),#159,.F.);
#6033=ADVANCED_FACE('',(#752),#160,.F.);
#6034=ADVANCED_FACE('',(#753),#161,.F.);
#6035=ADVANCED_FACE('',(#754),#162,.F.);
#6036=ADVANCED_FACE('',(#755),#5784,.F.);
#6037=ADVANCED_FACE('',(#756),#163,.F.);
#6038=ADVANCED_FACE('',(#757),#164,.F.);
#6039=ADVANCED_FACE('',(#758),#165,.F.);
#6040=ADVANCED_FACE('',(#759),#166,.F.);
#6041=ADVANCED_FACE('',(#760),#5785,.F.);
#6042=ADVANCED_FACE('',(#761),#167,.F.);
#6043=ADVANCED_FACE('',(#762),#168,.F.);
#6044=ADVANCED_FACE('',(#763),#5786,.F.);
#6045=ADVANCED_FACE('',(#764),#5787,.F.);
#6046=ADVANCED_FACE('',(#765),#5788,.F.);
#6047=ADVANCED_FACE('',(#766),#169,.F.);
#6048=ADVANCED_FACE('',(#767),#170,.F.);
#6049=ADVANCED_FACE('',(#768),#5789,.F.);
#6050=ADVANCED_FACE('',(#769),#171,.F.);
#6051=ADVANCED_FACE('',(#770),#172,.F.);
#6052=ADVANCED_FACE('',(#771),#173,.F.);
#6053=ADVANCED_FACE('',(#772),#5790,.F.);
#6054=ADVANCED_FACE('',(#773),#174,.F.);
#6055=ADVANCED_FACE('',(#774),#175,.F.);
#6056=ADVANCED_FACE('',(#775),#176,.F.);
#6057=ADVANCED_FACE('',(#776),#5791,.T.);
#6058=ADVANCED_FACE('',(#777),#480,.T.);
#6059=ADVANCED_FACE('',(#778),#5792,.T.);
#6060=ADVANCED_FACE('',(#779),#5793,.T.);
#6061=ADVANCED_FACE('',(#780),#5794,.F.);
#6062=ADVANCED_FACE('',(#781),#481,.F.);
#6063=ADVANCED_FACE('',(#782),#5795,.F.);
#6064=ADVANCED_FACE('',(#783),#482,.F.);
#6065=ADVANCED_FACE('',(#784),#483,.T.);
#6066=ADVANCED_FACE('',(#785),#484,.F.);
#6067=ADVANCED_FACE('',(#786),#485,.T.);
#6068=ADVANCED_FACE('',(#787),#20,.T.);
#6069=ADVANCED_FACE('',(#788),#21,.T.);
#6070=ADVANCED_FACE('',(#789),#22,.T.);
#6071=ADVANCED_FACE('',(#790),#23,.T.);
#6072=ADVANCED_FACE('',(#791),#486,.T.);
#6073=ADVANCED_FACE('',(#792),#24,.T.);
#6074=ADVANCED_FACE('',(#793),#487,.T.);
#6075=ADVANCED_FACE('',(#794),#177,.F.);
#6076=ADVANCED_FACE('',(#795),#25,.T.);
#6077=ADVANCED_FACE('',(#796),#26,.T.);
#6078=ADVANCED_FACE('',(#797),#178,.F.);
#6079=ADVANCED_FACE('',(#798),#488,.T.);
#6080=ADVANCED_FACE('',(#799),#179,.F.);
#6081=ADVANCED_FACE('',(#800),#180,.F.);
#6082=ADVANCED_FACE('',(#801),#5796,.F.);
#6083=ADVANCED_FACE('',(#802,#526,#527,#528,#529),#5797,.T.);
#6084=ADVANCED_FACE('',(#803),#489,.F.);
#6085=ADVANCED_FACE('',(#804),#490,.F.);
#6086=ADVANCED_FACE('',(#805),#27,.T.);
#6087=ADVANCED_FACE('',(#806),#491,.T.);
#6088=ADVANCED_FACE('',(#807),#28,.T.);
#6089=ADVANCED_FACE('',(#808),#492,.T.);
#6090=ADVANCED_FACE('',(#809),#29,.T.);
#6091=ADVANCED_FACE('',(#810),#493,.T.);
#6092=ADVANCED_FACE('',(#811),#30,.T.);
#6093=ADVANCED_FACE('',(#812),#494,.T.);
#6094=ADVANCED_FACE('',(#813),#495,.T.);
#6095=ADVANCED_FACE('',(#814),#5798,.T.);
#6096=ADVANCED_FACE('',(#815),#5799,.T.);
#6097=ADVANCED_FACE('',(#816,#530),#5800,.T.);
#6098=ADVANCED_FACE('',(#817),#496,.F.);
#6099=ADVANCED_FACE('',(#818),#497,.F.);
#6100=ADVANCED_FACE('',(#819),#498,.F.);
#6101=ADVANCED_FACE('',(#820),#499,.F.);
#6102=ADVANCED_FACE('',(#821),#500,.F.);
#6103=ADVANCED_FACE('',(#822),#5801,.T.);
#6104=ADVANCED_FACE('',(#823),#501,.F.);
#6105=ADVANCED_FACE('',(#824),#5802,.T.);
#6106=ADVANCED_FACE('',(#825),#502,.F.);
#6107=ADVANCED_FACE('',(#826),#503,.T.);
#6108=ADVANCED_FACE('',(#827,#531),#5803,.F.);
#6109=ADVANCED_FACE('',(#828),#504,.F.);
#6110=ADVANCED_FACE('',(#829),#505,.T.);
#6111=ADVANCED_FACE('',(#830,#532),#5804,.T.);
#6112=ADVANCED_FACE('',(#831),#5805,.T.);
#6113=ADVANCED_FACE('',(#832),#506,.F.);
#6114=ADVANCED_FACE('',(#833),#5806,.T.);
#6115=ADVANCED_FACE('',(#834),#5807,.T.);
#6116=ADVANCED_FACE('',(#835),#507,.T.);
#6117=ADVANCED_FACE('',(#836,#533),#5808,.T.);
#6118=ADVANCED_FACE('',(#837),#5809,.T.);
#6119=ADVANCED_FACE('',(#838),#5810,.T.);
#6120=ADVANCED_FACE('',(#839),#508,.T.);
#6121=ADVANCED_FACE('',(#840),#31,.T.);
#6122=ADVANCED_FACE('',(#841),#509,.T.);
#6123=ADVANCED_FACE('',(#842),#32,.T.);
#6124=ADVANCED_FACE('',(#843),#510,.F.);
#6125=ADVANCED_FACE('',(#844),#5811,.F.);
#6126=ADVANCED_FACE('',(#845,#534,#535,#536,#537),#5812,.T.);
#6127=ADVANCED_FACE('',(#846),#5813,.F.);
#6128=ADVANCED_FACE('',(#847),#511,.F.);
#6129=ADVANCED_FACE('',(#848,#538,#539,#540,#541),#5814,.F.);
#6130=ADVANCED_FACE('',(#849),#5815,.T.);
#6131=ADVANCED_FACE('',(#850),#5816,.T.);
#6132=ADVANCED_FACE('',(#851),#33,.T.);
#6133=ADVANCED_FACE('',(#852),#512,.T.);
#6134=ADVANCED_FACE('',(#853),#34,.T.);
#6135=ADVANCED_FACE('',(#854),#513,.T.);
#6136=ADVANCED_FACE('',(#855),#35,.T.);
#6137=ADVANCED_FACE('',(#856),#514,.T.);
#6138=ADVANCED_FACE('',(#857),#36,.T.);
#6139=ADVANCED_FACE('',(#858),#515,.T.);
#6140=ADVANCED_FACE('',(#859),#5817,.T.);
#6141=ADVANCED_FACE('',(#860),#516,.T.);
#6142=ADVANCED_FACE('',(#861),#5818,.T.);
#6143=ADVANCED_FACE('',(#862),#517,.T.);
#6144=ADVANCED_FACE('',(#863),#518,.T.);
#6145=ADVANCED_FACE('',(#864),#5819,.T.);
#6146=ADVANCED_FACE('',(#865),#519,.T.);
#6147=ADVANCED_FACE('',(#866),#5820,.T.);
#6148=ADVANCED_FACE('',(#867),#13,.F.);
#6149=ADVANCED_FACE('',(#868),#520,.F.);
#6150=ADVANCED_FACE('',(#869),#14,.F.);
#6151=ADVANCED_FACE('',(#870),#521,.F.);
#6152=ADVANCED_FACE('',(#871),#15,.F.);
#6153=ADVANCED_FACE('',(#872),#522,.F.);
#6154=ADVANCED_FACE('',(#873),#5821,.T.);
#6155=ADVANCED_FACE('',(#874),#5822,.T.);
#6156=ADVANCED_FACE('',(#875,#542),#5823,.F.);
#6157=CLOSED_SHELL('',(#5824,#5825,#5826,#5827,#5828,#5829,#5830,#5831,
#5832,#5833,#5834,#5835,#5836,#5837,#5838,#5839,#5840,#5841,#5842,#5843,
#5844,#5845,#5846,#5847,#5848,#5849,#5850,#5851,#5852,#5853,#5854,#5855,
#5856,#5857,#5858,#5859,#5860,#5861,#5862,#5863,#5864,#5865,#5866,#5867,
#5868,#5869,#5870,#5871,#5872,#5873,#5874,#5875,#5876,#5877,#5878,#5879,
#5880,#5881,#5882,#5883,#5884,#5885,#5886,#5887,#5888,#5889,#5890,#5891,
#5892,#5893,#5894,#5895,#5896,#5897,#5898,#5899,#5900,#5901,#5902,#5903,
#5904,#5905,#5906,#5907,#5908,#5909,#5910,#5911,#5912,#5913,#5914,#5915,
#5916,#5917,#5918,#5919,#5920,#5921,#5922,#5923,#5924,#5925,#5926,#5927,
#5928,#5929,#5930,#5931,#5932,#5933,#5934,#5935,#5936,#5937,#5938,#5939,
#5940,#5941,#5942,#5943,#5944,#5945,#5946,#5947,#5948,#5949,#5950,#5951,
#5952,#5953,#5954,#5955,#5956,#5957,#5958,#5959,#5960,#5961,#5962,#5963,
#5964,#5965,#5966,#5967,#5968,#5969,#5970,#5971,#5972,#5973,#5974,#5975,
#5976,#5977,#5978,#5979,#5980,#5981,#5982,#5983,#5984,#5985,#5986,#5987,
#5988,#5989,#5990,#5991,#5992,#5993,#5994,#5995,#5996,#5997,#5998,#5999,
#6000,#6001,#6002,#6003,#6004,#6005,#6006,#6007,#6008,#6009,#6010,#6011,
#6012,#6013,#6014,#6015,#6016,#6017,#6018,#6019,#6020,#6021,#6022,#6023,
#6024,#6025,#6026,#6027,#6028,#6029,#6030,#6031,#6032,#6033,#6034,#6035,
#6036,#6037,#6038,#6039,#6040,#6041,#6042,#6043,#6044,#6045,#6046,#6047,
#6048,#6049,#6050,#6051,#6052,#6053,#6054,#6055,#6056,#6057,#6058,#6059,
#6060,#6061,#6062,#6063,#6064,#6065,#6066,#6067,#6068,#6069,#6070,#6071,
#6072,#6073,#6074,#6075,#6076,#6077,#6078,#6079,#6080,#6081,#6082,#6083,
#6084,#6085,#6086,#6087,#6088,#6089,#6090,#6091,#6092,#6093,#6094,#6095,
#6096,#6097,#6098,#6099,#6100,#6101,#6102,#6103,#6104,#6105,#6106,#6107,
#6108,#6109,#6110,#6111,#6112,#6113,#6114,#6115,#6116,#6117,#6118,#6119));
#6158=CLOSED_SHELL('',(#6120,#6121,#6122,#6123,#6124,#6125,#6126,#6127,
#6128,#6129,#6130,#6131,#6132,#6133,#6134,#6135,#6136,#6137,#6138,#6139,
#6140,#6141,#6142,#6143,#6144,#6145,#6146,#6147,#6148,#6149,#6150,#6151,
#6152,#6153,#6154,#6155,#6156));
#6159=AXIS2_PLACEMENT_3D('',#7588,#6468,#6469);
#6160=AXIS2_PLACEMENT_3D('',#7589,#6470,#6471);
#6161=AXIS2_PLACEMENT_3D('',#7592,#6472,#6473);
#6162=AXIS2_PLACEMENT_3D('',#7596,#6475,#6476);
#6163=AXIS2_PLACEMENT_3D('',#7600,#6478,#6479);
#6164=AXIS2_PLACEMENT_3D('',#7604,#6481,#6482);
#6165=AXIS2_PLACEMENT_3D('',#7614,#6488,#6489);
#6166=AXIS2_PLACEMENT_3D('',#7618,#6491,#6492);
#6167=AXIS2_PLACEMENT_3D('',#7622,#6494,#6495);
#6168=AXIS2_PLACEMENT_3D('',#7624,#6496,#6497);
#6169=AXIS2_PLACEMENT_3D('',#7626,#6498,#6499);
#6170=AXIS2_PLACEMENT_3D('',#7628,#6500,#6501);
#6171=AXIS2_PLACEMENT_3D('',#7630,#6503,#6504);
#6172=AXIS2_PLACEMENT_3D('',#7650,#6515,#6516);
#6173=AXIS2_PLACEMENT_3D('',#7656,#6520,#6521);
#6174=AXIS2_PLACEMENT_3D('',#7675,#6525,#6526);
#6175=AXIS2_PLACEMENT_3D('',#7676,#6527,#6528);
#6176=AXIS2_PLACEMENT_3D('',#7680,#6530,#6531);
#6177=AXIS2_PLACEMENT_3D('',#7682,#6532,#6533);
#6178=AXIS2_PLACEMENT_3D('',#7684,#6534,#6535);
#6179=AXIS2_PLACEMENT_3D('',#7686,#6536,#6537);
#6180=AXIS2_PLACEMENT_3D('',#7689,#6539,#6540);
#6181=AXIS2_PLACEMENT_3D('',#7690,#6541,#6542);
#6182=AXIS2_PLACEMENT_3D('',#7694,#6544,#6545);
#6183=AXIS2_PLACEMENT_3D('',#7710,#6548,#6549);
#6184=AXIS2_PLACEMENT_3D('',#7722,#6556,#6557);
#6185=AXIS2_PLACEMENT_3D('',#7740,#6567,#6568);
#6186=AXIS2_PLACEMENT_3D('',#7744,#6571,#6572);
#6187=AXIS2_PLACEMENT_3D('',#7747,#6574,#6575);
#6188=AXIS2_PLACEMENT_3D('',#7774,#6578,#6579);
#6189=AXIS2_PLACEMENT_3D('',#7826,#6585,#6586);
#6190=AXIS2_PLACEMENT_3D('',#7878,#6592,#6593);
#6191=AXIS2_PLACEMENT_3D('',#7976,#6601,#6602);
#6192=AXIS2_PLACEMENT_3D('',#8097,#6611,#6612);
#6193=AXIS2_PLACEMENT_3D('',#8149,#6618,#6619);
#6194=AXIS2_PLACEMENT_3D('',#8201,#6625,#6626);
#6195=AXIS2_PLACEMENT_3D('',#8299,#6634,#6635);
#6196=AXIS2_PLACEMENT_3D('',#8371,#6641,#6642);
#6197=AXIS2_PLACEMENT_3D('',#8451,#6648,#6649);
#6198=AXIS2_PLACEMENT_3D('',#8549,#6657,#6658);
#6199=AXIS2_PLACEMENT_3D('',#8648,#6665,#6666);
#6200=AXIS2_PLACEMENT_3D('',#8746,#6674,#6675);
#6201=AXIS2_PLACEMENT_3D('',#8798,#6681,#6682);
#6202=AXIS2_PLACEMENT_3D('',#8804,#6686,#6687);
#6203=AXIS2_PLACEMENT_3D('',#8810,#6691,#6692);
#6204=AXIS2_PLACEMENT_3D('',#8862,#6698,#6699);
#6205=AXIS2_PLACEMENT_3D('',#8937,#6706,#6707);
#6206=AXIS2_PLACEMENT_3D('',#9009,#6713,#6714);
#6207=AXIS2_PLACEMENT_3D('',#9036,#6717,#6718);
#6208=AXIS2_PLACEMENT_3D('',#9088,#6724,#6725);
#6209=AXIS2_PLACEMENT_3D('',#9140,#6731,#6732);
#6210=AXIS2_PLACEMENT_3D('',#9238,#6740,#6741);
#6211=AXIS2_PLACEMENT_3D('',#9359,#6750,#6751);
#6212=AXIS2_PLACEMENT_3D('',#9411,#6757,#6758);
#6213=AXIS2_PLACEMENT_3D('',#9463,#6764,#6765);
#6214=AXIS2_PLACEMENT_3D('',#9561,#6773,#6774);
#6215=AXIS2_PLACEMENT_3D('',#9633,#6780,#6781);
#6216=AXIS2_PLACEMENT_3D('',#9690,#6786,#6787);
#6217=AXIS2_PLACEMENT_3D('',#9788,#6795,#6796);
#6218=AXIS2_PLACEMENT_3D('',#9906,#6804,#6805);
#6219=AXIS2_PLACEMENT_3D('',#10050,#6815,#6816);
#6220=AXIS2_PLACEMENT_3D('',#10126,#6822,#6823);
#6221=AXIS2_PLACEMENT_3D('',#10183,#6828,#6829);
#6222=AXIS2_PLACEMENT_3D('',#10281,#6837,#6838);
#6223=AXIS2_PLACEMENT_3D('',#10399,#6846,#6847);
#6224=AXIS2_PLACEMENT_3D('',#10543,#6857,#6858);
#6225=AXIS2_PLACEMENT_3D('',#10619,#6864,#6865);
#6226=AXIS2_PLACEMENT_3D('',#10620,#6866,#6867);
#6227=AXIS2_PLACEMENT_3D('',#10629,#6872,#6873);
#6228=AXIS2_PLACEMENT_3D('',#10635,#6877,#6878);
#6229=AXIS2_PLACEMENT_3D('',#10641,#6882,#6883);
#6230=AXIS2_PLACEMENT_3D('',#10647,#6887,#6888);
#6231=AXIS2_PLACEMENT_3D('',#10653,#6892,#6893);
#6232=AXIS2_PLACEMENT_3D('',#10659,#6897,#6898);
#6233=AXIS2_PLACEMENT_3D('',#10665,#6902,#6903);
#6234=AXIS2_PLACEMENT_3D('',#10671,#6907,#6908);
#6235=AXIS2_PLACEMENT_3D('',#10677,#6912,#6913);
#6236=AXIS2_PLACEMENT_3D('',#10683,#6917,#6918);
#6237=AXIS2_PLACEMENT_3D('',#10689,#6922,#6923);
#6238=AXIS2_PLACEMENT_3D('',#10695,#6927,#6928);
#6239=AXIS2_PLACEMENT_3D('',#10698,#6931,#6932);
#6240=AXIS2_PLACEMENT_3D('',#10699,#6933,#6934);
#6241=AXIS2_PLACEMENT_3D('',#10708,#6939,#6940);
#6242=AXIS2_PLACEMENT_3D('',#10714,#6944,#6945);
#6243=AXIS2_PLACEMENT_3D('',#10720,#6949,#6950);
#6244=AXIS2_PLACEMENT_3D('',#10726,#6954,#6955);
#6245=AXIS2_PLACEMENT_3D('',#10732,#6959,#6960);
#6246=AXIS2_PLACEMENT_3D('',#10735,#6963,#6964);
#6247=AXIS2_PLACEMENT_3D('',#10736,#6965,#6966);
#6248=AXIS2_PLACEMENT_3D('',#10745,#6971,#6972);
#6249=AXIS2_PLACEMENT_3D('',#10751,#6976,#6977);
#6250=AXIS2_PLACEMENT_3D('',#10757,#6981,#6982);
#6251=AXIS2_PLACEMENT_3D('',#10763,#6986,#6987);
#6252=AXIS2_PLACEMENT_3D('',#10769,#6991,#6992);
#6253=AXIS2_PLACEMENT_3D('',#10775,#6996,#6997);
#6254=AXIS2_PLACEMENT_3D('',#10781,#7001,#7002);
#6255=AXIS2_PLACEMENT_3D('',#10787,#7006,#7007);
#6256=AXIS2_PLACEMENT_3D('',#10793,#7011,#7012);
#6257=AXIS2_PLACEMENT_3D('',#10799,#7016,#7017);
#6258=AXIS2_PLACEMENT_3D('',#10805,#7021,#7022);
#6259=AXIS2_PLACEMENT_3D('',#10811,#7026,#7027);
#6260=AXIS2_PLACEMENT_3D('',#10814,#7030,#7031);
#6261=AXIS2_PLACEMENT_3D('',#10894,#7037,#7038);
#6262=AXIS2_PLACEMENT_3D('',#10992,#7046,#7047);
#6263=AXIS2_PLACEMENT_3D('',#11091,#7054,#7055);
#6264=AXIS2_PLACEMENT_3D('',#11189,#7063,#7064);
#6265=AXIS2_PLACEMENT_3D('',#11241,#7070,#7071);
#6266=AXIS2_PLACEMENT_3D('',#11247,#7075,#7076);
#6267=AXIS2_PLACEMENT_3D('',#11253,#7080,#7081);
#6268=AXIS2_PLACEMENT_3D('',#11305,#7087,#7088);
#6269=AXIS2_PLACEMENT_3D('',#11380,#7095,#7096);
#6270=AXIS2_PLACEMENT_3D('',#11452,#7102,#7103);
#6271=AXIS2_PLACEMENT_3D('',#11453,#7104,#7105);
#6272=AXIS2_PLACEMENT_3D('',#11460,#7110,#7111);
#6273=AXIS2_PLACEMENT_3D('',#11464,#7113,#7114);
#6274=AXIS2_PLACEMENT_3D('',#11467,#7117,#7118);
#6275=AXIS2_PLACEMENT_3D('',#11468,#7119,#7120);
#6276=AXIS2_PLACEMENT_3D('',#11469,#7121,#7122);
#6277=AXIS2_PLACEMENT_3D('',#11473,#7124,#7125);
#6278=AXIS2_PLACEMENT_3D('',#11475,#7127,#7128);
#6279=AXIS2_PLACEMENT_3D('',#11476,#7129,#7130);
#6280=AXIS2_PLACEMENT_3D('',#11479,#7132,#7133);
#6281=AXIS2_PLACEMENT_3D('',#11485,#7134,#7135);
#6282=AXIS2_PLACEMENT_3D('',#11487,#7137,#7138);
#6283=AXIS2_PLACEMENT_3D('',#11491,#7140,#7141);
#6284=AXIS2_PLACEMENT_3D('',#11497,#7142,#7143);
#6285=AXIS2_PLACEMENT_3D('',#11500,#7145,#7146);
#6286=AXIS2_PLACEMENT_3D('',#11501,#7147,#7148);
#6287=AXIS2_PLACEMENT_3D('',#11504,#7150,#7151);
#6288=AXIS2_PLACEMENT_3D('',#11505,#7152,#7153);
#6289=AXIS2_PLACEMENT_3D('',#11508,#7155,#7156);
#6290=AXIS2_PLACEMENT_3D('',#11509,#7157,#7158);
#6291=AXIS2_PLACEMENT_3D('',#11510,#7159,#7160);
#6292=AXIS2_PLACEMENT_3D('',#11511,#7161,#7162);
#6293=AXIS2_PLACEMENT_3D('',#11512,#7163,#7164);
#6294=AXIS2_PLACEMENT_3D('',#11513,#7165,#7166);
#6295=AXIS2_PLACEMENT_3D('',#11514,#7167,#7168);
#6296=AXIS2_PLACEMENT_3D('',#11515,#7169,#7170);
#6297=AXIS2_PLACEMENT_3D('',#11516,#7171,#7172);
#6298=AXIS2_PLACEMENT_3D('',#11517,#7173,#7174);
#6299=AXIS2_PLACEMENT_3D('',#11518,#7175,#7176);
#6300=AXIS2_PLACEMENT_3D('',#11520,#7177,#7178);
#6301=AXIS2_PLACEMENT_3D('',#11522,#7180,#7181);
#6302=AXIS2_PLACEMENT_3D('',#11524,#7182,#7183);
#6303=AXIS2_PLACEMENT_3D('',#11525,#7184,#7185);
#6304=AXIS2_PLACEMENT_3D('',#11526,#7186,#7187);
#6305=AXIS2_PLACEMENT_3D('',#11527,#7188,#7189);
#6306=AXIS2_PLACEMENT_3D('',#11528,#7190,#7191);
#6307=AXIS2_PLACEMENT_3D('',#11564,#7192,#7193);
#6308=AXIS2_PLACEMENT_3D('',#11565,#7194,#7195);
#6309=AXIS2_PLACEMENT_3D('',#11566,#7196,#7197);
#6310=AXIS2_PLACEMENT_3D('',#11567,#7198,#7199);
#6311=AXIS2_PLACEMENT_3D('',#11569,#7200,#7201);
#6312=AXIS2_PLACEMENT_3D('',#11570,#7202,#7203);
#6313=AXIS2_PLACEMENT_3D('',#11571,#7204,#7205);
#6314=AXIS2_PLACEMENT_3D('',#11602,#7206,#7207);
#6315=AXIS2_PLACEMENT_3D('',#11603,#7208,#7209);
#6316=AXIS2_PLACEMENT_3D('',#11604,#7210,#7211);
#6317=AXIS2_PLACEMENT_3D('',#11670,#7212,#7213);
#6318=AXIS2_PLACEMENT_3D('',#11672,#7215,#7216);
#6319=AXIS2_PLACEMENT_3D('',#11674,#7218,#7219);
#6320=AXIS2_PLACEMENT_3D('',#11675,#7220,#7221);
#6321=AXIS2_PLACEMENT_3D('',#11676,#7222,#7223);
#6322=AXIS2_PLACEMENT_3D('',#11678,#7224,#7225);
#6323=AXIS2_PLACEMENT_3D('',#11680,#7226,#7227);
#6324=AXIS2_PLACEMENT_3D('',#11681,#7228,#7229);
#6325=AXIS2_PLACEMENT_3D('',#11682,#7230,#7231);
#6326=AXIS2_PLACEMENT_3D('',#11684,#7232,#7233);
#6327=AXIS2_PLACEMENT_3D('',#11686,#7235,#7236);
#6328=AXIS2_PLACEMENT_3D('',#11688,#7237,#7238);
#6329=AXIS2_PLACEMENT_3D('',#11689,#7239,#7240);
#6330=AXIS2_PLACEMENT_3D('',#11690,#7241,#7242);
#6331=AXIS2_PLACEMENT_3D('',#11692,#7243,#7244);
#6332=AXIS2_PLACEMENT_3D('',#11694,#7246,#7247);
#6333=AXIS2_PLACEMENT_3D('',#11696,#7248,#7249);
#6334=AXIS2_PLACEMENT_3D('',#11697,#7250,#7251);
#6335=AXIS2_PLACEMENT_3D('',#11698,#7252,#7253);
#6336=AXIS2_PLACEMENT_3D('',#11700,#7254,#7255);
#6337=AXIS2_PLACEMENT_3D('',#11702,#7257,#7258);
#6338=AXIS2_PLACEMENT_3D('',#11705,#7259,#7260);
#6339=AXIS2_PLACEMENT_3D('',#11706,#7261,#7262);
#6340=AXIS2_PLACEMENT_3D('',#11707,#7263,#7264);
#6341=AXIS2_PLACEMENT_3D('',#11708,#7265,#7266);
#6342=AXIS2_PLACEMENT_3D('',#11711,#7269,#7270);
#6343=AXIS2_PLACEMENT_3D('',#11713,#7272,#7273);
#6344=AXIS2_PLACEMENT_3D('',#11714,#7274,#7275);
#6345=AXIS2_PLACEMENT_3D('',#11715,#7276,#7277);
#6346=AXIS2_PLACEMENT_3D('',#11717,#7278,#7279);
#6347=AXIS2_PLACEMENT_3D('',#11719,#7280,#7281);
#6348=AXIS2_PLACEMENT_3D('',#11723,#7283,#7284);
#6349=AXIS2_PLACEMENT_3D('',#11726,#7286,#7287);
#6350=AXIS2_PLACEMENT_3D('',#11728,#7288,#7289);
#6351=AXIS2_PLACEMENT_3D('',#11730,#7290,#7291);
#6352=AXIS2_PLACEMENT_3D('',#11731,#7292,#7293);
#6353=AXIS2_PLACEMENT_3D('',#11733,#7294,#7295);
#6354=AXIS2_PLACEMENT_3D('',#11736,#7297,#7298);
#6355=AXIS2_PLACEMENT_3D('',#11737,#7299,#7300);
#6356=AXIS2_PLACEMENT_3D('',#11739,#7301,#7302);
#6357=AXIS2_PLACEMENT_3D('',#11741,#7304,#7305);
#6358=AXIS2_PLACEMENT_3D('',#11743,#7306,#7307);
#6359=AXIS2_PLACEMENT_3D('',#11745,#7309,#7310);
#6360=AXIS2_PLACEMENT_3D('',#11748,#7312,#7313);
#6361=AXIS2_PLACEMENT_3D('',#11749,#7314,#7315);
#6362=AXIS2_PLACEMENT_3D('',#11751,#7316,#7317);
#6363=AXIS2_PLACEMENT_3D('',#11753,#7319,#7320);
#6364=AXIS2_PLACEMENT_3D('',#11756,#7322,#7323);
#6365=AXIS2_PLACEMENT_3D('',#11757,#7324,#7325);
#6366=AXIS2_PLACEMENT_3D('',#11761,#7328,#7329);
#6367=AXIS2_PLACEMENT_3D('',#11762,#7330,#7331);
#6368=AXIS2_PLACEMENT_3D('',#11763,#7332,#7333);
#6369=AXIS2_PLACEMENT_3D('',#11764,#7334,#7335);
#6370=AXIS2_PLACEMENT_3D('',#11766,#7336,#7337);
#6371=AXIS2_PLACEMENT_3D('',#11769,#7339,#7340);
#6372=AXIS2_PLACEMENT_3D('',#11770,#7341,#7342);
#6373=AXIS2_PLACEMENT_3D('',#11773,#7344,#7345);
#6374=AXIS2_PLACEMENT_3D('',#11774,#7346,#7347);
#6375=AXIS2_PLACEMENT_3D('',#11775,#7348,#7349);
#6376=AXIS2_PLACEMENT_3D('',#11777,#7350,#7351);
#6377=AXIS2_PLACEMENT_3D('',#11780,#7353,#7354);
#6378=AXIS2_PLACEMENT_3D('',#11781,#7355,#7356);
#6379=AXIS2_PLACEMENT_3D('',#11782,#7357,#7358);
#6380=AXIS2_PLACEMENT_3D('',#11783,#7359,#7360);
#6381=AXIS2_PLACEMENT_3D('',#11784,#7361,#7362);
#6382=AXIS2_PLACEMENT_3D('',#11785,#7363,#7364);
#6383=AXIS2_PLACEMENT_3D('',#11787,#7365,#7366);
#6384=AXIS2_PLACEMENT_3D('',#11790,#7368,#7369);
#6385=AXIS2_PLACEMENT_3D('',#11791,#7370,#7371);
#6386=AXIS2_PLACEMENT_3D('',#11795,#7374,#7375);
#6387=AXIS2_PLACEMENT_3D('',#11799,#7378,#7379);
#6388=AXIS2_PLACEMENT_3D('',#11800,#7380,#7381);
#6389=AXIS2_PLACEMENT_3D('',#11801,#7382,#7383);
#6390=AXIS2_PLACEMENT_3D('',#11802,#7384,#7385);
#6391=AXIS2_PLACEMENT_3D('',#11803,#7386,#7387);
#6392=AXIS2_PLACEMENT_3D('',#11804,#7388,#7389);
#6393=AXIS2_PLACEMENT_3D('',#11807,#7390,#7391);
#6394=AXIS2_PLACEMENT_3D('',#11811,#7393,#7394);
#6395=AXIS2_PLACEMENT_3D('',#11813,#7396,#7397);
#6396=AXIS2_PLACEMENT_3D('',#11816,#7398,#7399);
#6397=AXIS2_PLACEMENT_3D('',#11817,#7400,#7401);
#6398=AXIS2_PLACEMENT_3D('',#11818,#7402,#7403);
#6399=AXIS2_PLACEMENT_3D('',#11819,#7404,#7405);
#6400=AXIS2_PLACEMENT_3D('',#11822,#7406,#7407);
#6401=AXIS2_PLACEMENT_3D('',#11825,#7410,#7411);
#6402=AXIS2_PLACEMENT_3D('',#11826,#7412,#7413);
#6403=AXIS2_PLACEMENT_3D('',#11827,#7414,#7415);
#6404=AXIS2_PLACEMENT_3D('',#11828,#7416,#7417);
#6405=AXIS2_PLACEMENT_3D('',#11832,#7419,#7420);
#6406=AXIS2_PLACEMENT_3D('',#11834,#7422,#7423);
#6407=AXIS2_PLACEMENT_3D('',#11838,#7426,#7427);
#6408=AXIS2_PLACEMENT_3D('',#11841,#7428,#7429);
#6409=AXIS2_PLACEMENT_3D('',#11845,#7431,#7432);
#6410=AXIS2_PLACEMENT_3D('',#11849,#7434,#7435);
#6411=AXIS2_PLACEMENT_3D('',#11853,#7437,#7438);
#6412=AXIS2_PLACEMENT_3D('',#11856,#7440,#7441);
#6413=AXIS2_PLACEMENT_3D('',#11858,#7442,#7443);
#6414=AXIS2_PLACEMENT_3D('',#11860,#7444,#7445);
#6415=AXIS2_PLACEMENT_3D('',#11861,#7446,#7447);
#6416=AXIS2_PLACEMENT_3D('',#11865,#7450,#7451);
#6417=AXIS2_PLACEMENT_3D('',#11866,#7452,#7453);
#6418=AXIS2_PLACEMENT_3D('',#11867,#7454,#7455);
#6419=AXIS2_PLACEMENT_3D('',#11877,#7460,#7461);
#6420=AXIS2_PLACEMENT_3D('',#11879,#7462,#7463);
#6421=AXIS2_PLACEMENT_3D('',#11881,#7464,#7465);
#6422=AXIS2_PLACEMENT_3D('',#11882,#7466,#7467);
#6423=AXIS2_PLACEMENT_3D('',#11888,#7471,#7472);
#6424=AXIS2_PLACEMENT_3D('',#11892,#7475,#7476);
#6425=AXIS2_PLACEMENT_3D('',#11894,#7477,#7478);
#6426=AXIS2_PLACEMENT_3D('',#11896,#7479,#7480);
#6427=AXIS2_PLACEMENT_3D('',#11897,#7481,#7482);
#6428=AXIS2_PLACEMENT_3D('',#11898,#7483,#7484);
#6429=AXIS2_PLACEMENT_3D('',#11900,#7485,#7486);
#6430=AXIS2_PLACEMENT_3D('',#11902,#7488,#7489);
#6431=AXIS2_PLACEMENT_3D('',#11904,#7490,#7491);
#6432=AXIS2_PLACEMENT_3D('',#11905,#7492,#7493);
#6433=AXIS2_PLACEMENT_3D('',#11906,#7494,#7495);
#6434=AXIS2_PLACEMENT_3D('',#11908,#7496,#7497);
#6435=AXIS2_PLACEMENT_3D('',#11910,#7499,#7500);
#6436=AXIS2_PLACEMENT_3D('',#11912,#7501,#7502);
#6437=AXIS2_PLACEMENT_3D('',#11913,#7503,#7504);
#6438=AXIS2_PLACEMENT_3D('',#11914,#7505,#7506);
#6439=AXIS2_PLACEMENT_3D('',#11916,#7507,#7508);
#6440=AXIS2_PLACEMENT_3D('',#11918,#7510,#7511);
#6441=AXIS2_PLACEMENT_3D('',#11920,#7512,#7513);
#6442=AXIS2_PLACEMENT_3D('',#11921,#7514,#7515);
#6443=AXIS2_PLACEMENT_3D('',#11922,#7516,#7517);
#6444=AXIS2_PLACEMENT_3D('',#11924,#7519,#7520);
#6445=AXIS2_PLACEMENT_3D('',#11930,#7524,#7525);
#6446=AXIS2_PLACEMENT_3D('',#11933,#7527,#7528);
#6447=AXIS2_PLACEMENT_3D('',#11934,#7529,#7530);
#6448=AXIS2_PLACEMENT_3D('',#11938,#7533,#7534);
#6449=AXIS2_PLACEMENT_3D('',#11941,#7536,#7537);
#6450=AXIS2_PLACEMENT_3D('',#11942,#7538,#7539);
#6451=AXIS2_PLACEMENT_3D('',#11946,#7541,#7542);
#6452=AXIS2_PLACEMENT_3D('',#11948,#7544,#7545);
#6453=AXIS2_PLACEMENT_3D('',#11952,#7548,#7549);
#6454=AXIS2_PLACEMENT_3D('',#11953,#7550,#7551);
#6455=AXIS2_PLACEMENT_3D('',#11954,#7552,#7553);
#6456=AXIS2_PLACEMENT_3D('',#11956,#7555,#7556);
#6457=AXIS2_PLACEMENT_3D('',#11959,#7558,#7559);
#6458=AXIS2_PLACEMENT_3D('',#11960,#7560,#7561);
#6459=AXIS2_PLACEMENT_3D('',#11962,#7563,#7564);
#6460=AXIS2_PLACEMENT_3D('',#11965,#7566,#7567);
#6461=AXIS2_PLACEMENT_3D('',#11966,#7568,#7569);
#6462=AXIS2_PLACEMENT_3D('',#11968,#7571,#7572);
#6463=AXIS2_PLACEMENT_3D('',#11971,#7574,#7575);
#6464=AXIS2_PLACEMENT_3D('',#11972,#7576,#7577);
#6465=AXIS2_PLACEMENT_3D('',#11974,#7579,#7580);
#6466=AXIS2_PLACEMENT_3D('',#11978,#7583,#7584);
#6467=AXIS2_PLACEMENT_3D('',#11980,#7586,#7587);
#6468=DIRECTION('axis',(0.,0.,1.));
#6469=DIRECTION('refdir',(1.,0.,0.));
#6470=DIRECTION('center_axis',(0.,-8.88178419700125E-16,-1.));
#6471=DIRECTION('ref_axis',(-1.,0.,0.));
#6472=DIRECTION('center_axis',(0.,8.88178419700125E-16,1.));
#6473=DIRECTION('ref_axis',(-0.707106781186547,-0.707106781186548,7.85046229341887E-16));
#6474=DIRECTION('',(8.04098134740442E-17,-1.,8.88178419700125E-16));
#6475=DIRECTION('center_axis',(0.,8.88178419700125E-16,1.));
#6476=DIRECTION('ref_axis',(-0.707106781186548,0.707106781186547,-7.8504622934189E-16));
#6477=DIRECTION('',(-1.,4.49454371600731E-41,-3.9919567349565E-56));
#6478=DIRECTION('center_axis',(0.,8.88178419700125E-16,1.));
#6479=DIRECTION('ref_axis',(0.707106781186548,0.707106781186548,-7.8504622934189E-16));
#6480=DIRECTION('',(4.49454371600731E-41,1.,-8.88178419700125E-16));
#6481=DIRECTION('center_axis',(0.,8.88178419700125E-16,1.));
#6482=DIRECTION('ref_axis',(0.707106781186546,-0.707106781186549,7.85046229341889E-16));
#6483=DIRECTION('',(1.,-1.15407798817584E-16,1.02502716374872E-31));
#6484=DIRECTION('',(-8.61537480148221E-17,1.,-8.88178419700125E-16));
#6485=DIRECTION('',(-1.,2.0888809110356E-16,-1.85529894650535E-31));
#6486=DIRECTION('',(-4.49454371600731E-41,-1.,8.88178419700125E-16));
#6487=DIRECTION('',(1.,-4.49454371600731E-41,3.9919567349565E-56));
#6488=DIRECTION('center_axis',(4.49454371600731E-41,1.,-1.53134210293125E-15));
#6489=DIRECTION('ref_axis',(1.,-4.49454371600731E-41,-1.46747363986453E-47));
#6490=DIRECTION('',(0.,-8.88178419700125E-16,-1.));
#6491=DIRECTION('center_axis',(-4.49454371600731E-41,-1.,1.53134210293125E-15));
#6492=DIRECTION('ref_axis',(0.707106781186549,0.,-0.707106781186546));
#6493=DIRECTION('',(1.,-4.49454371600731E-41,0.));
#6494=DIRECTION('center_axis',(4.49454371600731E-41,1.,-1.53134210293125E-15));
#6495=DIRECTION('ref_axis',(-0.605530070819495,0.,0.795822425754224));
#6496=DIRECTION('center_axis',(-4.49454371600731E-41,-1.,1.53134210293125E-15));
#6497=DIRECTION('ref_axis',(-1.,0.,0.));
#6498=DIRECTION('center_axis',(4.49454371600731E-41,1.,-1.53134210293125E-15));
#6499=DIRECTION('ref_axis',(0.854988909445375,0.,0.518646280932784));
#6500=DIRECTION('center_axis',(-4.49454371600731E-41,-1.,1.53134210293125E-15));
#6501=DIRECTION('ref_axis',(-0.707106781186547,0.,-0.707106781186548));
#6502=DIRECTION('',(0.,8.88178419700125E-16,1.));
#6503=DIRECTION('center_axis',(-1.,4.49454371600731E-41,1.46747363709418E-47));
#6504=DIRECTION('ref_axis',(4.49454371600731E-41,1.,-9.02056207507939E-16));
#6505=DIRECTION('',(0.,-8.88178419700125E-16,-1.));
#6506=DIRECTION('',(4.49454371600731E-41,1.,-9.02056207507939E-16));
#6507=DIRECTION('',(0.,9.0205620750794E-16,1.));
#6508=DIRECTION('',(-4.49454371600731E-41,-1.,9.02056207507939E-16));
#6509=DIRECTION('',(0.,0.,1.));
#6510=DIRECTION('',(0.,1.,0.));
#6511=DIRECTION('',(0.,-8.88178419700125E-16,-1.));
#6512=DIRECTION('',(-4.49454371600731E-41,-1.,0.));
#6513=DIRECTION('',(1.46747364208412E-47,1.11022302462516E-15,1.));
#6514=DIRECTION('',(4.49454371600731E-41,1.,0.));
#6515=DIRECTION('center_axis',(1.,-4.49454371600731E-41,4.98994591869562E-56));
#6516=DIRECTION('ref_axis',(4.49454371600731E-41,1.,-9.02056207507939E-16));
#6517=DIRECTION('',(0.,-1.11022302462516E-15,-1.));
#6518=DIRECTION('',(4.49454371600731E-41,1.,-1.11022302462516E-15));
#6519=DIRECTION('',(0.,1.11022302462516E-15,1.));
#6520=DIRECTION('center_axis',(0.,-1.11022302462516E-15,-1.));
#6521=DIRECTION('ref_axis',(0.707106781186548,0.707106781186548,-7.8504622934189E-16));
#6522=DIRECTION('',(1.46747364208412E-47,1.11022302462516E-15,1.));
#6523=DIRECTION('',(0.,-1.11022302462516E-15,-1.));
#6524=DIRECTION('',(1.46747364208412E-47,1.11022302462516E-15,1.));
#6525=DIRECTION('center_axis',(0.,1.11022302462516E-15,1.));
#6526=DIRECTION('ref_axis',(0.707106781186548,0.707106781186547,-7.97972798949333E-16));
#6527=DIRECTION('center_axis',(4.49454371600731E-41,1.,-1.11022302462516E-15));
#6528=DIRECTION('ref_axis',(-1.,4.49454371600731E-41,1.46747363986453E-47));
#6529=DIRECTION('',(0.,-1.11022302462516E-15,-1.));
#6530=DIRECTION('center_axis',(4.49454371600731E-41,1.,-1.11022302462516E-15));
#6531=DIRECTION('ref_axis',(-0.91044830779389,-4.59213634118648E-16,-0.413622870300039));
#6532=DIRECTION('center_axis',(-4.49454371600731E-41,-1.,1.11022302462516E-15));
#6533=DIRECTION('ref_axis',(0.854988909445375,5.75813042727784E-16,0.518646280932784));
#6534=DIRECTION('center_axis',(4.49454371600731E-41,1.,-1.11022302462516E-15));
#6535=DIRECTION('ref_axis',(-0.0161285254904624,-1.11007861444495E-15,-0.999869926873243));
#6536=DIRECTION('center_axis',(-4.49454371600731E-41,-1.,1.11022302462516E-15));
#6537=DIRECTION('ref_axis',(-0.605530070819495,8.83540380585384E-16,0.795822425754224));
#6538=DIRECTION('',(-1.,4.49454371600731E-41,0.));
#6539=DIRECTION('center_axis',(4.49454371600731E-41,1.,-1.11022302462516E-15));
#6540=DIRECTION('ref_axis',(0.707106781186549,-7.85046229341886E-16,-0.707106781186546));
#6541=DIRECTION('center_axis',(0.,-1.11022302462516E-15,-1.));
#6542=DIRECTION('ref_axis',(-0.707106781186548,0.707106781186547,-7.8504622934189E-16));
#6543=DIRECTION('',(0.,1.11022302462516E-15,1.));
#6544=DIRECTION('center_axis',(0.,1.11022302462516E-15,1.));
#6545=DIRECTION('ref_axis',(-0.707106781186548,0.707106781186547,-7.97972798949332E-16));
#6546=DIRECTION('',(0.,-1.11022302462516E-15,-1.));
#6547=DIRECTION('',(0.,1.11022302462516E-15,1.));
#6548=DIRECTION('center_axis',(2.0888809110356E-16,1.,-1.53134210293125E-15));
#6549=DIRECTION('ref_axis',(1.,-2.0888809110356E-16,1.8842879925445E-31));
#6550=DIRECTION('',(0.,-8.88178419700125E-16,-1.));
#6551=DIRECTION('',(1.,-2.0888809110356E-16,1.8842879925445E-31));
#6552=DIRECTION('',(0.,8.32667268468868E-16,1.));
#6553=DIRECTION('',(-1.,2.0888809110356E-16,-1.8842879925445E-31));
#6554=DIRECTION('',(0.,9.0205620750794E-16,1.));
#6555=DIRECTION('',(1.,-2.0888809110356E-16,1.8842879925445E-31));
#6556=DIRECTION('center_axis',(1.,8.61537480148221E-17,-1.31930861660427E-31));
#6557=DIRECTION('ref_axis',(8.61537480148221E-17,-1.,9.02056207507939E-16));
#6558=DIRECTION('',(8.61537480148221E-17,-1.,0.));
#6559=DIRECTION('',(-3.62809869566173E-32,-1.11022302462516E-15,-1.));
#6560=DIRECTION('',(-8.61537480148221E-17,1.,0.));
#6561=DIRECTION('',(0.,8.88178419700125E-16,1.));
#6562=DIRECTION('',(8.61537480148221E-17,-1.,9.02056207507939E-16));
#6563=DIRECTION('',(0.,0.,1.));
#6564=DIRECTION('',(-8.61537480148221E-17,1.,-9.02056207507939E-16));
#6565=DIRECTION('',(0.,8.32667268468868E-16,1.));
#6566=DIRECTION('',(8.61537480148221E-17,-1.,9.02056207507939E-16));
#6567=DIRECTION('center_axis',(-1.,-8.04098134740442E-17,8.9272826324698E-32));
#6568=DIRECTION('ref_axis',(8.04098134740442E-17,-1.,9.02056207507939E-16));
#6569=DIRECTION('',(0.,-1.11022302462516E-15,-1.));
#6570=DIRECTION('',(8.04098134740442E-17,-1.,1.11022302462516E-15));
#6571=DIRECTION('center_axis',(0.,-1.11022302462516E-15,-1.));
#6572=DIRECTION('ref_axis',(-0.707106781186547,-0.707106781186548,7.85046229341887E-16));
#6573=DIRECTION('',(0.,1.11022302462516E-15,1.));
#6574=DIRECTION('center_axis',(0.,1.11022302462516E-15,1.));
#6575=DIRECTION('ref_axis',(-0.707106781186547,-0.707106781186548,7.97972798949331E-16));
#6576=DIRECTION('',(0.,-1.,0.));
#6577=DIRECTION('',(0.,-1.,0.));
#6578=DIRECTION('center_axis',(1.,0.,0.));
#6579=DIRECTION('ref_axis',(0.,1.63088594372069E-87,1.));
#6580=DIRECTION('',(0.,1.11022302462516E-15,1.));
#6581=DIRECTION('',(0.,-1.,0.));
#6582=DIRECTION('',(0.,1.63088594372069E-87,1.));
#6583=DIRECTION('',(0.,-1.,0.));
#6584=DIRECTION('',(0.,-1.,0.));
#6585=DIRECTION('center_axis',(0.33357874093306,0.,-0.94272224095834));
#6586=DIRECTION('ref_axis',(0.94272224095834,5.44028879711777E-88,0.33357874093306));
#6587=DIRECTION('',(0.94272224095834,3.70346798709353E-16,0.33357874093306));
#6588=DIRECTION('',(0.,-1.,0.));
#6589=DIRECTION('',(0.94272224095834,5.44028879711776E-88,0.33357874093306));
#6590=DIRECTION('',(0.,-1.,0.));
#6591=DIRECTION('',(0.,-1.,0.));
#6592=DIRECTION('center_axis',(1.,0.,0.));
#6593=DIRECTION('ref_axis',(0.,1.63088594372072E-87,1.));
#6594=DIRECTION('',(0.,1.11022302462516E-15,1.));
#6595=DIRECTION('',(0.,-1.,0.));
#6596=DIRECTION('',(0.,1.63088594372072E-87,1.));
#6597=DIRECTION('',(0.,-1.,0.));
#6598=DIRECTION('',(0.,-1.,0.));
#6599=DIRECTION('',(0.,-1.,0.));
#6600=DIRECTION('',(0.,-1.,0.));
#6601=DIRECTION('center_axis',(0.767480870185045,0.,0.641071847689482));
#6602=DIRECTION('ref_axis',(-0.641071847689482,1.25167376325932E-87,0.767480870185045));
#6603=DIRECTION('',(-0.641071847689482,8.52074933038788E-16,0.767480870185045));
#6604=DIRECTION('',(0.,-1.,0.));
#6605=DIRECTION('',(-0.641071847689482,1.25167376325932E-87,0.767480870185045));
#6606=DIRECTION('',(0.,-1.,0.));
#6607=DIRECTION('',(0.,-1.,0.));
#6608=DIRECTION('',(0.,-1.,0.));
#6609=DIRECTION('',(0.,-1.,0.));
#6610=DIRECTION('',(0.,-1.,0.));
#6611=DIRECTION('center_axis',(-1.,0.,0.));
#6612=DIRECTION('ref_axis',(0.,-1.63088594372071E-87,-1.));
#6613=DIRECTION('',(0.,-1.11022302462516E-15,-1.));
#6614=DIRECTION('',(0.,-1.,0.));
#6615=DIRECTION('',(0.,-1.63088594372071E-87,-1.));
#6616=DIRECTION('',(0.,-1.,0.));
#6617=DIRECTION('',(0.,-1.,0.));
#6618=DIRECTION('center_axis',(-0.338197916991814,0.,0.941075007075631));
#6619=DIRECTION('ref_axis',(-0.941075007075631,-5.5156222901757E-88,-0.338197916991814));
#6620=DIRECTION('',(-0.941075007075631,-3.75475114324579E-16,-0.338197916991814));
#6621=DIRECTION('',(0.,-1.,0.));
#6622=DIRECTION('',(-0.941075007075631,-5.5156222901757E-88,-0.338197916991814));
#6623=DIRECTION('',(0.,-1.,0.));
#6624=DIRECTION('',(0.,-1.,0.));
#6625=DIRECTION('center_axis',(-1.,0.,0.));
#6626=DIRECTION('ref_axis',(0.,-1.63088594372073E-87,-1.));
#6627=DIRECTION('',(0.,-1.11022302462516E-15,-1.));
#6628=DIRECTION('',(0.,-1.,0.));
#6629=DIRECTION('',(0.,-1.63088594372073E-87,-1.));
#6630=DIRECTION('',(0.,-1.,0.));
#6631=DIRECTION('',(0.,-1.,0.));
#6632=DIRECTION('',(0.,-1.,0.));
#6633=DIRECTION('',(0.,-1.,0.));
#6634=DIRECTION('center_axis',(-0.758010602904247,0.,-0.652242229455238));
#6635=DIRECTION('ref_axis',(0.652242229455238,-1.23622883746779E-87,-0.758010602904247));
#6636=DIRECTION('',(0.652242229455238,-8.41560824254292E-16,-0.758010602904247));
#6637=DIRECTION('',(0.,-1.,0.));
#6638=DIRECTION('',(0.652242229455238,-1.23622883746779E-87,-0.758010602904247));
#6639=DIRECTION('',(0.,-1.,0.));
#6640=DIRECTION('',(0.,-1.,0.));
#6641=DIRECTION('center_axis',(0.,1.,0.));
#6642=DIRECTION('ref_axis',(-1.,0.,0.));
#6643=DIRECTION('',(0.,-1.,0.));
#6644=DIRECTION('',(0.,-1.,0.));
#6645=DIRECTION('',(0.,-1.,0.));
#6646=DIRECTION('',(0.,-1.,0.));
#6647=DIRECTION('',(0.,-1.,0.));
#6648=DIRECTION('center_axis',(1.,0.,0.));
#6649=DIRECTION('ref_axis',(0.,1.6308859437207E-87,1.));
#6650=DIRECTION('',(0.,1.11022302462516E-15,1.));
#6651=DIRECTION('',(0.,-1.,0.));
#6652=DIRECTION('',(0.,1.6308859437207E-87,1.));
#6653=DIRECTION('',(0.,-1.,0.));
#6654=DIRECTION('',(0.,-1.,0.));
#6655=DIRECTION('',(0.,-1.,0.));
#6656=DIRECTION('',(0.,-1.,0.));
#6657=DIRECTION('center_axis',(1.,0.,0.));
#6658=DIRECTION('ref_axis',(0.,1.6308859437207E-87,1.));
#6659=DIRECTION('',(0.,1.11022302462516E-15,1.));
#6660=DIRECTION('',(0.,-1.,0.));
#6661=DIRECTION('',(0.,1.6308859437207E-87,1.));
#6662=DIRECTION('',(0.,-1.,0.));
#6663=DIRECTION('',(0.,-1.,0.));
#6664=DIRECTION('',(0.,-1.,0.));
#6665=DIRECTION('center_axis',(-0.70710705235206,0.,0.707106510020932));
#6666=DIRECTION('ref_axis',(-0.707106510020932,-1.15321095238675E-87,-0.70710705235206));
#6667=DIRECTION('',(-0.707106510020932,-7.85046530396083E-16,-0.70710705235206));
#6668=DIRECTION('',(0.,-1.,0.));
#6669=DIRECTION('',(-0.707106510020932,-1.15321095238675E-87,-0.70710705235206));
#6670=DIRECTION('',(0.,-1.,0.));
#6671=DIRECTION('',(0.,-1.,0.));
#6672=DIRECTION('',(0.,-1.,0.));
#6673=DIRECTION('',(0.,-1.,0.));
#6674=DIRECTION('center_axis',(-1.,0.,0.));
#6675=DIRECTION('ref_axis',(0.,-1.63088594372069E-87,-1.));
#6676=DIRECTION('',(0.,-1.11022302462516E-15,-1.));
#6677=DIRECTION('',(0.,-1.,0.));
#6678=DIRECTION('',(0.,-1.63088594372069E-87,-1.));
#6679=DIRECTION('',(0.,-1.,0.));
#6680=DIRECTION('',(0.,-1.,0.));
#6681=DIRECTION('center_axis',(0.,0.,-1.));
#6682=DIRECTION('ref_axis',(1.,0.,0.));
#6683=DIRECTION('',(1.,-4.49454371600731E-41,0.));
#6684=DIRECTION('',(0.,-1.,0.));
#6685=DIRECTION('',(1.,0.,0.));
#6686=DIRECTION('center_axis',(-1.,0.,0.));
#6687=DIRECTION('ref_axis',(0.,-1.6308859437207E-87,-1.));
#6688=DIRECTION('',(0.,-1.11022302462516E-15,-1.));
#6689=DIRECTION('',(0.,-1.,0.));
#6690=DIRECTION('',(0.,-1.6308859437207E-87,-1.));
#6691=DIRECTION('center_axis',(0.,0.,1.));
#6692=DIRECTION('ref_axis',(-1.,0.,0.));
#6693=DIRECTION('',(-1.,4.49454371600731E-41,0.));
#6694=DIRECTION('',(0.,-1.,0.));
#6695=DIRECTION('',(-1.,0.,0.));
#6696=DIRECTION('',(0.,-1.,0.));
#6697=DIRECTION('',(0.,-1.,0.));
#6698=DIRECTION('center_axis',(-1.,0.,0.));
#6699=DIRECTION('ref_axis',(0.,-1.6308859437207E-87,-1.));
#6700=DIRECTION('',(0.,-1.11022302462516E-15,-1.));
#6701=DIRECTION('',(0.,-1.,0.));
#6702=DIRECTION('',(0.,-1.6308859437207E-87,-1.));
#6703=DIRECTION('',(0.,-1.,0.));
#6704=DIRECTION('',(0.,-1.,0.));
#6705=DIRECTION('',(0.,-1.,0.));
#6706=DIRECTION('center_axis',(-0.691398673131971,0.,-0.722473442274074));
#6707=DIRECTION('ref_axis',(0.722473442274074,-1.12759237751807E-87,-0.691398673131971));
#6708=DIRECTION('',(0.722473442274074,-7.67606726106397E-16,-0.691398673131971));
#6709=DIRECTION('',(0.,-1.,0.));
#6710=DIRECTION('',(0.722473442274074,-1.12759237751807E-87,-0.691398673131971));
#6711=DIRECTION('',(0.,-1.,0.));
#6712=DIRECTION('',(0.,-1.,0.));
#6713=DIRECTION('center_axis',(0.,1.,0.));
#6714=DIRECTION('ref_axis',(-1.,0.,0.));
#6715=DIRECTION('',(0.,-1.,0.));
#6716=DIRECTION('',(0.,-1.,0.));
#6717=DIRECTION('center_axis',(1.,0.,0.));
#6718=DIRECTION('ref_axis',(0.,1.63088594372069E-87,1.));
#6719=DIRECTION('',(0.,1.11022302462516E-15,1.));
#6720=DIRECTION('',(0.,-1.,0.));
#6721=DIRECTION('',(0.,1.63088594372069E-87,1.));
#6722=DIRECTION('',(0.,-1.,0.));
#6723=DIRECTION('',(0.,-1.,0.));
#6724=DIRECTION('center_axis',(0.33357933561041,0.,-0.942722030533772));
#6725=DIRECTION('ref_axis',(0.942722030533772,5.44029849562708E-88,0.33357933561041));
#6726=DIRECTION('',(0.942722030533772,3.70347458933839E-16,0.33357933561041));
#6727=DIRECTION('',(0.,-1.,0.));
#6728=DIRECTION('',(0.942722030533772,5.44029849562708E-88,0.33357933561041));
#6729=DIRECTION('',(0.,-1.,0.));
#6730=DIRECTION('',(0.,-1.,0.));
#6731=DIRECTION('center_axis',(1.,0.,0.));
#6732=DIRECTION('ref_axis',(0.,1.63088594372072E-87,1.));
#6733=DIRECTION('',(0.,1.11022302462516E-15,1.));
#6734=DIRECTION('',(0.,-1.,0.));
#6735=DIRECTION('',(0.,1.63088594372072E-87,1.));
#6736=DIRECTION('',(0.,-1.,0.));
#6737=DIRECTION('',(0.,-1.,0.));
#6738=DIRECTION('',(0.,-1.,0.));
#6739=DIRECTION('',(0.,-1.,0.));
#6740=DIRECTION('center_axis',(0.767480870185045,0.,0.641071847689482));
#6741=DIRECTION('ref_axis',(-0.641071847689482,1.25167376325932E-87,0.767480870185045));
#6742=DIRECTION('',(-0.641071847689482,8.52074933038788E-16,0.767480870185045));
#6743=DIRECTION('',(0.,-1.,0.));
#6744=DIRECTION('',(-0.641071847689482,1.25167376325932E-87,0.767480870185045));
#6745=DIRECTION('',(0.,-1.,0.));
#6746=DIRECTION('',(0.,-1.,0.));
#6747=DIRECTION('',(0.,-1.,0.));
#6748=DIRECTION('',(0.,-1.,0.));
#6749=DIRECTION('',(0.,-1.,0.));
#6750=DIRECTION('center_axis',(-1.,0.,0.));
#6751=DIRECTION('ref_axis',(0.,-1.63088594372071E-87,-1.));
#6752=DIRECTION('',(0.,-1.11022302462516E-15,-1.));
#6753=DIRECTION('',(0.,-1.,0.));
#6754=DIRECTION('',(0.,-1.63088594372071E-87,-1.));
#6755=DIRECTION('',(0.,-1.,0.));
#6756=DIRECTION('',(0.,-1.,0.));
#6757=DIRECTION('center_axis',(-0.338197611895364,0.,0.941075116719315));
#6758=DIRECTION('ref_axis',(-0.941075116719315,-5.51561731440059E-88,-0.338197611895364));
#6759=DIRECTION('',(-0.941075116719315,-3.75474775599476E-16,-0.338197611895364));
#6760=DIRECTION('',(0.,-1.,0.));
#6761=DIRECTION('',(-0.941075116719315,-5.51561731440059E-88,-0.338197611895364));
#6762=DIRECTION('',(0.,-1.,0.));
#6763=DIRECTION('',(0.,-1.,0.));
#6764=DIRECTION('center_axis',(-1.,0.,0.));
#6765=DIRECTION('ref_axis',(0.,-1.63088594372073E-87,-1.));
#6766=DIRECTION('',(0.,-1.11022302462516E-15,-1.));
#6767=DIRECTION('',(0.,-1.,0.));
#6768=DIRECTION('',(0.,-1.63088594372073E-87,-1.));
#6769=DIRECTION('',(0.,-1.,0.));
#6770=DIRECTION('',(0.,-1.,0.));
#6771=DIRECTION('',(0.,-1.,0.));
#6772=DIRECTION('',(0.,-1.,0.));
#6773=DIRECTION('center_axis',(-0.758010318812044,0.,-0.652242559616024));
#6774=DIRECTION('ref_axis',(0.652242559616024,-1.23622837414581E-87,-0.758010318812044));
#6775=DIRECTION('',(0.652242559616024,-8.41560508848587E-16,-0.758010318812044));
#6776=DIRECTION('',(0.,-1.,0.));
#6777=DIRECTION('',(0.652242559616024,-1.23622837414581E-87,-0.758010318812044));
#6778=DIRECTION('',(0.,-1.,0.));
#6779=DIRECTION('',(0.,-1.,0.));
#6780=DIRECTION('center_axis',(0.,1.,0.));
#6781=DIRECTION('ref_axis',(-1.,0.,0.));
#6782=DIRECTION('',(0.,-1.,0.));
#6783=DIRECTION('',(0.,-1.,0.));
#6784=DIRECTION('',(0.,-1.,0.));
#6785=DIRECTION('',(0.,-1.,0.));
#6786=DIRECTION('center_axis',(-1.,0.,0.));
#6787=DIRECTION('ref_axis',(0.,-1.6308859437207E-87,-1.));
#6788=DIRECTION('',(0.,-1.11022302462516E-15,-1.));
#6789=DIRECTION('',(0.,-1.,0.));
#6790=DIRECTION('',(0.,-1.6308859437207E-87,-1.));
#6791=DIRECTION('',(0.,-1.,0.));
#6792=DIRECTION('',(0.,-1.,0.));
#6793=DIRECTION('',(0.,-1.,0.));
#6794=DIRECTION('',(0.,-1.,0.));
#6795=DIRECTION('center_axis',(1.,0.,0.));
#6796=DIRECTION('ref_axis',(0.,1.6308859437207E-87,1.));
#6797=DIRECTION('',(0.,1.11022302462516E-15,1.));
#6798=DIRECTION('',(0.,-1.,0.));
#6799=DIRECTION('',(0.,1.6308859437207E-87,1.));
#6800=DIRECTION('',(0.,-1.,0.));
#6801=DIRECTION('',(0.,-1.,0.));
#6802=DIRECTION('',(0.,-1.,0.));
#6803=DIRECTION('',(0.,-1.,0.));
#6804=DIRECTION('center_axis',(-1.,0.,0.));
#6805=DIRECTION('ref_axis',(0.,-1.6308859437207E-87,-1.));
#6806=DIRECTION('',(0.,-1.11022302462516E-15,-1.));
#6807=DIRECTION('',(0.,-1.,0.));
#6808=DIRECTION('',(0.,-1.6308859437207E-87,-1.));
#6809=DIRECTION('',(0.,-1.,0.));
#6810=DIRECTION('',(0.,-1.,0.));
#6811=DIRECTION('',(0.,-1.,0.));
#6812=DIRECTION('',(0.,-1.,0.));
#6813=DIRECTION('',(0.,-1.,0.));
#6814=DIRECTION('',(0.,-1.,0.));
#6815=DIRECTION('center_axis',(1.,0.,0.));
#6816=DIRECTION('ref_axis',(0.,1.6308859437207E-87,1.));
#6817=DIRECTION('',(0.,1.11022302462516E-15,1.));
#6818=DIRECTION('',(0.,-1.,0.));
#6819=DIRECTION('',(0.,1.6308859437207E-87,1.));
#6820=DIRECTION('',(0.,-1.,0.));
#6821=DIRECTION('',(0.,-1.,0.));
#6822=DIRECTION('center_axis',(0.,1.,0.));
#6823=DIRECTION('ref_axis',(-1.,0.,0.));
#6824=DIRECTION('',(0.,-1.,0.));
#6825=DIRECTION('',(0.,-1.,0.));
#6826=DIRECTION('',(0.,-1.,0.));
#6827=DIRECTION('',(0.,-1.,0.));
#6828=DIRECTION('center_axis',(-1.,0.,0.));
#6829=DIRECTION('ref_axis',(0.,-1.6308859437207E-87,-1.));
#6830=DIRECTION('',(0.,-1.11022302462516E-15,-1.));
#6831=DIRECTION('',(0.,-1.,0.));
#6832=DIRECTION('',(0.,-1.6308859437207E-87,-1.));
#6833=DIRECTION('',(0.,-1.,0.));
#6834=DIRECTION('',(0.,-1.,0.));
#6835=DIRECTION('',(0.,-1.,0.));
#6836=DIRECTION('',(0.,-1.,0.));
#6837=DIRECTION('center_axis',(1.,0.,0.));
#6838=DIRECTION('ref_axis',(0.,1.6308859437207E-87,1.));
#6839=DIRECTION('',(0.,1.11022302462516E-15,1.));
#6840=DIRECTION('',(0.,-1.,0.));
#6841=DIRECTION('',(0.,1.6308859437207E-87,1.));
#6842=DIRECTION('',(0.,-1.,0.));
#6843=DIRECTION('',(0.,-1.,0.));
#6844=DIRECTION('',(0.,-1.,0.));
#6845=DIRECTION('',(0.,-1.,0.));
#6846=DIRECTION('center_axis',(-1.,0.,0.));
#6847=DIRECTION('ref_axis',(0.,-1.6308859437207E-87,-1.));
#6848=DIRECTION('',(0.,-1.11022302462516E-15,-1.));
#6849=DIRECTION('',(0.,-1.,0.));
#6850=DIRECTION('',(0.,-1.6308859437207E-87,-1.));
#6851=DIRECTION('',(0.,-1.,0.));
#6852=DIRECTION('',(0.,-1.,0.));
#6853=DIRECTION('',(0.,-1.,0.));
#6854=DIRECTION('',(0.,-1.,0.));
#6855=DIRECTION('',(0.,-1.,0.));
#6856=DIRECTION('',(0.,-1.,0.));
#6857=DIRECTION('center_axis',(1.,0.,0.));
#6858=DIRECTION('ref_axis',(0.,1.6308859437207E-87,1.));
#6859=DIRECTION('',(0.,1.11022302462516E-15,1.));
#6860=DIRECTION('',(0.,-1.,0.));
#6861=DIRECTION('',(0.,1.6308859437207E-87,1.));
#6862=DIRECTION('',(0.,-1.,0.));
#6863=DIRECTION('',(0.,-1.,0.));
#6864=DIRECTION('center_axis',(0.,1.,0.));
#6865=DIRECTION('ref_axis',(-1.,0.,0.));
#6866=DIRECTION('center_axis',(-0.990644684962105,0.,-0.136466509284633));
#6867=DIRECTION('ref_axis',(0.136466509284633,-1.61562849192632E-87,-0.990644684962104));
#6868=DIRECTION('',(0.136466509284633,-1.09983653846746E-15,-0.990644684962104));
#6869=DIRECTION('',(0.,-1.,0.));
#6870=DIRECTION('',(0.136466509284633,-1.61562849192632E-87,-0.990644684962104));
#6871=DIRECTION('',(0.,-1.,0.));
#6872=DIRECTION('center_axis',(0.977802352203973,0.,-0.209529377473369));
#6873=DIRECTION('ref_axis',(0.209529377473369,1.5946841119465E-87,0.977802352203973));
#6874=DIRECTION('',(0.209529377473369,1.08557868494949E-15,0.977802352203973));
#6875=DIRECTION('',(0.,-1.,0.));
#6876=DIRECTION('',(0.209529377473369,1.5946841119465E-87,0.977802352203973));
#6877=DIRECTION('center_axis',(0.,0.,-1.));
#6878=DIRECTION('ref_axis',(1.,0.,0.));
#6879=DIRECTION('',(1.,-4.49454371600731E-41,0.));
#6880=DIRECTION('',(0.,-1.,0.));
#6881=DIRECTION('',(1.,0.,0.));
#6882=DIRECTION('center_axis',(-0.978310781113148,0.,-0.20714250060715));
#6883=DIRECTION('ref_axis',(0.20714250060715,-1.59551330150785E-87,-0.978310781113148));
#6884=DIRECTION('',(0.20714250060715,-1.08614315443084E-15,-0.978310781113148));
#6885=DIRECTION('',(0.,-1.,0.));
#6886=DIRECTION('',(0.20714250060715,-1.59551330150785E-87,-0.978310781113148));
#6887=DIRECTION('center_axis',(0.989949434392075,0.,-0.141421771120327));
#6888=DIRECTION('ref_axis',(0.141421771120327,1.6144946175443E-87,0.989949434392075));
#6889=DIRECTION('',(0.141421771120327,1.09906465527673E-15,0.989949434392075));
#6890=DIRECTION('',(0.,-1.,0.));
#6891=DIRECTION('',(0.141421771120327,1.6144946175443E-87,0.989949434392075));
#6892=DIRECTION('center_axis',(0.,0.,-1.));
#6893=DIRECTION('ref_axis',(1.,0.,0.));
#6894=DIRECTION('',(1.,-4.49454371600731E-41,0.));
#6895=DIRECTION('',(0.,-1.,0.));
#6896=DIRECTION('',(1.,0.,0.));
#6897=DIRECTION('center_axis',(-0.976101770209103,0.,0.217313907043834));
#6898=DIRECTION('ref_axis',(-0.217313907043834,-1.59191065667492E-87,-0.976101770209103));
#6899=DIRECTION('',(-0.217313907043834,-1.08369065966352E-15,-0.976101770209103));
#6900=DIRECTION('',(0.,-1.,0.));
#6901=DIRECTION('',(-0.217313907043834,-1.59191065667492E-87,-0.976101770209103));
#6902=DIRECTION('center_axis',(0.,0.,1.));
#6903=DIRECTION('ref_axis',(-1.,0.,0.));
#6904=DIRECTION('',(-1.,4.49454371600731E-41,0.));
#6905=DIRECTION('',(0.,-1.,0.));
#6906=DIRECTION('',(-1.,0.,0.));
#6907=DIRECTION('center_axis',(0.977688441925786,0.,0.210060254509816));
#6908=DIRECTION('ref_axis',(-0.210060254509816,1.59449833727496E-87,0.977688441925786));
#6909=DIRECTION('',(-0.210060254509816,1.0854522191359E-15,0.977688441925786));
#6910=DIRECTION('',(0.,-1.,0.));
#6911=DIRECTION('',(-0.210060254509816,1.59449833727496E-87,0.977688441925786));
#6912=DIRECTION('center_axis',(-0.97821821587649,0.,0.207579194832762));
#6913=DIRECTION('ref_axis',(-0.207579194832762,-1.59536233816451E-87,-0.97821821587649));
#6914=DIRECTION('',(-0.207579194832762,-1.08604038637382E-15,-0.97821821587649));
#6915=DIRECTION('',(0.,-1.,0.));
#6916=DIRECTION('',(-0.207579194832762,-1.59536233816451E-87,-0.978218215876489));
#6917=DIRECTION('center_axis',(0.,0.,1.));
#6918=DIRECTION('ref_axis',(-1.,0.,0.));
#6919=DIRECTION('',(-1.,4.49454371600731E-41,0.));
#6920=DIRECTION('',(0.,-1.,0.));
#6921=DIRECTION('',(-1.,0.,0.));
#6922=DIRECTION('center_axis',(0.976864679792592,0.,0.213858358204017));
#6923=DIRECTION('ref_axis',(-0.213858358204017,1.59315487519096E-87,0.976864679792592));
#6924=DIRECTION('',(-0.213858358204017,1.08453765944882E-15,0.976864679792592));
#6925=DIRECTION('',(0.,-1.,0.));
#6926=DIRECTION('',(-0.213858358204017,1.59315487519096E-87,0.976864679792592));
#6927=DIRECTION('center_axis',(0.,0.,-1.));
#6928=DIRECTION('ref_axis',(1.,0.,0.));
#6929=DIRECTION('',(1.,-4.49454371600731E-41,0.));
#6930=DIRECTION('',(1.,0.,0.));
#6931=DIRECTION('center_axis',(0.,-1.,0.));
#6932=DIRECTION('ref_axis',(0.,0.,-1.));
#6933=DIRECTION('center_axis',(1.,0.,0.));
#6934=DIRECTION('ref_axis',(0.,1.6308859437207E-87,1.));
#6935=DIRECTION('',(0.,1.11022302462516E-15,1.));
#6936=DIRECTION('',(0.,-1.,0.));
#6937=DIRECTION('',(0.,1.6308859437207E-87,1.));
#6938=DIRECTION('',(0.,-1.,0.));
#6939=DIRECTION('center_axis',(0.,0.,-1.));
#6940=DIRECTION('ref_axis',(1.,0.,0.));
#6941=DIRECTION('',(1.,-4.49454371600731E-41,0.));
#6942=DIRECTION('',(0.,-1.,0.));
#6943=DIRECTION('',(1.,0.,0.));
#6944=DIRECTION('center_axis',(-1.,0.,0.));
#6945=DIRECTION('ref_axis',(0.,-1.6308859437207E-87,-1.));
#6946=DIRECTION('',(0.,-1.11022302462516E-15,-1.));
#6947=DIRECTION('',(0.,-1.,0.));
#6948=DIRECTION('',(0.,-1.6308859437207E-87,-1.));
#6949=DIRECTION('center_axis',(0.,0.,1.));
#6950=DIRECTION('ref_axis',(-1.,0.,0.));
#6951=DIRECTION('',(-1.,4.49454371600731E-41,0.));
#6952=DIRECTION('',(0.,-1.,0.));
#6953=DIRECTION('',(-1.,0.,0.));
#6954=DIRECTION('center_axis',(1.,0.,0.));
#6955=DIRECTION('ref_axis',(0.,1.6308859437207E-87,1.));
#6956=DIRECTION('',(0.,1.11022302462516E-15,1.));
#6957=DIRECTION('',(0.,-1.,0.));
#6958=DIRECTION('',(0.,1.6308859437207E-87,1.));
#6959=DIRECTION('center_axis',(0.,0.,-1.));
#6960=DIRECTION('ref_axis',(1.,0.,0.));
#6961=DIRECTION('',(1.,-4.49454371600731E-41,0.));
#6962=DIRECTION('',(1.,0.,0.));
#6963=DIRECTION('center_axis',(0.,-1.,0.));
#6964=DIRECTION('ref_axis',(0.,0.,-1.));
#6965=DIRECTION('center_axis',(-0.990644684962105,0.,-0.136466509284633));
#6966=DIRECTION('ref_axis',(0.136466509284633,-1.61562849192632E-87,-0.990644684962104));
#6967=DIRECTION('',(0.136466509284633,-1.09983653846746E-15,-0.990644684962104));
#6968=DIRECTION('',(0.,-1.,0.));
#6969=DIRECTION('',(0.136466509284633,-1.61562849192632E-87,-0.990644684962104));
#6970=DIRECTION('',(0.,-1.,0.));
#6971=DIRECTION('center_axis',(0.977802418836901,0.,-0.20952906651991));
#6972=DIRECTION('ref_axis',(0.20952906651991,1.59468422061721E-87,0.977802418836901));
#6973=DIRECTION('',(0.20952906651991,1.0855787589269E-15,0.977802418836901));
#6974=DIRECTION('',(0.,-1.,0.));
#6975=DIRECTION('',(0.20952906651991,1.59468422061721E-87,0.977802418836901));
#6976=DIRECTION('center_axis',(0.,0.,-1.));
#6977=DIRECTION('ref_axis',(1.,0.,0.));
#6978=DIRECTION('',(1.,-4.49454371600731E-41,0.));
#6979=DIRECTION('',(0.,-1.,0.));
#6980=DIRECTION('',(1.,0.,0.));
#6981=DIRECTION('center_axis',(-0.978310847055542,0.,-0.207142189168379));
#6982=DIRECTION('ref_axis',(0.207142189168379,-1.59551340905238E-87,-0.978310847055542));
#6983=DIRECTION('',(0.207142189168379,-1.0861432276416E-15,-0.978310847055542));
#6984=DIRECTION('',(0.,-1.,0.));
#6985=DIRECTION('',(0.207142189168379,-1.59551340905238E-87,-0.978310847055542));
#6986=DIRECTION('center_axis',(0.989949480490272,0.,-0.141421448433542));
#6987=DIRECTION('ref_axis',(0.141421448433542,1.6144946927252E-87,0.989949480490272));
#6988=DIRECTION('',(0.141421448433542,1.09906470645601E-15,0.989949480490272));
#6989=DIRECTION('',(0.,-1.,0.));
#6990=DIRECTION('',(0.141421448433542,1.6144946927252E-87,0.989949480490272));
#6991=DIRECTION('center_axis',(0.,0.,-1.));
#6992=DIRECTION('ref_axis',(1.,0.,0.));
#6993=DIRECTION('',(1.,-4.49454371600731E-41,0.));
#6994=DIRECTION('',(0.,-1.,0.));
#6995=DIRECTION('',(1.,0.,0.));
#6996=DIRECTION('center_axis',(-0.976101770209103,0.,0.217313907043834));
#6997=DIRECTION('ref_axis',(-0.217313907043834,-1.59191065667492E-87,-0.976101770209103));
#6998=DIRECTION('',(-0.217313907043834,-1.08369065966352E-15,-0.976101770209103));
#6999=DIRECTION('',(0.,-1.,0.));
#7000=DIRECTION('',(-0.217313907043834,-1.59191065667492E-87,-0.976101770209103));
#7001=DIRECTION('center_axis',(0.,0.,1.));
#7002=DIRECTION('ref_axis',(-1.,0.,0.));
#7003=DIRECTION('',(-1.,4.49454371600731E-41,0.));
#7004=DIRECTION('',(0.,-1.,0.));
#7005=DIRECTION('',(-1.,0.,0.));
#7006=DIRECTION('center_axis',(0.977688441925786,0.,0.210060254509816));
#7007=DIRECTION('ref_axis',(-0.210060254509816,1.59449833727496E-87,0.977688441925786));
#7008=DIRECTION('',(-0.210060254509816,1.0854522191359E-15,0.977688441925786));
#7009=DIRECTION('',(0.,-1.,0.));
#7010=DIRECTION('',(-0.210060254509816,1.59449833727496E-87,0.977688441925786));
#7011=DIRECTION('center_axis',(-0.978218147178755,0.,0.207579518570988));
#7012=DIRECTION('ref_axis',(-0.207579518570988,-1.59536222612634E-87,-0.978218147178755));
#7013=DIRECTION('',(-0.207579518570988,-1.08604031010401E-15,-0.978218147178755));
#7014=DIRECTION('',(0.,-1.,0.));
#7015=DIRECTION('',(-0.207579518570988,-1.59536222612634E-87,-0.978218147178755));
#7016=DIRECTION('center_axis',(0.,0.,1.));
#7017=DIRECTION('ref_axis',(-1.,0.,0.));
#7018=DIRECTION('',(-1.,4.49454371600731E-41,0.));
#7019=DIRECTION('',(0.,-1.,0.));
#7020=DIRECTION('',(-1.,0.,0.));
#7021=DIRECTION('center_axis',(0.976864531692161,0.,0.213859034697754));
#7022=DIRECTION('ref_axis',(-0.213859034697754,1.59315463365605E-87,0.976864531692161));
#7023=DIRECTION('',(-0.213859034697754,1.08453749502431E-15,0.976864531692161));
#7024=DIRECTION('',(0.,-1.,0.));
#7025=DIRECTION('',(-0.213859034697754,1.59315463365605E-87,0.976864531692161));
#7026=DIRECTION('center_axis',(0.,0.,-1.));
#7027=DIRECTION('ref_axis',(1.,0.,0.));
#7028=DIRECTION('',(1.,-4.49454371600731E-41,0.));
#7029=DIRECTION('',(1.,0.,0.));
#7030=DIRECTION('center_axis',(0.,-1.,0.));
#7031=DIRECTION('ref_axis',(0.,0.,-1.));
#7032=DIRECTION('',(0.,-1.,0.));
#7033=DIRECTION('',(0.,-1.,0.));
#7034=DIRECTION('',(0.,-1.,0.));
#7035=DIRECTION('',(0.,-1.,0.));
#7036=DIRECTION('',(0.,-1.,0.));
#7037=DIRECTION('center_axis',(1.,0.,0.));
#7038=DIRECTION('ref_axis',(0.,1.6308859437207E-87,1.));
#7039=DIRECTION('',(0.,1.11022302462516E-15,1.));
#7040=DIRECTION('',(0.,-1.,0.));
#7041=DIRECTION('',(0.,1.6308859437207E-87,1.));
#7042=DIRECTION('',(0.,-1.,0.));
#7043=DIRECTION('',(0.,-1.,0.));
#7044=DIRECTION('',(0.,-1.,0.));
#7045=DIRECTION('',(0.,-1.,0.));
#7046=DIRECTION('center_axis',(1.,0.,0.));
#7047=DIRECTION('ref_axis',(0.,1.6308859437207E-87,1.));
#7048=DIRECTION('',(0.,1.11022302462516E-15,1.));
#7049=DIRECTION('',(0.,-1.,0.));
#7050=DIRECTION('',(0.,1.6308859437207E-87,1.));
#7051=DIRECTION('',(0.,-1.,0.));
#7052=DIRECTION('',(0.,-1.,0.));
#7053=DIRECTION('',(0.,-1.,0.));
#7054=DIRECTION('center_axis',(-0.707106679499507,0.,0.707106882873573));
#7055=DIRECTION('ref_axis',(-0.707106882873573,-1.15321034430677E-87,-0.707106679499507));
#7056=DIRECTION('',(-0.707106882873573,-7.85046116446594E-16,-0.707106679499507));
#7057=DIRECTION('',(0.,-1.,0.));
#7058=DIRECTION('',(-0.707106882873573,-1.15321034430677E-87,-0.707106679499507));
#7059=DIRECTION('',(0.,-1.,0.));
#7060=DIRECTION('',(0.,-1.,0.));
#7061=DIRECTION('',(0.,-1.,0.));
#7062=DIRECTION('',(0.,-1.,0.));
#7063=DIRECTION('center_axis',(-1.,0.,0.));
#7064=DIRECTION('ref_axis',(0.,-1.63088594372069E-87,-1.));
#7065=DIRECTION('',(0.,-1.11022302462516E-15,-1.));
#7066=DIRECTION('',(0.,-1.,0.));
#7067=DIRECTION('',(0.,-1.63088594372069E-87,-1.));
#7068=DIRECTION('',(0.,-1.,0.));
#7069=DIRECTION('',(0.,-1.,0.));
#7070=DIRECTION('center_axis',(0.,0.,-1.));
#7071=DIRECTION('ref_axis',(1.,0.,0.));
#7072=DIRECTION('',(1.,-4.49454371600731E-41,0.));
#7073=DIRECTION('',(0.,-1.,0.));
#7074=DIRECTION('',(1.,0.,0.));
#7075=DIRECTION('center_axis',(-1.,0.,0.));
#7076=DIRECTION('ref_axis',(0.,-1.6308859437207E-87,-1.));
#7077=DIRECTION('',(0.,-1.11022302462516E-15,-1.));
#7078=DIRECTION('',(0.,-1.,0.));
#7079=DIRECTION('',(0.,-1.6308859437207E-87,-1.));
#7080=DIRECTION('center_axis',(0.,0.,1.));
#7081=DIRECTION('ref_axis',(-1.,0.,0.));
#7082=DIRECTION('',(-1.,4.49454371600731E-41,0.));
#7083=DIRECTION('',(0.,-1.,0.));
#7084=DIRECTION('',(-1.,0.,0.));
#7085=DIRECTION('',(0.,-1.,0.));
#7086=DIRECTION('',(0.,-1.,0.));
#7087=DIRECTION('center_axis',(-1.,0.,0.));
#7088=DIRECTION('ref_axis',(0.,-1.6308859437207E-87,-1.));
#7089=DIRECTION('',(0.,-1.11022302462516E-15,-1.));
#7090=DIRECTION('',(0.,-1.,0.));
#7091=DIRECTION('',(0.,-1.6308859437207E-87,-1.));
#7092=DIRECTION('',(0.,-1.,0.));
#7093=DIRECTION('',(0.,-1.,0.));
#7094=DIRECTION('',(0.,-1.,0.));
#7095=DIRECTION('center_axis',(-0.691398997263392,0.,-0.722473132083938));
#7096=DIRECTION('ref_axis',(0.722473132083938,-1.12759290613945E-87,-0.691398997263392));
#7097=DIRECTION('',(0.722473132083938,-7.67607085964564E-16,-0.691398997263392));
#7098=DIRECTION('',(0.,-1.,0.));
#7099=DIRECTION('',(0.722473132083938,-1.12759290613945E-87,-0.691398997263392));
#7100=DIRECTION('',(0.,-1.,0.));
#7101=DIRECTION('',(0.,-1.,0.));
#7102=DIRECTION('center_axis',(0.,1.,0.));
#7103=DIRECTION('ref_axis',(-1.,0.,0.));
#7104=DIRECTION('center_axis',(-1.,4.49454371600731E-41,0.));
#7105=DIRECTION('ref_axis',(0.,0.70710678118654,-0.707106781186555));
#7106=DIRECTION('',(1.,-4.49454371600731E-41,0.));
#7107=DIRECTION('',(1.,-4.49454371600731E-41,0.));
#7108=DIRECTION('',(1.,-4.49454371600731E-41,0.));
#7109=DIRECTION('',(1.,-4.49454371600731E-41,0.));
#7110=DIRECTION('center_axis',(1.,0.,0.));
#7111=DIRECTION('ref_axis',(0.,0.,-1.));
#7112=DIRECTION('',(-1.,4.49454371600731E-41,0.));
#7113=DIRECTION('center_axis',(1.,0.,-5.55111512312578E-16));
#7114=DIRECTION('ref_axis',(-5.55111512312578E-16,0.,-1.));
#7115=DIRECTION('',(1.,-4.49454371600731E-41,0.));
#7116=DIRECTION('',(1.,-4.49454371600731E-41,0.));
#7117=DIRECTION('center_axis',(4.49454371600731E-41,1.,-1.11022302462516E-15));
#7118=DIRECTION('ref_axis',(-1.,4.49454371600731E-41,1.46747363986453E-47));
#7119=DIRECTION('center_axis',(4.49454371600731E-41,1.,-1.11022302462516E-15));
#7120=DIRECTION('ref_axis',(-1.,4.49454371600731E-41,1.46747363986453E-47));
#7121=DIRECTION('center_axis',(4.49454371600731E-41,1.,-1.53134210293125E-15));
#7122=DIRECTION('ref_axis',(1.,-4.49454371600731E-41,-1.46747363986453E-47));
#7123=DIRECTION('',(-1.,4.49454371600731E-41,0.));
#7124=DIRECTION('center_axis',(-4.49454371600731E-41,-1.,1.53134210293125E-15));
#7125=DIRECTION('ref_axis',(0.707106781186549,0.,0.707106781186546));
#7126=DIRECTION('',(1.,-4.49454371600731E-41,-1.46747363986453E-47));
#7127=DIRECTION('center_axis',(-4.49454371600731E-41,-1.,1.53134210293125E-15));
#7128=DIRECTION('ref_axis',(-0.707106781186547,0.,0.707106781186548));
#7129=DIRECTION('center_axis',(-4.49454371600731E-41,-1.,0.));
#7130=DIRECTION('ref_axis',(0.707106781186549,0.,0.707106781186546));
#7131=DIRECTION('',(4.49454371600731E-41,1.,0.));
#7132=DIRECTION('center_axis',(-4.49454371600731E-41,-1.,1.11022302462516E-15));
#7133=DIRECTION('ref_axis',(0.707106781186549,7.97972798949329E-16,0.707106781186546));
#7134=DIRECTION('center_axis',(0.,0.,1.));
#7135=DIRECTION('ref_axis',(-1.,0.,0.));
#7136=DIRECTION('',(8.61537480148221E-17,-1.,0.));
#7137=DIRECTION('center_axis',(8.61537480148221E-17,-1.,0.));
#7138=DIRECTION('ref_axis',(-0.707106781186547,0.,-0.707106781186548));
#7139=DIRECTION('',(8.61537480148221E-17,-1.,0.));
#7140=DIRECTION('center_axis',(-4.49454371600731E-41,-1.,1.11022302462516E-15));
#7141=DIRECTION('ref_axis',(-0.91044830779389,-4.5102810375397E-16,-0.413622870300039));
#7142=DIRECTION('center_axis',(-8.61537480148221E-17,1.,0.));
#7143=DIRECTION('ref_axis',(0.854988909445375,0.,0.518646280932784));
#7144=DIRECTION('',(0.,1.,0.));
#7145=DIRECTION('center_axis',(4.49454371600731E-41,1.,-1.11022302462516E-15));
#7146=DIRECTION('ref_axis',(0.854988909445375,5.78241158658936E-16,0.518646280932784));
#7147=DIRECTION('center_axis',(0.,-1.,0.));
#7148=DIRECTION('ref_axis',(-1.,0.,0.));
#7149=DIRECTION('',(0.,-1.,0.));
#7150=DIRECTION('center_axis',(-4.49454371600731E-41,-1.,1.11022302462516E-15));
#7151=DIRECTION('ref_axis',(-0.0161285254904624,-1.11022302462516E-15,-0.999869926873243));
#7152=DIRECTION('center_axis',(0.,-1.,0.));
#7153=DIRECTION('ref_axis',(-0.605530070819495,0.,0.795822425754224));
#7154=DIRECTION('',(0.,1.,0.));
#7155=DIRECTION('center_axis',(4.49454371600731E-41,1.,-1.11022302462516E-15));
#7156=DIRECTION('ref_axis',(-0.605530070819495,8.78926561161582E-16,0.795822425754224));
#7157=DIRECTION('center_axis',(-4.49454371600731E-41,-1.,1.11022302462516E-15));
#7158=DIRECTION('ref_axis',(0.,0.,-1.));
#7159=DIRECTION('center_axis',(0.600000000000002,-4.16333634234444E-17,
-0.799999999999999));
#7160=DIRECTION('ref_axis',(6.93889390390738E-17,1.,0.));
#7161=DIRECTION('center_axis',(-0.753164484659043,0.,0.657832242329515));
#7162=DIRECTION('ref_axis',(0.657832242329515,0.,0.753164484659043));
#7163=DIRECTION('center_axis',(-4.49454371600731E-41,-1.,1.11022302462516E-15));
#7164=DIRECTION('ref_axis',(0.,0.,-1.));
#7165=DIRECTION('center_axis',(-0.235442989772703,0.,0.971888161553011));
#7166=DIRECTION('ref_axis',(0.97188816155301,0.,0.235442989772703));
#7167=DIRECTION('center_axis',(-4.49454371600731E-41,-1.,1.11022302462516E-15));
#7168=DIRECTION('ref_axis',(0.,-1.29189588320018E-15,-1.));
#7169=DIRECTION('center_axis',(-0.266666666666677,0.,-0.963788819653394));
#7170=DIRECTION('ref_axis',(-0.963788819653395,0.,0.266666666666677));
#7171=DIRECTION('center_axis',(-4.49454371600731E-41,-1.,1.11022302462516E-15));
#7172=DIRECTION('ref_axis',(0.,0.,-1.));
#7173=DIRECTION('center_axis',(-1.,0.,0.));
#7174=DIRECTION('ref_axis',(0.,0.,1.));
#7175=DIRECTION('center_axis',(1.,-4.49454371600731E-41,0.));
#7176=DIRECTION('ref_axis',(0.,0.707106781186554,0.707106781186541));
#7177=DIRECTION('center_axis',(-1.,0.,0.));
#7178=DIRECTION('ref_axis',(0.,0.,1.));
#7179=DIRECTION('',(1.,-4.49454371600731E-41,0.));
#7180=DIRECTION('center_axis',(-4.49454371600731E-41,-1.,1.11022302462516E-15));
#7181=DIRECTION('ref_axis',(0.,0.,-1.));
#7182=DIRECTION('center_axis',(-0.599999999999997,0.,-0.800000000000002));
#7183=DIRECTION('ref_axis',(-0.800000000000002,0.,0.599999999999997));
#7184=DIRECTION('center_axis',(-4.49454371600731E-41,-1.,1.11022302462516E-15));
#7185=DIRECTION('ref_axis',(0.707106781186549,-7.9797279894933E-16,-0.707106781186546));
#7186=DIRECTION('center_axis',(1.46747364208412E-47,1.11022302462516E-15,
1.));
#7187=DIRECTION('ref_axis',(-0.57735026918962,0.81649658092773,-9.61481343191777E-16));
#7188=DIRECTION('center_axis',(0.,0.,1.));
#7189=DIRECTION('ref_axis',(0.333333333333335,0.942809041582063,0.));
#7190=DIRECTION('center_axis',(0.,0.,-1.));
#7191=DIRECTION('ref_axis',(-1.,0.,0.));
#7192=DIRECTION('center_axis',(-4.49454371600731E-41,-1.,1.11022302462516E-15));
#7193=DIRECTION('ref_axis',(0.,0.,-1.));
#7194=DIRECTION('center_axis',(-0.6,0.,0.8));
#7195=DIRECTION('ref_axis',(0.,1.,0.));
#7196=DIRECTION('center_axis',(4.49454371600731E-41,1.,-1.11022302462516E-15));
#7197=DIRECTION('ref_axis',(0.707106781186549,7.85046229341886E-16,0.707106781186546));
#7198=DIRECTION('center_axis',(-4.49454371600731E-41,-1.,1.11022302462516E-15));
#7199=DIRECTION('ref_axis',(0.,0.,-1.));
#7200=DIRECTION('center_axis',(0.600000000000004,-4.16333634234445E-17,
0.799999999999997));
#7201=DIRECTION('ref_axis',(0.799999999999997,0.,-0.600000000000004));
#7202=DIRECTION('center_axis',(4.49454371600731E-41,1.,-1.11022302462516E-15));
#7203=DIRECTION('ref_axis',(-0.707106781186547,7.85046229341888E-16,0.707106781186548));
#7204=DIRECTION('center_axis',(-4.49454371600731E-41,-1.,1.11022302462516E-15));
#7205=DIRECTION('ref_axis',(-0.707106781186547,7.97972798949331E-16,0.707106781186548));
#7206=DIRECTION('center_axis',(-3.62809869566173E-32,-1.11022302462516E-15,
-1.));
#7207=DIRECTION('ref_axis',(0.577350269189621,0.816496580927729,-9.61481343191776E-16));
#7208=DIRECTION('center_axis',(0.,0.,-1.));
#7209=DIRECTION('ref_axis',(-0.333333333333331,0.942809041582064,0.));
#7210=DIRECTION('center_axis',(8.367133432421E-29,4.7102773760513E-15,1.));
#7211=DIRECTION('ref_axis',(1.,-1.77635683940025E-14,0.));
#7212=DIRECTION('center_axis',(0.,0.,-1.));
#7213=DIRECTION('ref_axis',(1.,0.,0.));
#7214=DIRECTION('',(-4.49454371600731E-41,-1.,0.));
#7215=DIRECTION('center_axis',(4.49454371600731E-41,1.,-1.11022302462516E-15));
#7216=DIRECTION('ref_axis',(-1.,4.49454371600731E-41,1.46747363986453E-47));
#7217=DIRECTION('',(-1.,4.49454371600731E-41,-4.98994591869562E-56));
#7218=DIRECTION('center_axis',(-4.49454371600731E-41,-1.,0.));
#7219=DIRECTION('ref_axis',(0.707106781186549,0.,-0.707106781186546));
#7220=DIRECTION('center_axis',(8.61537480148221E-17,-1.,0.));
#7221=DIRECTION('ref_axis',(-0.707106781186547,0.,0.707106781186548));
#7222=DIRECTION('center_axis',(0.,-1.11022302462516E-15,-1.));
#7223=DIRECTION('ref_axis',(-1.,0.,0.));
#7224=DIRECTION('center_axis',(-1.,-6.93889390390716E-17,1.54074395550977E-31));
#7225=DIRECTION('ref_axis',(6.93889390390716E-17,-1.,1.07552855510561E-15));
#7226=DIRECTION('center_axis',(0.,-1.11022302462516E-15,-1.));
#7227=DIRECTION('ref_axis',(-0.707106781186547,-0.707106781186548,7.85046229341888E-16));
#7228=DIRECTION('center_axis',(-1.11022302462516E-15,-1.,2.22044604925031E-15));
#7229=DIRECTION('ref_axis',(0.,2.22044604925031E-15,1.));
#7230=DIRECTION('center_axis',(8.04098134740442E-17,-1.,1.11022302462516E-15));
#7231=DIRECTION('ref_axis',(-0.707106781186549,0.,0.707106781186546));
#7232=DIRECTION('center_axis',(0.,-1.,0.));
#7233=DIRECTION('ref_axis',(0.,0.,1.));
#7234=DIRECTION('',(-8.04098134740442E-17,1.,-1.11022302462516E-15));
#7235=DIRECTION('center_axis',(0.,-1.11022302462516E-15,-1.));
#7236=DIRECTION('ref_axis',(-1.,0.,0.));
#7237=DIRECTION('center_axis',(-1.,-1.38777878078145E-16,0.));
#7238=DIRECTION('ref_axis',(0.,0.,1.));
#7239=DIRECTION('center_axis',(0.,-1.11022302462516E-15,-1.));
#7240=DIRECTION('ref_axis',(-0.707106781186548,0.707106781186547,-7.85046229341887E-16));
#7241=DIRECTION('center_axis',(-1.,4.49454371600731E-41,-4.98994591869562E-56));
#7242=DIRECTION('ref_axis',(0.,0.707106781186553,0.707106781186542));
#7243=DIRECTION('center_axis',(-1.,0.,0.));
#7244=DIRECTION('ref_axis',(0.,0.,1.));
#7245=DIRECTION('',(1.,-4.49454371600731E-41,4.98994591869562E-56));
#7246=DIRECTION('center_axis',(0.,-1.11022302462516E-15,-1.));
#7247=DIRECTION('ref_axis',(-1.,0.,0.));
#7248=DIRECTION('center_axis',(0.,1.,0.));
#7249=DIRECTION('ref_axis',(0.,0.,1.));
#7250=DIRECTION('center_axis',(0.,-1.11022302462516E-15,-1.));
#7251=DIRECTION('ref_axis',(0.707106781186548,0.707106781186547,-7.85046229341887E-16));
#7252=DIRECTION('center_axis',(4.49454371600731E-41,1.,-1.11022302462516E-15));
#7253=DIRECTION('ref_axis',(0.707106781186552,3.14018491736753E-15,0.707106781186543));
#7254=DIRECTION('center_axis',(2.22044604925032E-15,1.,-2.22044604925031E-15));
#7255=DIRECTION('ref_axis',(0.,2.22044604925031E-15,1.));
#7256=DIRECTION('',(-4.49454371600731E-41,-1.,1.11022302462516E-15));
#7257=DIRECTION('center_axis',(0.,-1.11022302462516E-15,-1.));
#7258=DIRECTION('ref_axis',(-1.,0.,0.));
#7259=DIRECTION('center_axis',(1.,0.,0.));
#7260=DIRECTION('ref_axis',(0.,0.,1.));
#7261=DIRECTION('center_axis',(0.,1.11022302462516E-15,1.));
#7262=DIRECTION('ref_axis',(0.707106781186547,-0.707106781186548,7.97972798949332E-16));
#7263=DIRECTION('center_axis',(0.,-1.11022302462516E-15,-1.));
#7264=DIRECTION('ref_axis',(0.707106781186547,-0.707106781186548,7.85046229341888E-16));
#7265=DIRECTION('center_axis',(1.,-1.15407798817584E-16,1.28128395468589E-31));
#7266=DIRECTION('ref_axis',(0.,-0.707106781186547,0.707106781186548));
#7267=DIRECTION('',(-1.,1.15407798817584E-16,-1.28128395468589E-31));
#7268=DIRECTION('',(1.,-1.15407798817584E-16,1.28128395468589E-31));
#7269=DIRECTION('center_axis',(0.,1.11022302462516E-15,1.));
#7270=DIRECTION('ref_axis',(0.707106781186546,-0.707106781186549,7.85046229341889E-16));
#7271=DIRECTION('',(0.,-1.11022302462516E-15,-1.));
#7272=DIRECTION('center_axis',(-1.15407798817584E-16,-1.,1.11022302462516E-15));
#7273=DIRECTION('ref_axis',(1.,-1.15407798817584E-16,1.04104321318229E-31));
#7274=DIRECTION('center_axis',(0.,1.11022302462516E-15,1.));
#7275=DIRECTION('ref_axis',(1.,0.,0.));
#7276=DIRECTION('center_axis',(-1.46747364391886E-47,-9.02056207507939E-16,
-1.));
#7277=DIRECTION('ref_axis',(1.,-4.49454371600731E-41,-1.46747363986453E-47));
#7278=DIRECTION('center_axis',(-1.46747364391886E-47,-9.02056207507939E-16,
-1.));
#7279=DIRECTION('ref_axis',(4.49454371600731E-41,1.,0.));
#7280=DIRECTION('center_axis',(-1.46747364391886E-47,-9.02056207507939E-16,
-1.));
#7281=DIRECTION('ref_axis',(1.,4.16333634234439E-15,-6.37549222969576E-30));
#7282=DIRECTION('',(-1.,-4.62592926927148E-17,4.172848212839E-32));
#7283=DIRECTION('center_axis',(1.46747364391886E-47,9.02056207507939E-16,
1.));
#7284=DIRECTION('ref_axis',(-1.,-5.9327542878407E-15,5.35167783296605E-30));
#7285=DIRECTION('',(-4.49454371600731E-41,-1.,9.02056207507939E-16));
#7286=DIRECTION('center_axis',(-1.46747364391886E-47,-9.02056207507939E-16,
-1.));
#7287=DIRECTION('ref_axis',(1.,5.5511151231258E-15,-5.00741785540683E-30));
#7288=DIRECTION('center_axis',(-1.46747364391886E-47,-9.02056207507939E-16,
-1.));
#7289=DIRECTION('ref_axis',(-1.48029736616687E-15,-1.,9.0205620750794E-16));
#7290=DIRECTION('center_axis',(1.46747364391886E-47,9.02056207507939E-16,
1.));
#7291=DIRECTION('ref_axis',(0.197530864197531,0.980296668202732,-8.84282694751625E-16));
#7292=DIRECTION('center_axis',(-1.46747364391886E-47,-9.02056207507939E-16,
-1.));
#7293=DIRECTION('ref_axis',(-0.197530864197531,-0.980296668202732,8.162609490015E-16));
#7294=DIRECTION('center_axis',(-1.46747364391886E-47,-9.02056207507939E-16,
-1.));
#7295=DIRECTION('ref_axis',(-1.,4.49454371600731E-41,1.46747363709418E-47));
#7296=DIRECTION('',(1.,2.03151514112563E-16,-1.83254084369874E-31));
#7297=DIRECTION('center_axis',(1.46747364391886E-47,9.02056207507939E-16,
1.));
#7298=DIRECTION('ref_axis',(-1.,3.29718541638515E-30,0.));
#7299=DIRECTION('center_axis',(-1.46747364186739E-47,0.,-1.));
#7300=DIRECTION('ref_axis',(-1.,4.49454371600731E-41,1.46747364186739E-47));
#7301=DIRECTION('center_axis',(1.46747364391886E-47,9.02056207507939E-16,
1.));
#7302=DIRECTION('ref_axis',(-1.,4.49454371600731E-41,1.46747363986453E-47));
#7303=DIRECTION('',(-1.46747364186739E-47,0.,-1.));
#7304=DIRECTION('center_axis',(0.,-9.0205620750794E-16,-1.));
#7305=DIRECTION('ref_axis',(-1.48029736616687E-15,-1.,9.0205620750794E-16));
#7306=DIRECTION('center_axis',(1.46747364391886E-47,9.02056207507939E-16,
1.));
#7307=DIRECTION('ref_axis',(-1.48029736616687E-15,-1.,9.02056207507939E-16));
#7308=DIRECTION('',(0.,-9.0205620750794E-16,-1.));
#7309=DIRECTION('center_axis',(0.,-9.0205620750794E-16,-1.));
#7310=DIRECTION('ref_axis',(-0.197530864197531,-0.980296668202732,8.84282694751625E-16));
#7311=DIRECTION('',(0.,-9.0205620750794E-16,-1.));
#7312=DIRECTION('center_axis',(1.46747364391886E-47,9.02056207507939E-16,
1.));
#7313=DIRECTION('ref_axis',(-0.197530864197531,-0.980296668202732,8.84282694751624E-16));
#7314=DIRECTION('center_axis',(0.,-9.0205620750794E-16,-1.));
#7315=DIRECTION('ref_axis',(1.,4.16333634234439E-15,-3.75556339155516E-30));
#7316=DIRECTION('center_axis',(1.46747364391886E-47,9.02056207507939E-16,
1.));
#7317=DIRECTION('ref_axis',(1.,4.16333634234439E-15,-3.75556339155515E-30));
#7318=DIRECTION('',(0.,-9.0205620750794E-16,-1.));
#7319=DIRECTION('center_axis',(0.,-9.0205620750794E-16,-1.));
#7320=DIRECTION('ref_axis',(1.,5.5511151231258E-15,-5.00741785540683E-30));
#7321=DIRECTION('',(0.,-9.0205620750794E-16,-1.));
#7322=DIRECTION('center_axis',(1.46747364391886E-47,9.02056207507939E-16,
1.));
#7323=DIRECTION('ref_axis',(1.,5.5511151231258E-15,-5.00741785540682E-30));
#7324=DIRECTION('center_axis',(2.03151514112563E-16,-1.,-2.98119492265637E-63));
#7325=DIRECTION('ref_axis',(-1.,-2.03151514112563E-16,1.83254084369874E-31));
#7326=DIRECTION('',(-1.,-2.03151514112563E-16,1.83254084369874E-31));
#7327=DIRECTION('',(-1.46747364186739E-47,0.,-1.));
#7328=DIRECTION('center_axis',(-1.46747364186739E-47,0.,-1.));
#7329=DIRECTION('ref_axis',(4.49454371600731E-41,1.,0.));
#7330=DIRECTION('center_axis',(1.4674736439189E-47,9.02056207507939E-16,
1.));
#7331=DIRECTION('ref_axis',(4.49454371600731E-41,1.,-9.02056207507939E-16));
#7332=DIRECTION('center_axis',(-1.46747364391886E-47,-9.02056207507939E-16,
-1.));
#7333=DIRECTION('ref_axis',(1.,-4.49454371600731E-41,-1.46747363986453E-47));
#7334=DIRECTION('center_axis',(0.,-4.44089209850063E-15,1.));
#7335=DIRECTION('ref_axis',(-1.,3.29718541638515E-30,0.));
#7336=DIRECTION('center_axis',(-1.46747364391886E-47,-9.02056207507939E-16,
-1.));
#7337=DIRECTION('ref_axis',(-1.,3.29718541638515E-30,0.));
#7338=DIRECTION('',(0.,4.44089209850063E-15,-1.));
#7339=DIRECTION('center_axis',(-8.28387026059984E-18,4.60742555219439E-15,
-1.));
#7340=DIRECTION('ref_axis',(-1.,3.26039764239985E-30,8.28387026059984E-18));
#7341=DIRECTION('center_axis',(0.,-4.44089209850063E-15,1.));
#7342=DIRECTION('ref_axis',(-1.,3.29718541638515E-30,0.));
#7343=DIRECTION('',(0.,4.44089209850063E-15,-1.));
#7344=DIRECTION('center_axis',(8.28387026059983E-18,-4.60742555219439E-15,
1.));
#7345=DIRECTION('ref_axis',(-1.,3.26039764239985E-30,8.28387026059983E-18));
#7346=DIRECTION('center_axis',(8.28387026059983E-18,-4.60742555219439E-15,
1.));
#7347=DIRECTION('ref_axis',(-1.,3.26039764239985E-30,8.28387026059983E-18));
#7348=DIRECTION('center_axis',(0.,-9.0205620750794E-16,-1.));
#7349=DIRECTION('ref_axis',(1.,-4.49454371600731E-41,4.05433111907878E-56));
#7350=DIRECTION('center_axis',(1.46747364391886E-47,9.02056207507939E-16,
1.));
#7351=DIRECTION('ref_axis',(1.,-4.49454371600731E-41,-1.46747363986453E-47));
#7352=DIRECTION('',(0.,9.0205620750794E-16,1.));
#7353=DIRECTION('center_axis',(-1.46747364391886E-47,-9.02056207507939E-16,
-1.));
#7354=DIRECTION('ref_axis',(1.,-4.49454371600731E-41,4.05433111907878E-56));
#7355=DIRECTION('center_axis',(0.,-9.0205620750794E-16,-1.));
#7356=DIRECTION('ref_axis',(0.197530864197531,0.980296668202732,-8.84282694751625E-16));
#7357=DIRECTION('center_axis',(-1.46747364391886E-47,-9.02056207507939E-16,
-1.));
#7358=DIRECTION('ref_axis',(0.197530864197531,0.980296668202732,-8.84282694751624E-16));
#7359=DIRECTION('center_axis',(-1.46747364391886E-47,-9.02056207507939E-16,
-1.));
#7360=DIRECTION('ref_axis',(1.,-4.49454371600731E-41,-1.46747363986453E-47));
#7361=DIRECTION('center_axis',(-1.46747364391886E-47,-9.02056207507939E-16,
-1.));
#7362=DIRECTION('ref_axis',(1.,-4.49454371600731E-41,-1.46747363986453E-47));
#7363=DIRECTION('center_axis',(0.,-9.0205620750794E-16,-1.));
#7364=DIRECTION('ref_axis',(1.,-4.49454371600731E-41,4.05433111907878E-56));
#7365=DIRECTION('center_axis',(1.46747364391886E-47,9.02056207507939E-16,
1.));
#7366=DIRECTION('ref_axis',(1.,-4.49454371600731E-41,-1.46747363986453E-47));
#7367=DIRECTION('',(0.,9.0205620750794E-16,1.));
#7368=DIRECTION('center_axis',(-1.46747364391886E-47,-9.02056207507939E-16,
-1.));
#7369=DIRECTION('ref_axis',(1.,-4.49454371600731E-41,4.05433111907878E-56));
#7370=DIRECTION('center_axis',(-1.,4.49454371600731E-41,-4.05433105894019E-56));
#7371=DIRECTION('ref_axis',(4.49454371600731E-41,1.,-9.02056207507939E-16));
#7372=DIRECTION('',(0.,-9.0205620750794E-16,-1.));
#7373=DIRECTION('',(4.49454371600731E-41,1.,-9.02056207507939E-16));
#7374=DIRECTION('center_axis',(-4.62592926927147E-17,1.,-9.0205620750794E-16));
#7375=DIRECTION('ref_axis',(1.,4.62592926927148E-17,-4.172848212839E-32));
#7376=DIRECTION('',(1.,4.62592926927148E-17,-4.172848212839E-32));
#7377=DIRECTION('',(0.,-9.0205620750794E-16,-1.));
#7378=DIRECTION('center_axis',(0.,-9.0205620750794E-16,-1.));
#7379=DIRECTION('ref_axis',(-1.,-5.9327542878407E-15,5.35167783296605E-30));
#7380=DIRECTION('center_axis',(-1.46747364391886E-47,-9.02056207507939E-16,
-1.));
#7381=DIRECTION('ref_axis',(-1.,-5.9327542878407E-15,5.35167783296604E-30));
#7382=DIRECTION('center_axis',(-1.46747364391886E-47,-9.02056207507939E-16,
-1.));
#7383=DIRECTION('ref_axis',(1.,-4.49454371600731E-41,-1.46747363986453E-47));
#7384=DIRECTION('center_axis',(-1.46747364391886E-47,-9.02056207507939E-16,
-1.));
#7385=DIRECTION('ref_axis',(1.,-4.49454371600731E-41,-1.46747363986453E-47));
#7386=DIRECTION('center_axis',(-1.46747364391886E-47,-9.02056207507939E-16,
-1.));
#7387=DIRECTION('ref_axis',(1.,-4.49454371600731E-41,-1.46747363986453E-47));
#7388=DIRECTION('center_axis',(-1.,0.,0.));
#7389=DIRECTION('ref_axis',(0.,-0.707106781186541,-0.707106781186554));
#7390=DIRECTION('center_axis',(-1.,0.,0.));
#7391=DIRECTION('ref_axis',(0.,0.,-1.));
#7392=DIRECTION('',(-1.,0.,0.));
#7393=DIRECTION('center_axis',(1.,4.4408920985008E-15,0.));
#7394=DIRECTION('ref_axis',(4.4408920985008E-15,-1.,0.));
#7395=DIRECTION('',(1.,0.,0.));
#7396=DIRECTION('center_axis',(0.,0.,1.));
#7397=DIRECTION('ref_axis',(-1.,0.,0.));
#7398=DIRECTION('center_axis',(-1.,0.,0.));
#7399=DIRECTION('ref_axis',(0.,1.,0.));
#7400=DIRECTION('center_axis',(0.,0.,-1.));
#7401=DIRECTION('ref_axis',(-1.,0.,0.));
#7402=DIRECTION('center_axis',(0.,0.,1.));
#7403=DIRECTION('ref_axis',(-1.,0.,0.));
#7404=DIRECTION('center_axis',(1.,0.,0.));
#7405=DIRECTION('ref_axis',(0.,0.707106781186541,-0.707106781186554));
#7406=DIRECTION('center_axis',(-1.,0.,0.));
#7407=DIRECTION('ref_axis',(0.,1.,0.));
#7408=DIRECTION('',(-1.,0.,0.));
#7409=DIRECTION('',(1.,0.,0.));
#7410=DIRECTION('center_axis',(0.,0.,1.));
#7411=DIRECTION('ref_axis',(1.,0.,0.));
#7412=DIRECTION('center_axis',(0.,0.,-1.));
#7413=DIRECTION('ref_axis',(1.,2.96059473233375E-15,0.));
#7414=DIRECTION('center_axis',(0.,0.,1.));
#7415=DIRECTION('ref_axis',(1.,2.96059473233375E-15,0.));
#7416=DIRECTION('center_axis',(0.,0.,1.));
#7417=DIRECTION('ref_axis',(0.,-1.,0.));
#7418=DIRECTION('',(0.,0.,1.));
#7419=DIRECTION('center_axis',(0.,0.,-1.));
#7420=DIRECTION('ref_axis',(0.,-1.,0.));
#7421=DIRECTION('',(0.,0.,1.));
#7422=DIRECTION('center_axis',(0.,1.,0.));
#7423=DIRECTION('ref_axis',(-1.,0.,0.));
#7424=DIRECTION('',(0.,0.,1.));
#7425=DIRECTION('',(1.,0.,0.));
#7426=DIRECTION('center_axis',(0.,0.,-1.));
#7427=DIRECTION('ref_axis',(1.,0.,0.));
#7428=DIRECTION('center_axis',(0.,0.,1.));
#7429=DIRECTION('ref_axis',(-0.707106781186548,0.707106781186547,0.));
#7430=DIRECTION('',(-1.,0.,0.));
#7431=DIRECTION('center_axis',(0.,0.,1.));
#7432=DIRECTION('ref_axis',(0.707106781186548,0.707106781186548,0.));
#7433=DIRECTION('',(0.,1.,0.));
#7434=DIRECTION('center_axis',(0.,0.,1.));
#7435=DIRECTION('ref_axis',(0.707106781186546,-0.707106781186549,0.));
#7436=DIRECTION('',(1.,-1.53877065090112E-16,0.));
#7437=DIRECTION('center_axis',(0.,0.,1.));
#7438=DIRECTION('ref_axis',(-0.707106781186547,-0.707106781186548,0.));
#7439=DIRECTION('',(4.72998902788495E-17,-1.,0.));
#7440=DIRECTION('center_axis',(0.,0.,-1.));
#7441=DIRECTION('ref_axis',(1.,0.,0.));
#7442=DIRECTION('center_axis',(0.,0.,-1.));
#7443=DIRECTION('ref_axis',(1.,0.,0.));
#7444=DIRECTION('center_axis',(0.,0.,-1.));
#7445=DIRECTION('ref_axis',(1.,0.,0.));
#7446=DIRECTION('center_axis',(0.,-1.,0.));
#7447=DIRECTION('ref_axis',(1.,0.,0.));
#7448=DIRECTION('',(-1.,0.,0.));
#7449=DIRECTION('',(0.,0.,1.));
#7450=DIRECTION('center_axis',(0.,0.,1.));
#7451=DIRECTION('ref_axis',(-2.96059473233375E-15,1.,0.));
#7452=DIRECTION('center_axis',(0.,0.,-1.));
#7453=DIRECTION('ref_axis',(-2.96059473233375E-15,1.,0.));
#7454=DIRECTION('center_axis',(0.,0.,-1.));
#7455=DIRECTION('ref_axis',(1.,0.,0.));
#7456=DIRECTION('',(-1.,2.91506420569246E-16,0.));
#7457=DIRECTION('',(0.,-1.,0.));
#7458=DIRECTION('',(1.,0.,0.));
#7459=DIRECTION('',(-7.89772700118679E-17,1.,0.));
#7460=DIRECTION('center_axis',(0.,0.,1.));
#7461=DIRECTION('ref_axis',(1.,0.,0.));
#7462=DIRECTION('center_axis',(0.,0.,1.));
#7463=DIRECTION('ref_axis',(1.,0.,0.));
#7464=DIRECTION('center_axis',(0.,0.,1.));
#7465=DIRECTION('ref_axis',(1.,0.,0.));
#7466=DIRECTION('center_axis',(1.,0.,0.));
#7467=DIRECTION('ref_axis',(0.,1.,0.));
#7468=DIRECTION('',(0.,0.,1.));
#7469=DIRECTION('',(0.,-1.,0.));
#7470=DIRECTION('',(0.,0.,1.));
#7471=DIRECTION('center_axis',(-2.91506420569246E-16,-1.,0.));
#7472=DIRECTION('ref_axis',(1.,-2.91506420569246E-16,0.));
#7473=DIRECTION('',(0.,0.,1.));
#7474=DIRECTION('',(-1.,2.91506420569246E-16,0.));
#7475=DIRECTION('center_axis',(0.,0.,1.));
#7476=DIRECTION('ref_axis',(1.,0.,0.));
#7477=DIRECTION('center_axis',(-1.,-2.08166817117218E-16,0.));
#7478=DIRECTION('ref_axis',(-2.08166817117218E-16,1.,0.));
#7479=DIRECTION('center_axis',(0.,1.,0.));
#7480=DIRECTION('ref_axis',(0.,0.,-1.));
#7481=DIRECTION('center_axis',(0.,0.,-1.));
#7482=DIRECTION('ref_axis',(-0.707106781186548,0.707106781186547,0.));
#7483=DIRECTION('center_axis',(-4.72998902788495E-17,1.,0.));
#7484=DIRECTION('ref_axis',(-0.707106781186549,0.,-0.707106781186546));
#7485=DIRECTION('center_axis',(0.,1.,0.));
#7486=DIRECTION('ref_axis',(0.,0.,-1.));
#7487=DIRECTION('',(-4.72998902788495E-17,1.,0.));
#7488=DIRECTION('center_axis',(0.,0.,1.));
#7489=DIRECTION('ref_axis',(1.,0.,0.));
#7490=DIRECTION('center_axis',(-1.,6.93889390390724E-17,0.));
#7491=DIRECTION('ref_axis',(0.,0.,-1.));
#7492=DIRECTION('center_axis',(0.,0.,-1.));
#7493=DIRECTION('ref_axis',(-0.707106781186547,-0.707106781186548,0.));
#7494=DIRECTION('center_axis',(-1.,1.53877065090112E-16,0.));
#7495=DIRECTION('ref_axis',(0.,-0.707106781186549,-0.707106781186546));
#7496=DIRECTION('center_axis',(-1.,0.,0.));
#7497=DIRECTION('ref_axis',(0.,0.,-1.));
#7498=DIRECTION('',(-1.,1.53877065090112E-16,0.));
#7499=DIRECTION('center_axis',(0.,0.,1.));
#7500=DIRECTION('ref_axis',(1.,0.,0.));
#7501=DIRECTION('center_axis',(0.,-1.,0.));
#7502=DIRECTION('ref_axis',(0.,0.,-1.));
#7503=DIRECTION('center_axis',(0.,0.,-1.));
#7504=DIRECTION('ref_axis',(0.707106781186546,-0.707106781186549,0.));
#7505=DIRECTION('center_axis',(0.,-1.,0.));
#7506=DIRECTION('ref_axis',(0.707106781186554,0.,-0.707106781186541));
#7507=DIRECTION('center_axis',(0.,-1.,0.));
#7508=DIRECTION('ref_axis',(0.,0.,-1.));
#7509=DIRECTION('',(0.,-1.,0.));
#7510=DIRECTION('center_axis',(0.,0.,1.));
#7511=DIRECTION('ref_axis',(1.,0.,0.));
#7512=DIRECTION('center_axis',(1.,0.,0.));
#7513=DIRECTION('ref_axis',(0.,0.,-1.));
#7514=DIRECTION('center_axis',(0.,0.,-1.));
#7515=DIRECTION('ref_axis',(0.707106781186548,0.707106781186548,0.));
#7516=DIRECTION('center_axis',(1.,0.,0.));
#7517=DIRECTION('ref_axis',(0.,0.707106781186554,-0.707106781186541));
#7518=DIRECTION('',(1.,0.,0.));
#7519=DIRECTION('center_axis',(1.,0.,0.));
#7520=DIRECTION('ref_axis',(0.,-1.,0.));
#7521=DIRECTION('',(0.,0.,-1.));
#7522=DIRECTION('',(0.,-1.,0.));
#7523=DIRECTION('',(0.,0.,1.));
#7524=DIRECTION('center_axis',(0.,0.,-1.));
#7525=DIRECTION('ref_axis',(0.707106781186548,0.707106781186548,0.));
#7526=DIRECTION('',(0.,0.,1.));
#7527=DIRECTION('center_axis',(0.,0.,-1.));
#7528=DIRECTION('ref_axis',(0.707106781186548,0.707106781186548,0.));
#7529=DIRECTION('center_axis',(0.,1.,0.));
#7530=DIRECTION('ref_axis',(1.,0.,0.));
#7531=DIRECTION('',(0.,0.,-1.));
#7532=DIRECTION('',(1.,0.,0.));
#7533=DIRECTION('center_axis',(0.,0.,-1.));
#7534=DIRECTION('ref_axis',(-0.707106781186549,0.707106781186546,0.));
#7535=DIRECTION('',(0.,0.,1.));
#7536=DIRECTION('center_axis',(0.,0.,-1.));
#7537=DIRECTION('ref_axis',(-0.707106781186549,0.707106781186546,0.));
#7538=DIRECTION('center_axis',(0.,0.,-1.));
#7539=DIRECTION('ref_axis',(-0.707106781186548,-0.707106781186547,0.));
#7540=DIRECTION('',(0.,0.,1.));
#7541=DIRECTION('center_axis',(0.,0.,-1.));
#7542=DIRECTION('ref_axis',(-0.707106781186548,-0.707106781186547,0.));
#7543=DIRECTION('',(0.,0.,-1.));
#7544=DIRECTION('center_axis',(-1.53877065090112E-16,-1.,0.));
#7545=DIRECTION('ref_axis',(-1.,1.53877065090112E-16,0.));
#7546=DIRECTION('',(0.,0.,-1.));
#7547=DIRECTION('',(-1.,1.53877065090112E-16,0.));
#7548=DIRECTION('center_axis',(0.,0.,-1.));
#7549=DIRECTION('ref_axis',(0.707106781186546,-0.707106781186549,0.));
#7550=DIRECTION('center_axis',(0.,0.,-1.));
#7551=DIRECTION('ref_axis',(0.707106781186546,-0.707106781186549,0.));
#7552=DIRECTION('center_axis',(-1.,-4.72998902788495E-17,0.));
#7553=DIRECTION('ref_axis',(-4.72998902788495E-17,1.,0.));
#7554=DIRECTION('',(-4.72998902788495E-17,1.,0.));
#7555=DIRECTION('center_axis',(0.,0.,-1.));
#7556=DIRECTION('ref_axis',(1.,0.,0.));
#7557=DIRECTION('',(0.707106781186548,-8.65956056235493E-17,0.707106781186548));
#7558=DIRECTION('center_axis',(0.,0.,1.));
#7559=DIRECTION('ref_axis',(1.,0.,0.));
#7560=DIRECTION('center_axis',(0.,0.,-1.));
#7561=DIRECTION('ref_axis',(1.,0.,0.));
#7562=DIRECTION('',(0.,0.,1.));
#7563=DIRECTION('center_axis',(0.,0.,-1.));
#7564=DIRECTION('ref_axis',(1.,0.,0.));
#7565=DIRECTION('',(0.707106781186547,-8.65956056235493E-17,0.707106781186548));
#7566=DIRECTION('center_axis',(0.,0.,1.));
#7567=DIRECTION('ref_axis',(1.,0.,0.));
#7568=DIRECTION('center_axis',(0.,0.,-1.));
#7569=DIRECTION('ref_axis',(1.,0.,0.));
#7570=DIRECTION('',(0.,0.,1.));
#7571=DIRECTION('center_axis',(0.,0.,-1.));
#7572=DIRECTION('ref_axis',(1.,0.,0.));
#7573=DIRECTION('',(0.707106781186547,-8.65956056235493E-17,0.707106781186548));
#7574=DIRECTION('center_axis',(0.,0.,1.));
#7575=DIRECTION('ref_axis',(1.,0.,0.));
#7576=DIRECTION('center_axis',(0.,0.,-1.));
#7577=DIRECTION('ref_axis',(1.,0.,0.));
#7578=DIRECTION('',(0.,0.,1.));
#7579=DIRECTION('center_axis',(-1.,-7.89772700118679E-17,0.));
#7580=DIRECTION('ref_axis',(7.89772700118679E-17,-1.,0.));
#7581=DIRECTION('',(0.,0.,1.));
#7582=DIRECTION('',(-7.89772700118679E-17,1.,0.));
#7583=DIRECTION('center_axis',(0.,1.,0.));
#7584=DIRECTION('ref_axis',(-1.,0.,0.));
#7585=DIRECTION('',(1.,0.,0.));
#7586=DIRECTION('center_axis',(0.,0.,-1.));
#7587=DIRECTION('ref_axis',(1.,0.,0.));
#7588=CARTESIAN_POINT('',(0.,0.,0.));
#7589=CARTESIAN_POINT('Origin',(26.66,23.2399999999999,-24.8804));
#7590=CARTESIAN_POINT('',(-2.2,-4.10000000000007,-24.8803999999999));
#7591=CARTESIAN_POINT('',(-0.199999999999996,-6.10000000000007,-24.8803999999999));
#7592=CARTESIAN_POINT('Origin',(-0.199999999999996,-4.10000000000007,-24.8803999999999));
#7593=CARTESIAN_POINT('',(-2.2,50.58,-24.8804));
#7594=CARTESIAN_POINT('',(-2.2,37.91,-24.8804));
#7595=CARTESIAN_POINT('',(-0.200000000000005,52.58,-24.8804));
#7596=CARTESIAN_POINT('Origin',(-0.200000000000005,50.58,-24.8804));
#7597=CARTESIAN_POINT('',(53.52,52.58,-24.8804));
#7598=CARTESIAN_POINT('',(41.09,52.58,-24.8804));
#7599=CARTESIAN_POINT('',(55.52,50.58,-24.8804));
#7600=CARTESIAN_POINT('Origin',(53.52,50.58,-24.8804));
#7601=CARTESIAN_POINT('',(55.52,-4.10000000000008,-24.8803999999999));
#7602=CARTESIAN_POINT('',(55.52,8.56999999999993,-24.8804));
#7603=CARTESIAN_POINT('',(53.52,-6.10000000000008,-24.8803999999999));
#7604=CARTESIAN_POINT('Origin',(53.52,-4.10000000000008,-24.8803999999999));
#7605=CARTESIAN_POINT('',(12.23,-6.10000000000008,-24.8803999999999));
#7606=CARTESIAN_POINT('',(-0.199999999999996,-4.10000000000007,-24.8803999999999));
#7607=CARTESIAN_POINT('',(-0.2,50.78,-24.8804));
#7608=CARTESIAN_POINT('',(-0.2,32.8699994002282,-24.8804));
#7609=CARTESIAN_POINT('',(53.52,-4.10000000000008,-24.8803999999999));
#7610=CARTESIAN_POINT('',(17.1590584113754,-4.10000000000009,-24.8803999999999));
#7611=CARTESIAN_POINT('',(53.52,50.78,-24.8804));
#7612=CARTESIAN_POINT('',(53.52,12.5699999999999,-24.8804));
#7613=CARTESIAN_POINT('',(13.23,50.78,-24.8804));
#7614=CARTESIAN_POINT('Origin',(-0.2,50.78,-1.58039999999999));
#7615=CARTESIAN_POINT('',(53.52,50.78,-12.3803999999999));
#7616=CARTESIAN_POINT('',(53.52,50.78,-7.38039999999999));
#7617=CARTESIAN_POINT('',(51.52,50.78,-14.3803999999999));
#7618=CARTESIAN_POINT('Origin',(51.52,50.78,-12.3803999999999));
#7619=CARTESIAN_POINT('',(13.0284161474005,50.78,-14.3803999999999));
#7620=CARTESIAN_POINT('',(-0.199999999999999,50.78,-14.3803999999999));
#7621=CARTESIAN_POINT('',(10.1370496884403,50.78,-16.5803999999999));
#7622=CARTESIAN_POINT('Origin',(13.0284161474005,50.78,-17.3803999999999));
#7623=CARTESIAN_POINT('',(1.42650327301146,50.78,-16.439893453977));
#7624=CARTESIAN_POINT('Origin',(5.80000000000001,50.78,-15.3803999999999));
#7625=CARTESIAN_POINT('',(0.48433551534097,50.78,-14.886728969318));
#7626=CARTESIAN_POINT('Origin',(-1.48916121164757,50.78,-17.1462224232952));
#7627=CARTESIAN_POINT('',(-0.2,50.78,-13.3803999999999));
#7628=CARTESIAN_POINT('Origin',(1.8,50.78,-13.3803999999999));
#7629=CARTESIAN_POINT('',(-0.2,50.78,-7.38039999999999));
#7630=CARTESIAN_POINT('Origin',(53.52,1.89999999999993,-1.58039999999994));
#7631=CARTESIAN_POINT('',(53.52,-4.10000000000006,-5.58039999999994));
#7632=CARTESIAN_POINT('',(53.52,-4.10000000000006,-7.38039999999994));
#7633=CARTESIAN_POINT('',(53.52,1.89999999999993,-5.58039999999994));
#7634=CARTESIAN_POINT('',(53.52,0.399999999999931,-5.58039999999994));
#7635=CARTESIAN_POINT('',(53.52,1.89999999999993,-1.58039999999994));
#7636=CARTESIAN_POINT('',(53.52,1.89999999999993,-1.58039999999994));
#7637=CARTESIAN_POINT('',(53.52,42.4999988004565,-1.58039999999998));
#7638=CARTESIAN_POINT('',(53.52,12.57,-1.58039999999995));
#7639=CARTESIAN_POINT('',(53.52,42.4999988004565,-5.08039999999998));
#7640=CARTESIAN_POINT('',(53.52,42.4999988004565,-1.58039999999998));
#7641=CARTESIAN_POINT('',(53.52,50.78,-5.08039999999999));
#7642=CARTESIAN_POINT('',(53.52,50.58,-5.08039999999999));
#7643=CARTESIAN_POINT('',(53.52,50.78,-10.3803999999999));
#7644=CARTESIAN_POINT('',(53.52,50.78,-7.38039999999999));
#7645=CARTESIAN_POINT('',(53.52,51.9942135623731,-10.3803999999999));
#7646=CARTESIAN_POINT('',(53.52,27.24,-10.3803999999999));
#7647=CARTESIAN_POINT('',(53.52,51.9942135623731,-12.3803999999999));
#7648=CARTESIAN_POINT('',(53.52,51.9942135623731,-1.5804));
#7649=CARTESIAN_POINT('',(53.52,27.24,-12.3803999999999));
#7650=CARTESIAN_POINT('Origin',(55.52,-6.10000000000006,-1.58039999999994));
#7651=CARTESIAN_POINT('',(55.52,50.58,-0.0803999999999999));
#7652=CARTESIAN_POINT('',(55.52,50.58,-1.58039999999999));
#7653=CARTESIAN_POINT('',(55.52,-4.10000000000005,-0.0803999999999394));
#7654=CARTESIAN_POINT('',(55.52,8.56999999999996,-0.0803999999999534));
#7655=CARTESIAN_POINT('',(55.52,-4.10000000000006,-1.58039999999994));
#7656=CARTESIAN_POINT('Origin',(53.52,50.58,-1.58039999999999));
#7657=CARTESIAN_POINT('',(53.52,52.58,-13.8803999999999));
#7658=CARTESIAN_POINT('',(53.52,52.58,-1.5804));
#7659=CARTESIAN_POINT('',(54.1866666666667,52.4656180831641,-12.3803999999999));
#7660=CARTESIAN_POINT('Ctrl Pts',(54.1866666666667,52.4656180831641,-12.3803999999999));
#7661=CARTESIAN_POINT('Ctrl Pts',(54.1866666666667,52.4656180831641,-12.6489887427197));
#7662=CARTESIAN_POINT('Ctrl Pts',(54.0701524903292,52.5127347944561,-13.1851260835577));
#7663=CARTESIAN_POINT('Ctrl Pts',(53.7348709941759,52.58,-13.6655290058241));
#7664=CARTESIAN_POINT('Ctrl Pts',(53.52,52.58,-13.8803999999999));
#7665=CARTESIAN_POINT('',(54.1866666666667,52.4656180831641,-10.3803999999999));
#7666=CARTESIAN_POINT('',(54.1866666666667,52.4656180831641,-1.5804));
#7667=CARTESIAN_POINT('',(53.52,52.58,-8.88039999999994));
#7668=CARTESIAN_POINT('Ctrl Pts',(53.52,52.58,-8.88039999999994));
#7669=CARTESIAN_POINT('Ctrl Pts',(53.7348699887629,52.58,-9.09526998876282));
#7670=CARTESIAN_POINT('Ctrl Pts',(54.0701531988895,52.5127346686862,-9.57567472774227));
#7671=CARTESIAN_POINT('Ctrl Pts',(54.1866666666667,52.4656180831641,-10.1118125140463));
#7672=CARTESIAN_POINT('Ctrl Pts',(54.1866666666667,52.4656180831641,-10.3803999999999));
#7673=CARTESIAN_POINT('',(53.52,52.58,-0.0804000000000019));
#7674=CARTESIAN_POINT('',(53.52,52.58,-1.5804));
#7675=CARTESIAN_POINT('Origin',(53.52,50.58,-0.0803999999999999));
#7676=CARTESIAN_POINT('Origin',(55.52,52.58,-1.58039999999999));
#7677=CARTESIAN_POINT('',(-0.199999999999996,52.58,-14.8803999999999));
#7678=CARTESIAN_POINT('',(-0.199999999999996,52.58,-4.48039999999996));
#7679=CARTESIAN_POINT('',(0.155419394176212,52.58,-15.2633112116475));
#7680=CARTESIAN_POINT('Origin',(1.8,52.58,-13.3803999999999));
#7681=CARTESIAN_POINT('',(0.940559192234953,52.58,-16.5576149488634));
#7682=CARTESIAN_POINT('Origin',(-1.48916121164757,52.58,-17.1462224232952));
#7683=CARTESIAN_POINT('',(10.618944098267,52.58,-16.7137333333333));
#7684=CARTESIAN_POINT('Origin',(5.80000000000001,52.58,-15.3803999999999));
#7685=CARTESIAN_POINT('',(13.0284161474005,52.58,-14.8803999999999));
#7686=CARTESIAN_POINT('Origin',(13.0284161474005,52.58,-17.3803999999999));
#7687=CARTESIAN_POINT('',(51.52,52.58,-14.8803999999999));
#7688=CARTESIAN_POINT('',(27.66,52.58,-14.8803999999999));
#7689=CARTESIAN_POINT('Origin',(51.52,52.58,-12.3803999999999));
#7690=CARTESIAN_POINT('Origin',(-0.200000000000005,50.58,-1.58039999999999));
#7691=CARTESIAN_POINT('',(-2.2,50.58,-0.0803999999999996));
#7692=CARTESIAN_POINT('',(-2.2,50.58,-1.58039999999999));
#7693=CARTESIAN_POINT('',(-0.200000000000005,52.58,-0.0804000000000019));
#7694=CARTESIAN_POINT('Origin',(-0.200000000000005,50.58,-0.0803999999999996));
#7695=CARTESIAN_POINT('',(-0.199999999999996,52.58,-8.88039999999993));
#7696=CARTESIAN_POINT('',(-0.199999999999996,52.58,-4.48039999999996));
#7697=CARTESIAN_POINT('',(-0.866666666666668,52.4656180831641,-10.3803999999999));
#7698=CARTESIAN_POINT('Ctrl Pts',(-0.866666666666667,52.4656180831641,-10.3803999999999));
#7699=CARTESIAN_POINT('Ctrl Pts',(-0.866666666666668,52.4656180831641,-10.1118112572802));
#7700=CARTESIAN_POINT('Ctrl Pts',(-0.750153595591711,52.5127315953739,-9.57567389507915));
#7701=CARTESIAN_POINT('Ctrl Pts',(-0.414870994175786,52.58,-9.09527099417572));
#7702=CARTESIAN_POINT('Ctrl Pts',(-0.199999999999994,52.58,-8.88039999999993));
#7703=CARTESIAN_POINT('',(-0.866666666666668,52.4656180831641,-13.3803999999999));
#7704=CARTESIAN_POINT('',(-0.866666666666668,52.4656180831641,-1.58039999999999));
#7705=CARTESIAN_POINT('Ctrl Pts',(-0.199999999999994,52.58,-14.8803999999999));
#7706=CARTESIAN_POINT('Ctrl Pts',(-0.414869954591199,52.58,-14.6655300454087));
#7707=CARTESIAN_POINT('Ctrl Pts',(-0.750154156655809,52.512731957001,-14.1851252704262));
#7708=CARTESIAN_POINT('Ctrl Pts',(-0.866666666666666,52.4656180831641,-13.6489874432389));
#7709=CARTESIAN_POINT('Ctrl Pts',(-0.866666666666667,52.4656180831641,-13.3803999999999));
#7710=CARTESIAN_POINT('Origin',(7.65811682275086,-4.10000000000005,-1.58039999999994));
#7711=CARTESIAN_POINT('',(-0.199999999999996,-4.10000000000005,-5.58039999999994));
#7712=CARTESIAN_POINT('',(-0.199999999999996,-4.10000000000005,-7.38039999999994));
#7713=CARTESIAN_POINT('',(7.65811682275086,-4.10000000000005,-5.58039999999994));
#7714=CARTESIAN_POINT('',(5.69358761706315,-4.10000000000006,-5.58039999999994));
#7715=CARTESIAN_POINT('',(7.65811682275086,-4.10000000000005,-1.58039999999994));
#7716=CARTESIAN_POINT('',(7.65811682275086,-4.10000000000005,-1.58039999999994));
#7717=CARTESIAN_POINT('',(47.52,-4.10000000000005,-1.58039999999994));
#7718=CARTESIAN_POINT('',(17.1590584113754,-4.10000000000005,-1.58039999999994));
#7719=CARTESIAN_POINT('',(47.52,-4.10000000000006,-5.58039999999994));
#7720=CARTESIAN_POINT('',(47.52,-4.10000000000006,-1.58039999999994));
#7721=CARTESIAN_POINT('',(29.0890584113754,-4.10000000000006,-5.58039999999994));
#7722=CARTESIAN_POINT('Origin',(-0.2,42.4999988004565,-1.58039999999998));
#7723=CARTESIAN_POINT('',(-0.200000000000001,51.9942135623731,-13.3803999999999));
#7724=CARTESIAN_POINT('',(-0.2,47.5399994002282,-13.3803999999999));
#7725=CARTESIAN_POINT('',(-0.200000000000001,51.9942135623731,-10.3803999999999));
#7726=CARTESIAN_POINT('',(-0.2,51.9942135623731,-1.58039999999999));
#7727=CARTESIAN_POINT('',(-0.2,50.78,-10.3803999999999));
#7728=CARTESIAN_POINT('',(-0.2,47.5399994002282,-10.3803999999999));
#7729=CARTESIAN_POINT('',(-0.2,50.78,-5.08039999999999));
#7730=CARTESIAN_POINT('',(-0.2,50.78,-7.38039999999999));
#7731=CARTESIAN_POINT('',(-0.199999999999999,42.4999988004565,-5.08039999999998));
#7732=CARTESIAN_POINT('',(-0.2,44.5199991003424,-5.08039999999998));
#7733=CARTESIAN_POINT('',(-0.199999999999999,42.4999988004565,-1.58039999999998));
#7734=CARTESIAN_POINT('',(-0.2,42.4999988004565,-1.58039999999998));
#7735=CARTESIAN_POINT('',(-0.199999999999996,3.84040301244208,-1.58039999999995));
#7736=CARTESIAN_POINT('',(-0.2,32.8699994002282,-1.58039999999997));
#7737=CARTESIAN_POINT('',(-0.199999999999997,3.84040301244207,-5.58039999999995));
#7738=CARTESIAN_POINT('',(-0.199999999999996,3.84040301244208,-1.58039999999995));
#7739=CARTESIAN_POINT('',(-0.199999999999998,21.1851001533387,-5.58039999999996));
#7740=CARTESIAN_POINT('Origin',(-2.2,52.58,-1.58039999999999));
#7741=CARTESIAN_POINT('',(-2.2,-4.10000000000004,-0.0803999999999394));
#7742=CARTESIAN_POINT('',(-2.2,-4.10000000000005,-1.58039999999993));
#7743=CARTESIAN_POINT('',(-2.2,37.91,-0.0803999999999856));
#7744=CARTESIAN_POINT('Origin',(-0.199999999999996,-4.10000000000005,-1.58039999999993));
#7745=CARTESIAN_POINT('',(-0.199999999999996,-6.10000000000005,-0.0803999999999372));
#7746=CARTESIAN_POINT('',(-0.199999999999996,-6.10000000000005,-1.58039999999993));
#7747=CARTESIAN_POINT('Origin',(-0.199999999999996,-4.10000000000004,-0.0803999999999394));
#7748=CARTESIAN_POINT('Ctrl Pts',(17.581521461428,52.58,-5.33868568935382));
#7749=CARTESIAN_POINT('Ctrl Pts',(17.581521461428,52.18,-5.33868568935382));
#7750=CARTESIAN_POINT('Ctrl Pts',(17.5690094276367,52.58,-5.22691304082376));
#7751=CARTESIAN_POINT('Ctrl Pts',(17.5690094276367,52.18,-5.22691304082376));
#7752=CARTESIAN_POINT('Ctrl Pts',(17.5440147984651,52.58,-5.00363072332468));
#7753=CARTESIAN_POINT('Ctrl Pts',(17.5440147984651,52.18,-5.00363072332468));
#7754=CARTESIAN_POINT('Ctrl Pts',(17.3678070355395,52.58,-4.86427934517628));
#7755=CARTESIAN_POINT('Ctrl Pts',(17.3678070355395,52.18,-4.86427934517628));
#7756=CARTESIAN_POINT('Ctrl Pts',(17.2798069219001,52.58,-4.79468571939456));
#7757=CARTESIAN_POINT('Ctrl Pts',(17.2798069219001,52.18,-4.79468571939456));
#7758=CARTESIAN_POINT('',(17.581521461428,52.58,-5.33868568935382));
#7759=CARTESIAN_POINT('',(17.2798069219001,52.58,-4.79468571939456));
#7760=CARTESIAN_POINT('Ctrl Pts',(17.581521461428,52.58,-5.33868568935382));
#7761=CARTESIAN_POINT('Ctrl Pts',(17.5690094276367,52.58,-5.22691304082376));
#7762=CARTESIAN_POINT('Ctrl Pts',(17.5440147984651,52.58,-5.00363072332468));
#7763=CARTESIAN_POINT('Ctrl Pts',(17.3678070355395,52.58,-4.86427934517628));
#7764=CARTESIAN_POINT('Ctrl Pts',(17.2798069219001,52.58,-4.79468571939456));
#7765=CARTESIAN_POINT('',(17.581521461428,52.18,-5.33868568935382));
#7766=CARTESIAN_POINT('',(17.581521461428,52.58,-5.33868568935382));
#7767=CARTESIAN_POINT('',(17.2798069219001,52.18,-4.79468571939456));
#7768=CARTESIAN_POINT('Ctrl Pts',(17.581521461428,52.18,-5.33868568935382));
#7769=CARTESIAN_POINT('Ctrl Pts',(17.5690094276367,52.18,-5.22691304082376));
#7770=CARTESIAN_POINT('Ctrl Pts',(17.5440147984651,52.18,-5.00363072332468));
#7771=CARTESIAN_POINT('Ctrl Pts',(17.3678070355395,52.18,-4.86427934517628));
#7772=CARTESIAN_POINT('Ctrl Pts',(17.2798069219001,52.18,-4.79468571939456));
#7773=CARTESIAN_POINT('',(17.2798069219001,52.58,-4.79468571939456));
#7774=CARTESIAN_POINT('Origin',(17.581521461428,52.58,-5.4575430134772));
#7775=CARTESIAN_POINT('',(17.581521461428,52.58,-5.4575430134772));
#7776=CARTESIAN_POINT('',(17.581521461428,52.58,-3.5189715067386));
#7777=CARTESIAN_POINT('',(17.581521461428,52.18,-5.4575430134772));
#7778=CARTESIAN_POINT('',(17.581521461428,52.58,-5.4575430134772));
#7779=CARTESIAN_POINT('',(17.581521461428,52.18,-5.4575430134772));
#7780=CARTESIAN_POINT('Ctrl Pts',(17.4352355698951,52.58,-5.85982847013461));
#7781=CARTESIAN_POINT('Ctrl Pts',(17.4352355698951,52.18,-5.85982847013461));
#7782=CARTESIAN_POINT('Ctrl Pts',(17.4778833833332,52.58,-5.80266451250321));
#7783=CARTESIAN_POINT('Ctrl Pts',(17.4778833833332,52.18,-5.80266451250321));
#7784=CARTESIAN_POINT('Ctrl Pts',(17.5667698754528,52.58,-5.68352350010657));
#7785=CARTESIAN_POINT('Ctrl Pts',(17.5667698754528,52.18,-5.68352350010657));
#7786=CARTESIAN_POINT('Ctrl Pts',(17.5764735947729,52.58,-5.5348716047943));
#7787=CARTESIAN_POINT('Ctrl Pts',(17.5764735947729,52.18,-5.5348716047943));
#7788=CARTESIAN_POINT('Ctrl Pts',(17.581521461428,52.58,-5.4575430134772));
#7789=CARTESIAN_POINT('Ctrl Pts',(17.581521461428,52.18,-5.4575430134772));
#7790=CARTESIAN_POINT('',(17.4352355698951,52.58,-5.85982847013461));
#7791=CARTESIAN_POINT('Ctrl Pts',(17.4352355698951,52.58,-5.85982847013461));
#7792=CARTESIAN_POINT('Ctrl Pts',(17.4778833833332,52.58,-5.80266451250321));
#7793=CARTESIAN_POINT('Ctrl Pts',(17.5667698754528,52.58,-5.68352350010657));
#7794=CARTESIAN_POINT('Ctrl Pts',(17.5764735947729,52.58,-5.5348716047943));
#7795=CARTESIAN_POINT('Ctrl Pts',(17.581521461428,52.58,-5.4575430134772));
#7796=CARTESIAN_POINT('',(17.4352355698951,52.18,-5.85982847013461));
#7797=CARTESIAN_POINT('',(17.4352355698951,52.58,-5.85982847013461));
#7798=CARTESIAN_POINT('Ctrl Pts',(17.4352355698951,52.18,-5.85982847013461));
#7799=CARTESIAN_POINT('Ctrl Pts',(17.4778833833332,52.18,-5.80266451250321));
#7800=CARTESIAN_POINT('Ctrl Pts',(17.5667698754528,52.18,-5.68352350010657));
#7801=CARTESIAN_POINT('Ctrl Pts',(17.5764735947729,52.18,-5.5348716047943));
#7802=CARTESIAN_POINT('Ctrl Pts',(17.581521461428,52.18,-5.4575430134772));
#7803=CARTESIAN_POINT('Ctrl Pts',(17.0055212478049,52.58,-6.11582863130557));
#7804=CARTESIAN_POINT('Ctrl Pts',(17.0055212478049,52.18,-6.11582863130557));
#7805=CARTESIAN_POINT('Ctrl Pts',(17.0916087763541,52.58,-6.08271684294872));
#7806=CARTESIAN_POINT('Ctrl Pts',(17.0916087763541,52.18,-6.08271684294872));
#7807=CARTESIAN_POINT('Ctrl Pts',(17.249787808406,52.58,-6.02187654795988));
#7808=CARTESIAN_POINT('Ctrl Pts',(17.249787808406,52.18,-6.02187654795988));
#7809=CARTESIAN_POINT('Ctrl Pts',(17.3771768698762,52.58,-5.91056135935124));
#7810=CARTESIAN_POINT('Ctrl Pts',(17.3771768698762,52.18,-5.91056135935124));
#7811=CARTESIAN_POINT('Ctrl Pts',(17.4352355698951,52.58,-5.85982847013461));
#7812=CARTESIAN_POINT('Ctrl Pts',(17.4352355698951,52.18,-5.85982847013461));
#7813=CARTESIAN_POINT('',(17.0055212478049,52.58,-6.11582863130557));
#7814=CARTESIAN_POINT('Ctrl Pts',(17.0055212478049,52.58,-6.11582863130557));
#7815=CARTESIAN_POINT('Ctrl Pts',(17.0916087763541,52.58,-6.08271684294872));
#7816=CARTESIAN_POINT('Ctrl Pts',(17.249787808406,52.58,-6.02187654795988));
#7817=CARTESIAN_POINT('Ctrl Pts',(17.3771768698762,52.58,-5.91056135935124));
#7818=CARTESIAN_POINT('Ctrl Pts',(17.4352355698951,52.58,-5.85982847013461));
#7819=CARTESIAN_POINT('',(17.0055212478049,52.18,-6.11582863130557));
#7820=CARTESIAN_POINT('',(17.0055212478049,52.58,-6.11582863130557));
#7821=CARTESIAN_POINT('Ctrl Pts',(17.0055212478049,52.18,-6.11582863130557));
#7822=CARTESIAN_POINT('Ctrl Pts',(17.0916087763541,52.18,-6.08271684294872));
#7823=CARTESIAN_POINT('Ctrl Pts',(17.249787808406,52.18,-6.02187654795988));
#7824=CARTESIAN_POINT('Ctrl Pts',(17.3771768698762,52.18,-5.91056135935124));
#7825=CARTESIAN_POINT('Ctrl Pts',(17.4352355698951,52.18,-5.85982847013461));
#7826=CARTESIAN_POINT('Origin',(16.7083783845313,52.58,-6.22097152271258));
#7827=CARTESIAN_POINT('',(16.7083783845313,52.58,-6.22097152271258));
#7828=CARTESIAN_POINT('',(34.6844770654966,52.58,0.139803798329027));
#7829=CARTESIAN_POINT('',(16.7083783845313,52.18,-6.22097152271258));
#7830=CARTESIAN_POINT('',(16.7083783845313,52.58,-6.22097152271258));
#7831=CARTESIAN_POINT('',(16.7083783845313,52.18,-6.22097152271258));
#7832=CARTESIAN_POINT('Ctrl Pts',(16.4226641158469,52.58,-6.35125714340198));
#7833=CARTESIAN_POINT('Ctrl Pts',(16.4226641158469,52.18,-6.35125714340198));
#7834=CARTESIAN_POINT('Ctrl Pts',(16.4578672401695,52.58,-6.33075830380481));
#7835=CARTESIAN_POINT('Ctrl Pts',(16.4578672401695,52.18,-6.33075830380481));
#7836=CARTESIAN_POINT('Ctrl Pts',(16.5486453768466,52.58,-6.27789803931188));
#7837=CARTESIAN_POINT('Ctrl Pts',(16.5486453768466,52.18,-6.27789803931188));
#7838=CARTESIAN_POINT('Ctrl Pts',(16.6477226081832,52.58,-6.24258835763712));
#7839=CARTESIAN_POINT('Ctrl Pts',(16.6477226081832,52.18,-6.24258835763712));
#7840=CARTESIAN_POINT('Ctrl Pts',(16.7083783845313,52.58,-6.22097152271258));
#7841=CARTESIAN_POINT('Ctrl Pts',(16.7083783845313,52.18,-6.22097152271258));
#7842=CARTESIAN_POINT('',(16.4226641158469,52.58,-6.35125714340198));
#7843=CARTESIAN_POINT('Ctrl Pts',(16.4226641158469,52.58,-6.35125714340198));
#7844=CARTESIAN_POINT('Ctrl Pts',(16.4578672401695,52.58,-6.33075830380481));
#7845=CARTESIAN_POINT('Ctrl Pts',(16.5486453768466,52.58,-6.27789803931188));
#7846=CARTESIAN_POINT('Ctrl Pts',(16.6477226081832,52.58,-6.24258835763712));
#7847=CARTESIAN_POINT('Ctrl Pts',(16.7083783845313,52.58,-6.22097152271258));
#7848=CARTESIAN_POINT('',(16.4226641158469,52.18,-6.35125714340198));
#7849=CARTESIAN_POINT('',(16.4226641158469,52.58,-6.35125714340198));
#7850=CARTESIAN_POINT('Ctrl Pts',(16.4226641158469,52.18,-6.35125714340198));
#7851=CARTESIAN_POINT('Ctrl Pts',(16.4578672401695,52.18,-6.33075830380481));
#7852=CARTESIAN_POINT('Ctrl Pts',(16.5486453768466,52.18,-6.27789803931188));
#7853=CARTESIAN_POINT('Ctrl Pts',(16.6477226081832,52.18,-6.24258835763712));
#7854=CARTESIAN_POINT('Ctrl Pts',(16.7083783845313,52.18,-6.22097152271258));
#7855=CARTESIAN_POINT('Ctrl Pts',(16.3518067101844,52.58,-6.47697138586032));
#7856=CARTESIAN_POINT('Ctrl Pts',(16.3518067101844,52.18,-6.47697138586032));
#7857=CARTESIAN_POINT('Ctrl Pts',(16.3553581325668,52.58,-6.45302059906079));
#7858=CARTESIAN_POINT('Ctrl Pts',(16.3553581325668,52.18,-6.45302059906079));
#7859=CARTESIAN_POINT('Ctrl Pts',(16.362874663229,52.58,-6.40232912843971));
#7860=CARTESIAN_POINT('Ctrl Pts',(16.362874663229,52.18,-6.40232912843971));
#7861=CARTESIAN_POINT('Ctrl Pts',(16.4020162227355,52.58,-6.36889451658194));
#7862=CARTESIAN_POINT('Ctrl Pts',(16.4020162227355,52.18,-6.36889451658194));
#7863=CARTESIAN_POINT('Ctrl Pts',(16.4226641158469,52.58,-6.35125714340198));
#7864=CARTESIAN_POINT('Ctrl Pts',(16.4226641158469,52.18,-6.35125714340198));
#7865=CARTESIAN_POINT('',(16.3518067101844,52.58,-6.47697138586032));
#7866=CARTESIAN_POINT('Ctrl Pts',(16.3518067101844,52.58,-6.47697138586032));
#7867=CARTESIAN_POINT('Ctrl Pts',(16.3553581325668,52.58,-6.45302059906079));
#7868=CARTESIAN_POINT('Ctrl Pts',(16.362874663229,52.58,-6.40232912843971));
#7869=CARTESIAN_POINT('Ctrl Pts',(16.4020162227355,52.58,-6.36889451658194));
#7870=CARTESIAN_POINT('Ctrl Pts',(16.4226641158469,52.58,-6.35125714340198));
#7871=CARTESIAN_POINT('',(16.3518067101844,52.18,-6.47697138586032));
#7872=CARTESIAN_POINT('',(16.3518067101844,52.58,-6.47697138586032));
#7873=CARTESIAN_POINT('Ctrl Pts',(16.3518067101844,52.18,-6.47697138586032));
#7874=CARTESIAN_POINT('Ctrl Pts',(16.3553581325668,52.18,-6.45302059906079));
#7875=CARTESIAN_POINT('Ctrl Pts',(16.362874663229,52.18,-6.40232912843971));
#7876=CARTESIAN_POINT('Ctrl Pts',(16.4020162227355,52.18,-6.36889451658194));
#7877=CARTESIAN_POINT('Ctrl Pts',(16.4226641158469,52.18,-6.35125714340198));
#7878=CARTESIAN_POINT('Origin',(16.3518067101844,52.58,-6.51354300775516));
#7879=CARTESIAN_POINT('',(16.3518067101844,52.58,-6.51354300775516));
#7880=CARTESIAN_POINT('',(16.3518067101844,52.58,-4.04697150387757));
#7881=CARTESIAN_POINT('',(16.3518067101844,52.18,-6.51354300775516));
#7882=CARTESIAN_POINT('',(16.3518067101844,52.58,-6.51354300775516));
#7883=CARTESIAN_POINT('',(16.3518067101844,52.18,-6.51354300775516));
#7884=CARTESIAN_POINT('Ctrl Pts',(16.4249496559508,52.58,-6.63925695219028));
#7885=CARTESIAN_POINT('Ctrl Pts',(16.4249496559508,52.18,-6.63925695219028));
#7886=CARTESIAN_POINT('Ctrl Pts',(16.4036241849048,52.58,-6.6225106987612));
#7887=CARTESIAN_POINT('Ctrl Pts',(16.4036241849048,52.18,-6.6225106987612));
#7888=CARTESIAN_POINT('Ctrl Pts',(16.3624387795521,52.58,-6.59016903399215));
#7889=CARTESIAN_POINT('Ctrl Pts',(16.3624387795521,52.18,-6.59016903399215));
#7890=CARTESIAN_POINT('Ctrl Pts',(16.355265650709,52.58,-6.53847182059714));
#7891=CARTESIAN_POINT('Ctrl Pts',(16.355265650709,52.18,-6.53847182059714));
#7892=CARTESIAN_POINT('Ctrl Pts',(16.3518067101844,52.58,-6.51354300775516));
#7893=CARTESIAN_POINT('Ctrl Pts',(16.3518067101844,52.18,-6.51354300775516));
#7894=CARTESIAN_POINT('',(16.4249496559508,52.58,-6.63925695219028));
#7895=CARTESIAN_POINT('Ctrl Pts',(16.4249496559508,52.58,-6.63925695219028));
#7896=CARTESIAN_POINT('Ctrl Pts',(16.4036241849048,52.58,-6.6225106987612));
#7897=CARTESIAN_POINT('Ctrl Pts',(16.3624387795521,52.58,-6.59016903399215));
#7898=CARTESIAN_POINT('Ctrl Pts',(16.355265650709,52.58,-6.53847182059714));
#7899=CARTESIAN_POINT('Ctrl Pts',(16.3518067101844,52.58,-6.51354300775516));
#7900=CARTESIAN_POINT('',(16.4249496559508,52.18,-6.63925695219028));
#7901=CARTESIAN_POINT('',(16.4249496559508,52.58,-6.63925695219028));
#7902=CARTESIAN_POINT('Ctrl Pts',(16.4249496559508,52.18,-6.63925695219028));
#7903=CARTESIAN_POINT('Ctrl Pts',(16.4036241849048,52.18,-6.6225106987612));
#7904=CARTESIAN_POINT('Ctrl Pts',(16.3624387795521,52.18,-6.59016903399215));
#7905=CARTESIAN_POINT('Ctrl Pts',(16.355265650709,52.18,-6.53847182059714));
#7906=CARTESIAN_POINT('Ctrl Pts',(16.3518067101844,52.18,-6.51354300775516));
#7907=CARTESIAN_POINT('Ctrl Pts',(16.6443784932502,52.58,-6.68725716867435));
#7908=CARTESIAN_POINT('Ctrl Pts',(16.6443784932502,52.18,-6.68725716867435));
#7909=CARTESIAN_POINT('Ctrl Pts',(16.6009202826248,52.58,-6.68657296703825));
#7910=CARTESIAN_POINT('Ctrl Pts',(16.6009202826248,52.18,-6.68657296703825));
#7911=CARTESIAN_POINT('Ctrl Pts',(16.5242466190739,52.58,-6.68536582469869));
#7912=CARTESIAN_POINT('Ctrl Pts',(16.5242466190739,52.18,-6.68536582469869));
#7913=CARTESIAN_POINT('Ctrl Pts',(16.4549634890766,52.58,-6.65319397464856));
#7914=CARTESIAN_POINT('Ctrl Pts',(16.4549634890766,52.18,-6.65319397464856));
#7915=CARTESIAN_POINT('Ctrl Pts',(16.4249496559508,52.58,-6.63925695219028));
#7916=CARTESIAN_POINT('Ctrl Pts',(16.4249496559508,52.18,-6.63925695219028));
#7917=CARTESIAN_POINT('',(16.6443784932502,52.58,-6.68725716867435));
#7918=CARTESIAN_POINT('Ctrl Pts',(16.6443784932502,52.58,-6.68725716867435));
#7919=CARTESIAN_POINT('Ctrl Pts',(16.6009202826248,52.58,-6.68657296703825));
#7920=CARTESIAN_POINT('Ctrl Pts',(16.5242466190739,52.58,-6.68536582469869));
#7921=CARTESIAN_POINT('Ctrl Pts',(16.4549634890766,52.58,-6.65319397464856));
#7922=CARTESIAN_POINT('Ctrl Pts',(16.4249496559508,52.58,-6.63925695219028));
#7923=CARTESIAN_POINT('',(16.6443784932502,52.18,-6.68725716867435));
#7924=CARTESIAN_POINT('',(16.6443784932502,52.58,-6.68725716867435));
#7925=CARTESIAN_POINT('Ctrl Pts',(16.6443784932502,52.18,-6.68725716867435));
#7926=CARTESIAN_POINT('Ctrl Pts',(16.6009202826248,52.18,-6.68657296703825));
#7927=CARTESIAN_POINT('Ctrl Pts',(16.5242466190739,52.18,-6.68536582469869));
#7928=CARTESIAN_POINT('Ctrl Pts',(16.4549634890766,52.18,-6.65319397464856));
#7929=CARTESIAN_POINT('Ctrl Pts',(16.4249496559508,52.18,-6.63925695219028));
#7930=CARTESIAN_POINT('Ctrl Pts',(16.9323780040152,52.58,-6.6484000066756));
#7931=CARTESIAN_POINT('Ctrl Pts',(16.9323780040152,52.18,-6.6484000066756));
#7932=CARTESIAN_POINT('Ctrl Pts',(16.8872677783026,52.58,-6.65972693167331));
#7933=CARTESIAN_POINT('Ctrl Pts',(16.8872677783026,52.18,-6.65972693167331));
#7934=CARTESIAN_POINT('Ctrl Pts',(16.7927589057139,52.58,-6.68345758020186));
#7935=CARTESIAN_POINT('Ctrl Pts',(16.7927589057139,52.18,-6.68345758020186));
#7936=CARTESIAN_POINT('Ctrl Pts',(16.6953125349589,52.58,-6.68595289680638));
#7937=CARTESIAN_POINT('Ctrl Pts',(16.6953125349589,52.18,-6.68595289680638));
#7938=CARTESIAN_POINT('Ctrl Pts',(16.6443784932502,52.58,-6.68725716867435));
#7939=CARTESIAN_POINT('Ctrl Pts',(16.6443784932502,52.18,-6.68725716867435));
#7940=CARTESIAN_POINT('',(16.9323780040152,52.58,-6.6484000066756));
#7941=CARTESIAN_POINT('Ctrl Pts',(16.9323780040152,52.58,-6.6484000066756));
#7942=CARTESIAN_POINT('Ctrl Pts',(16.8872677783026,52.58,-6.65972693167331));
#7943=CARTESIAN_POINT('Ctrl Pts',(16.7927589057139,52.58,-6.68345758020186));
#7944=CARTESIAN_POINT('Ctrl Pts',(16.6953125349589,52.58,-6.68595289680638));
#7945=CARTESIAN_POINT('Ctrl Pts',(16.6443784932502,52.58,-6.68725716867435));
#7946=CARTESIAN_POINT('',(16.9323780040152,52.18,-6.6484000066756));
#7947=CARTESIAN_POINT('',(16.9323780040152,52.58,-6.6484000066756));
#7948=CARTESIAN_POINT('Ctrl Pts',(16.9323780040152,52.18,-6.6484000066756));
#7949=CARTESIAN_POINT('Ctrl Pts',(16.8872677783026,52.18,-6.65972693167331));
#7950=CARTESIAN_POINT('Ctrl Pts',(16.7927589057139,52.18,-6.68345758020186));
#7951=CARTESIAN_POINT('Ctrl Pts',(16.6953125349589,52.18,-6.68595289680638));
#7952=CARTESIAN_POINT('Ctrl Pts',(16.6443784932502,52.18,-6.68725716867435));
#7953=CARTESIAN_POINT('Ctrl Pts',(17.224949787081,52.58,-6.50439995326984));
#7954=CARTESIAN_POINT('Ctrl Pts',(17.224949787081,52.18,-6.50439995326984));
#7955=CARTESIAN_POINT('Ctrl Pts',(17.1740918269018,52.58,-6.53588851738704));
#7956=CARTESIAN_POINT('Ctrl Pts',(17.1740918269018,52.18,-6.53588851738704));
#7957=CARTESIAN_POINT('Ctrl Pts',(17.0811812085031,52.58,-6.59341386748575));
#7958=CARTESIAN_POINT('Ctrl Pts',(17.0811812085031,52.18,-6.59341386748575));
#7959=CARTESIAN_POINT('Ctrl Pts',(16.9787429890474,52.58,-6.63126709929442));
#7960=CARTESIAN_POINT('Ctrl Pts',(16.9787429890474,52.18,-6.63126709929442));
#7961=CARTESIAN_POINT('Ctrl Pts',(16.9323780040152,52.58,-6.6484000066756));
#7962=CARTESIAN_POINT('Ctrl Pts',(16.9323780040152,52.18,-6.6484000066756));
#7963=CARTESIAN_POINT('',(17.224949787081,52.58,-6.50439995326984));
#7964=CARTESIAN_POINT('Ctrl Pts',(17.224949787081,52.58,-6.50439995326984));
#7965=CARTESIAN_POINT('Ctrl Pts',(17.1740918269018,52.58,-6.53588851738704));
#7966=CARTESIAN_POINT('Ctrl Pts',(17.0811812085031,52.58,-6.59341386748575));
#7967=CARTESIAN_POINT('Ctrl Pts',(16.9787429890474,52.58,-6.63126709929442));
#7968=CARTESIAN_POINT('Ctrl Pts',(16.9323780040152,52.58,-6.6484000066756));
#7969=CARTESIAN_POINT('',(17.224949787081,52.18,-6.50439995326984));
#7970=CARTESIAN_POINT('',(17.224949787081,52.58,-6.50439995326984));
#7971=CARTESIAN_POINT('Ctrl Pts',(17.224949787081,52.18,-6.50439995326984));
#7972=CARTESIAN_POINT('Ctrl Pts',(17.1740918269018,52.18,-6.53588851738704));
#7973=CARTESIAN_POINT('Ctrl Pts',(17.0811812085031,52.18,-6.59341386748575));
#7974=CARTESIAN_POINT('Ctrl Pts',(16.9787429890474,52.18,-6.63126709929442));
#7975=CARTESIAN_POINT('Ctrl Pts',(16.9323780040152,52.18,-6.6484000066756));
#7976=CARTESIAN_POINT('Origin',(17.5495209197409,52.58,-6.8929712752341));
#7977=CARTESIAN_POINT('',(17.5495209197409,52.58,-6.8929712752341));
#7978=CARTESIAN_POINT('',(24.045023827019,52.58,-14.669282528855));
#7979=CARTESIAN_POINT('',(17.5495209197409,52.18,-6.8929712752341));
#7980=CARTESIAN_POINT('',(17.5495209197409,52.58,-6.8929712752341));
#7981=CARTESIAN_POINT('',(17.5495209197409,52.18,-6.8929712752341));
#7982=CARTESIAN_POINT('Ctrl Pts',(17.1198071936972,52.58,-7.13068577446925));
#7983=CARTESIAN_POINT('Ctrl Pts',(17.1198071936972,52.18,-7.13068577446925));
#7984=CARTESIAN_POINT('Ctrl Pts',(17.1995031490986,52.58,-7.09995645092023));
#7985=CARTESIAN_POINT('Ctrl Pts',(17.1995031490986,52.18,-7.09995645092023));
#7986=CARTESIAN_POINT('Ctrl Pts',(17.353753542701,52.58,-7.04048028015716));
#7987=CARTESIAN_POINT('Ctrl Pts',(17.353753542701,52.18,-7.04048028015716));
#7988=CARTESIAN_POINT('Ctrl Pts',(17.4857315028031,52.58,-6.94103604250741));
#7989=CARTESIAN_POINT('Ctrl Pts',(17.4857315028031,52.18,-6.94103604250741));
#7990=CARTESIAN_POINT('Ctrl Pts',(17.5495209197409,52.58,-6.8929712752341));
#7991=CARTESIAN_POINT('Ctrl Pts',(17.5495209197409,52.18,-6.8929712752341));
#7992=CARTESIAN_POINT('',(17.1198071936972,52.58,-7.13068577446925));
#7993=CARTESIAN_POINT('Ctrl Pts',(17.1198071936972,52.58,-7.13068577446925));
#7994=CARTESIAN_POINT('Ctrl Pts',(17.1995031490986,52.58,-7.09995645092023));
#7995=CARTESIAN_POINT('Ctrl Pts',(17.353753542701,52.58,-7.04048028015716));
#7996=CARTESIAN_POINT('Ctrl Pts',(17.4857315028031,52.58,-6.94103604250741));
#7997=CARTESIAN_POINT('Ctrl Pts',(17.5495209197409,52.58,-6.8929712752341));
#7998=CARTESIAN_POINT('',(17.1198071936972,52.18,-7.13068577446925));
#7999=CARTESIAN_POINT('',(17.1198071936972,52.58,-7.13068577446925));
#8000=CARTESIAN_POINT('Ctrl Pts',(17.1198071936972,52.18,-7.13068577446925));
#8001=CARTESIAN_POINT('Ctrl Pts',(17.1995031490986,52.18,-7.09995645092023));
#8002=CARTESIAN_POINT('Ctrl Pts',(17.353753542701,52.18,-7.04048028015716));
#8003=CARTESIAN_POINT('Ctrl Pts',(17.4857315028031,52.18,-6.94103604250741));
#8004=CARTESIAN_POINT('Ctrl Pts',(17.5495209197409,52.18,-6.8929712752341));
#8005=CARTESIAN_POINT('Ctrl Pts',(16.5986641148932,52.58,-7.21754270591724));
#8006=CARTESIAN_POINT('Ctrl Pts',(16.5986641148932,52.18,-7.21754270591724));
#8007=CARTESIAN_POINT('Ctrl Pts',(16.6876577360857,52.58,-7.21397500633533));
#8008=CARTESIAN_POINT('Ctrl Pts',(16.6876577360857,52.18,-7.21397500633533));
#8009=CARTESIAN_POINT('Ctrl Pts',(16.8650190683446,52.58,-7.2068646995238));
#8010=CARTESIAN_POINT('Ctrl Pts',(16.8650190683446,52.18,-7.2068646995238));
#8011=CARTESIAN_POINT('Ctrl Pts',(17.0350778650451,52.58,-7.15601893773335));
#8012=CARTESIAN_POINT('Ctrl Pts',(17.0350778650451,52.18,-7.15601893773335));
#8013=CARTESIAN_POINT('Ctrl Pts',(17.1198071936972,52.58,-7.13068577446925));
#8014=CARTESIAN_POINT('Ctrl Pts',(17.1198071936972,52.18,-7.13068577446925));
#8015=CARTESIAN_POINT('',(16.5986641148932,52.58,-7.21754270591724));
#8016=CARTESIAN_POINT('Ctrl Pts',(16.5986641148932,52.58,-7.21754270591724));
#8017=CARTESIAN_POINT('Ctrl Pts',(16.6876577360857,52.58,-7.21397500633533));
#8018=CARTESIAN_POINT('Ctrl Pts',(16.8650190683446,52.58,-7.2068646995238));
#8019=CARTESIAN_POINT('Ctrl Pts',(17.0350778650451,52.58,-7.15601893773335));
#8020=CARTESIAN_POINT('Ctrl Pts',(17.1198071936972,52.58,-7.13068577446925));
#8021=CARTESIAN_POINT('',(16.5986641148932,52.18,-7.21754270591724));
#8022=CARTESIAN_POINT('',(16.5986641148932,52.58,-7.21754270591724));
#8023=CARTESIAN_POINT('Ctrl Pts',(16.5986641148932,52.18,-7.21754270591724));
#8024=CARTESIAN_POINT('Ctrl Pts',(16.6876577360857,52.18,-7.21397500633533));
#8025=CARTESIAN_POINT('Ctrl Pts',(16.8650190683446,52.18,-7.2068646995238));
#8026=CARTESIAN_POINT('Ctrl Pts',(17.0350778650451,52.18,-7.15601893773335));
#8027=CARTESIAN_POINT('Ctrl Pts',(17.1198071936972,52.18,-7.13068577446925));
#8028=CARTESIAN_POINT('Ctrl Pts',(16.0683782796271,52.58,-7.12839993634212));
#8029=CARTESIAN_POINT('Ctrl Pts',(16.0683782796271,52.18,-7.12839993634212));
#8030=CARTESIAN_POINT('Ctrl Pts',(16.1507882408234,52.58,-7.1543858370763));
#8031=CARTESIAN_POINT('Ctrl Pts',(16.1507882408234,52.18,-7.1543858370763));
#8032=CARTESIAN_POINT('Ctrl Pts',(16.323297143247,52.58,-7.20878216428076));
#8033=CARTESIAN_POINT('Ctrl Pts',(16.323297143247,52.18,-7.20878216428076));
#8034=CARTESIAN_POINT('Ctrl Pts',(16.5041876047884,52.58,-7.21453702446062));
#8035=CARTESIAN_POINT('Ctrl Pts',(16.5041876047884,52.18,-7.21453702446062));
#8036=CARTESIAN_POINT('Ctrl Pts',(16.5986641148932,52.58,-7.21754270591724));
#8037=CARTESIAN_POINT('Ctrl Pts',(16.5986641148932,52.18,-7.21754270591724));
#8038=CARTESIAN_POINT('',(16.0683782796271,52.58,-7.12839993634212));
#8039=CARTESIAN_POINT('Ctrl Pts',(16.0683782796271,52.58,-7.12839993634212));
#8040=CARTESIAN_POINT('Ctrl Pts',(16.1507882408234,52.58,-7.1543858370763));
#8041=CARTESIAN_POINT('Ctrl Pts',(16.323297143247,52.58,-7.20878216428076));
#8042=CARTESIAN_POINT('Ctrl Pts',(16.5041876047884,52.58,-7.21453702446062));
#8043=CARTESIAN_POINT('Ctrl Pts',(16.5986641148932,52.58,-7.21754270591724));
#8044=CARTESIAN_POINT('',(16.0683782796271,52.18,-7.12839993634212));
#8045=CARTESIAN_POINT('',(16.0683782796271,52.58,-7.12839993634212));
#8046=CARTESIAN_POINT('Ctrl Pts',(16.0683782796271,52.18,-7.12839993634212));
#8047=CARTESIAN_POINT('Ctrl Pts',(16.1507882408234,52.18,-7.1543858370763));
#8048=CARTESIAN_POINT('Ctrl Pts',(16.323297143247,52.18,-7.20878216428076));
#8049=CARTESIAN_POINT('Ctrl Pts',(16.5041876047884,52.18,-7.21453702446062));
#8050=CARTESIAN_POINT('Ctrl Pts',(16.5986641148932,52.18,-7.21754270591724));
#8051=CARTESIAN_POINT('Ctrl Pts',(15.7072355250724,52.58,-6.87697160043704));
#8052=CARTESIAN_POINT('Ctrl Pts',(15.7072355250724,52.18,-6.87697160043704));
#8053=CARTESIAN_POINT('Ctrl Pts',(15.7560498599426,52.58,-6.9286725788441));
#8054=CARTESIAN_POINT('Ctrl Pts',(15.7560498599426,52.18,-6.9286725788441));
#8055=CARTESIAN_POINT('Ctrl Pts',(15.8587774510718,52.58,-7.0374749825827));
#8056=CARTESIAN_POINT('Ctrl Pts',(15.8587774510718,52.18,-7.0374749825827));
#8057=CARTESIAN_POINT('Ctrl Pts',(15.9962370510114,52.58,-7.09710503201732));
#8058=CARTESIAN_POINT('Ctrl Pts',(15.9962370510114,52.18,-7.09710503201732));
#8059=CARTESIAN_POINT('Ctrl Pts',(16.0683782796271,52.58,-7.12839993634212));
#8060=CARTESIAN_POINT('Ctrl Pts',(16.0683782796271,52.18,-7.12839993634212));
#8061=CARTESIAN_POINT('',(15.7072355250724,52.58,-6.87697160043704));
#8062=CARTESIAN_POINT('Ctrl Pts',(15.7072355250724,52.58,-6.87697160043704));
#8063=CARTESIAN_POINT('Ctrl Pts',(15.7560498599426,52.58,-6.9286725788441));
#8064=CARTESIAN_POINT('Ctrl Pts',(15.8587774510718,52.58,-7.0374749825827));
#8065=CARTESIAN_POINT('Ctrl Pts',(15.9962370510114,52.58,-7.09710503201732));
#8066=CARTESIAN_POINT('Ctrl Pts',(16.0683782796271,52.58,-7.12839993634212));
#8067=CARTESIAN_POINT('',(15.7072355250724,52.18,-6.87697160043704));
#8068=CARTESIAN_POINT('',(15.7072355250724,52.58,-6.87697160043704));
#8069=CARTESIAN_POINT('Ctrl Pts',(15.7072355250724,52.18,-6.87697160043704));
#8070=CARTESIAN_POINT('Ctrl Pts',(15.7560498599426,52.18,-6.9286725788441));
#8071=CARTESIAN_POINT('Ctrl Pts',(15.8587774510718,52.18,-7.0374749825827));
#8072=CARTESIAN_POINT('Ctrl Pts',(15.9962370510114,52.18,-7.09710503201732));
#8073=CARTESIAN_POINT('Ctrl Pts',(16.0683782796271,52.18,-7.12839993634212));
#8074=CARTESIAN_POINT('Ctrl Pts',(15.5792354444869,52.58,-6.50439995326984));
#8075=CARTESIAN_POINT('Ctrl Pts',(15.5792354444869,52.18,-6.50439995326984));
#8076=CARTESIAN_POINT('Ctrl Pts',(15.584467986344,52.58,-6.57236712161913));
#8077=CARTESIAN_POINT('Ctrl Pts',(15.584467986344,52.18,-6.57236712161913));
#8078=CARTESIAN_POINT('Ctrl Pts',(15.5948842194295,52.58,-6.70766692179549));
#8079=CARTESIAN_POINT('Ctrl Pts',(15.5948842194295,52.18,-6.70766692179549));
#8080=CARTESIAN_POINT('Ctrl Pts',(15.6699023646136,52.58,-6.82071343149112));
#8081=CARTESIAN_POINT('Ctrl Pts',(15.6699023646136,52.18,-6.82071343149112));
#8082=CARTESIAN_POINT('Ctrl Pts',(15.7072355250724,52.58,-6.87697160043704));
#8083=CARTESIAN_POINT('Ctrl Pts',(15.7072355250724,52.18,-6.87697160043704));
#8084=CARTESIAN_POINT('',(15.5792354444869,52.58,-6.50439995326984));
#8085=CARTESIAN_POINT('Ctrl Pts',(15.5792354444869,52.58,-6.50439995326984));
#8086=CARTESIAN_POINT('Ctrl Pts',(15.584467986344,52.58,-6.57236712161913));
#8087=CARTESIAN_POINT('Ctrl Pts',(15.5948842194295,52.58,-6.70766692179549));
#8088=CARTESIAN_POINT('Ctrl Pts',(15.6699023646136,52.58,-6.82071343149112));
#8089=CARTESIAN_POINT('Ctrl Pts',(15.7072355250724,52.58,-6.87697160043704));
#8090=CARTESIAN_POINT('',(15.5792354444869,52.18,-6.50439995326984));
#8091=CARTESIAN_POINT('',(15.5792354444869,52.58,-6.50439995326984));
#8092=CARTESIAN_POINT('Ctrl Pts',(15.5792354444869,52.18,-6.50439995326984));
#8093=CARTESIAN_POINT('Ctrl Pts',(15.584467986344,52.18,-6.57236712161913));
#8094=CARTESIAN_POINT('Ctrl Pts',(15.5948842194295,52.18,-6.70766692179549));
#8095=CARTESIAN_POINT('Ctrl Pts',(15.6699023646136,52.18,-6.82071343149112));
#8096=CARTESIAN_POINT('Ctrl Pts',(15.7072355250724,52.18,-6.87697160043704));
#8097=CARTESIAN_POINT('Origin',(15.5792354444869,52.58,-6.39011430540073));
#8098=CARTESIAN_POINT('',(15.5792354444869,52.58,-6.39011430540073));
#8099=CARTESIAN_POINT('',(15.5792354444869,52.58,-3.98525715270036));
#8100=CARTESIAN_POINT('',(15.5792354444869,52.18,-6.39011430540073));
#8101=CARTESIAN_POINT('',(15.5792354444869,52.58,-6.39011430540073));
#8102=CARTESIAN_POINT('',(15.5792354444869,52.18,-6.39011430540073));
#8103=CARTESIAN_POINT('Ctrl Pts',(15.7186641196616,52.58,-6.00611436166751));
#8104=CARTESIAN_POINT('Ctrl Pts',(15.7186641196616,52.18,-6.00611436166751));
#8105=CARTESIAN_POINT('Ctrl Pts',(15.6780112078648,52.58,-6.06110773370797));
#8106=CARTESIAN_POINT('Ctrl Pts',(15.6780112078648,52.18,-6.06110773370797));
#8107=CARTESIAN_POINT('Ctrl Pts',(15.5937486206052,52.58,-6.17509425042844));
#8108=CARTESIAN_POINT('Ctrl Pts',(15.5937486206052,52.18,-6.17509425042844));
#8109=CARTESIAN_POINT('Ctrl Pts',(15.5841850315747,52.58,-6.31678366577879));
#8110=CARTESIAN_POINT('Ctrl Pts',(15.5841850315747,52.18,-6.31678366577879));
#8111=CARTESIAN_POINT('Ctrl Pts',(15.5792354444869,52.58,-6.39011430540073));
#8112=CARTESIAN_POINT('Ctrl Pts',(15.5792354444869,52.18,-6.39011430540073));
#8113=CARTESIAN_POINT('',(15.7186641196616,52.58,-6.00611436166751));
#8114=CARTESIAN_POINT('Ctrl Pts',(15.7186641196616,52.58,-6.00611436166751));
#8115=CARTESIAN_POINT('Ctrl Pts',(15.6780112078648,52.58,-6.06110773370797));
#8116=CARTESIAN_POINT('Ctrl Pts',(15.5937486206052,52.58,-6.17509425042844));
#8117=CARTESIAN_POINT('Ctrl Pts',(15.5841850315747,52.58,-6.31678366577879));
#8118=CARTESIAN_POINT('Ctrl Pts',(15.5792354444869,52.58,-6.39011430540073));
#8119=CARTESIAN_POINT('',(15.7186641196616,52.18,-6.00611436166751));
#8120=CARTESIAN_POINT('',(15.7186641196616,52.58,-6.00611436166751));
#8121=CARTESIAN_POINT('Ctrl Pts',(15.7186641196616,52.18,-6.00611436166751));
#8122=CARTESIAN_POINT('Ctrl Pts',(15.6780112078648,52.18,-6.06110773370797));
#8123=CARTESIAN_POINT('Ctrl Pts',(15.5937486206052,52.18,-6.17509425042844));
#8124=CARTESIAN_POINT('Ctrl Pts',(15.5841850315747,52.18,-6.31678366577879));
#8125=CARTESIAN_POINT('Ctrl Pts',(15.5792354444869,52.18,-6.39011430540073));
#8126=CARTESIAN_POINT('Ctrl Pts',(16.1506639818557,52.58,-5.75011420049655));
#8127=CARTESIAN_POINT('Ctrl Pts',(16.1506639818557,52.18,-5.75011420049655));
#8128=CARTESIAN_POINT('Ctrl Pts',(16.0627481559609,52.58,-5.78379874117154));
#8129=CARTESIAN_POINT('Ctrl Pts',(16.0627481559609,52.18,-5.78379874117154));
#8130=CARTESIAN_POINT('Ctrl Pts',(15.9038408299656,52.58,-5.84468334563914));
#8131=CARTESIAN_POINT('Ctrl Pts',(15.9038408299656,52.18,-5.84468334563914));
#8132=CARTESIAN_POINT('Ctrl Pts',(15.7758456750067,52.58,-5.95626534684115));
#8133=CARTESIAN_POINT('Ctrl Pts',(15.7758456750067,52.18,-5.95626534684115));
#8134=CARTESIAN_POINT('Ctrl Pts',(15.7186641196616,52.58,-6.00611436166751));
#8135=CARTESIAN_POINT('Ctrl Pts',(15.7186641196616,52.18,-6.00611436166751));
#8136=CARTESIAN_POINT('',(16.1506639818557,52.58,-5.75011420049655));
#8137=CARTESIAN_POINT('Ctrl Pts',(16.1506639818557,52.58,-5.75011420049655));
#8138=CARTESIAN_POINT('Ctrl Pts',(16.0627481559609,52.58,-5.78379874117154));
#8139=CARTESIAN_POINT('Ctrl Pts',(15.9038408299656,52.58,-5.84468334563914));
#8140=CARTESIAN_POINT('Ctrl Pts',(15.7758456750067,52.58,-5.95626534684115));
#8141=CARTESIAN_POINT('Ctrl Pts',(15.7186641196616,52.58,-6.00611436166751));
#8142=CARTESIAN_POINT('',(16.1506639818557,52.18,-5.75011420049655));
#8143=CARTESIAN_POINT('',(16.1506639818557,52.58,-5.75011420049655));
#8144=CARTESIAN_POINT('Ctrl Pts',(16.1506639818557,52.18,-5.75011420049655));
#8145=CARTESIAN_POINT('Ctrl Pts',(16.0627481559609,52.18,-5.78379874117154));
#8146=CARTESIAN_POINT('Ctrl Pts',(15.9038408299656,52.18,-5.84468334563914));
#8147=CARTESIAN_POINT('Ctrl Pts',(15.7758456750067,52.18,-5.95626534684115));
#8148=CARTESIAN_POINT('Ctrl Pts',(15.7186641196616,52.18,-6.00611436166751));
#8149=CARTESIAN_POINT('Origin',(16.4432354668982,52.58,-5.64497160711276));
#8150=CARTESIAN_POINT('',(16.4432354668982,52.58,-5.64497160711276));
#8151=CARTESIAN_POINT('',(34.3936747516924,52.58,0.805950083040607));
#8152=CARTESIAN_POINT('',(16.4432354668982,52.18,-5.64497160711276));
#8153=CARTESIAN_POINT('',(16.4432354668982,52.58,-5.64497160711276));
#8154=CARTESIAN_POINT('',(16.4432354668982,52.18,-5.64497160711276));
#8155=CARTESIAN_POINT('Ctrl Pts',(16.7289497355826,52.58,-5.51697152652728));
#8156=CARTESIAN_POINT('Ctrl Pts',(16.7289497355826,52.18,-5.51697152652728));
#8157=CARTESIAN_POINT('Ctrl Pts',(16.6938053334302,52.58,-5.53779779384587));
#8158=CARTESIAN_POINT('Ctrl Pts',(16.6938053334302,52.18,-5.53779779384587));
#8159=CARTESIAN_POINT('Ctrl Pts',(16.6036034240783,52.58,-5.59125066149357));
#8160=CARTESIAN_POINT('Ctrl Pts',(16.6036034240783,52.18,-5.59125066149357));
#8161=CARTESIAN_POINT('Ctrl Pts',(16.504019546627,52.58,-5.62460981976422));
#8162=CARTESIAN_POINT('Ctrl Pts',(16.504019546627,52.18,-5.62460981976422));
#8163=CARTESIAN_POINT('Ctrl Pts',(16.4432354668982,52.58,-5.64497160711276));
#8164=CARTESIAN_POINT('Ctrl Pts',(16.4432354668982,52.18,-5.64497160711276));
#8165=CARTESIAN_POINT('',(16.7289497355826,52.58,-5.51697152652728));
#8166=CARTESIAN_POINT('Ctrl Pts',(16.7289497355826,52.58,-5.51697152652728));
#8167=CARTESIAN_POINT('Ctrl Pts',(16.6938053334302,52.58,-5.53779779384587));
#8168=CARTESIAN_POINT('Ctrl Pts',(16.6036034240783,52.58,-5.59125066149357));
#8169=CARTESIAN_POINT('Ctrl Pts',(16.504019546627,52.58,-5.62460981976422));
#8170=CARTESIAN_POINT('Ctrl Pts',(16.4432354668982,52.58,-5.64497160711276));
#8171=CARTESIAN_POINT('',(16.7289497355826,52.18,-5.51697152652728));
#8172=CARTESIAN_POINT('',(16.7289497355826,52.58,-5.51697152652728));
#8173=CARTESIAN_POINT('Ctrl Pts',(16.7289497355826,52.18,-5.51697152652728));
#8174=CARTESIAN_POINT('Ctrl Pts',(16.6938053334302,52.18,-5.53779779384587));
#8175=CARTESIAN_POINT('Ctrl Pts',(16.6036034240783,52.18,-5.59125066149357));
#8176=CARTESIAN_POINT('Ctrl Pts',(16.504019546627,52.18,-5.62460981976422));
#8177=CARTESIAN_POINT('Ctrl Pts',(16.4432354668982,52.18,-5.64497160711276));
#8178=CARTESIAN_POINT('Ctrl Pts',(16.7998065451987,52.58,-5.37068563499438));
#8179=CARTESIAN_POINT('Ctrl Pts',(16.7998065451987,52.18,-5.37068563499438));
#8180=CARTESIAN_POINT('Ctrl Pts',(16.7969240497332,52.58,-5.39958351992226));
#8181=CARTESIAN_POINT('Ctrl Pts',(16.7969240497332,52.18,-5.39958351992226));
#8182=CARTESIAN_POINT('Ctrl Pts',(16.7911927424132,52.58,-5.45704160143572));
#8183=CARTESIAN_POINT('Ctrl Pts',(16.7911927424132,52.18,-5.45704160143572));
#8184=CARTESIAN_POINT('Ctrl Pts',(16.7496159538614,52.58,-5.49707330861593));
#8185=CARTESIAN_POINT('Ctrl Pts',(16.7496159538614,52.18,-5.49707330861593));
#8186=CARTESIAN_POINT('Ctrl Pts',(16.7289497355826,52.58,-5.51697152652728));
#8187=CARTESIAN_POINT('Ctrl Pts',(16.7289497355826,52.18,-5.51697152652728));
#8188=CARTESIAN_POINT('',(16.7998065451987,52.58,-5.37068563499438));
#8189=CARTESIAN_POINT('Ctrl Pts',(16.7998065451987,52.58,-5.37068563499438));
#8190=CARTESIAN_POINT('Ctrl Pts',(16.7969240497332,52.58,-5.39958351992226));
#8191=CARTESIAN_POINT('Ctrl Pts',(16.7911927424132,52.58,-5.45704160143572));
#8192=CARTESIAN_POINT('Ctrl Pts',(16.7496159538614,52.58,-5.49707330861593));
#8193=CARTESIAN_POINT('Ctrl Pts',(16.7289497355826,52.58,-5.51697152652728));
#8194=CARTESIAN_POINT('',(16.7998065451987,52.18,-5.37068563499438));
#8195=CARTESIAN_POINT('',(16.7998065451987,52.58,-5.37068563499438));
#8196=CARTESIAN_POINT('Ctrl Pts',(16.7998065451987,52.18,-5.37068563499438));
#8197=CARTESIAN_POINT('Ctrl Pts',(16.7969240497332,52.18,-5.39958351992226));
#8198=CARTESIAN_POINT('Ctrl Pts',(16.7911927424132,52.18,-5.45704160143572));
#8199=CARTESIAN_POINT('Ctrl Pts',(16.7496159538614,52.18,-5.49707330861593));
#8200=CARTESIAN_POINT('Ctrl Pts',(16.7289497355826,52.18,-5.51697152652728));
#8201=CARTESIAN_POINT('Origin',(16.7998065451987,52.58,-5.33411431112277));
#8202=CARTESIAN_POINT('',(16.7998065451987,52.58,-5.33411431112277));
#8203=CARTESIAN_POINT('',(16.7998065451987,52.58,-3.45725715556138));
#8204=CARTESIAN_POINT('',(16.7998065451987,52.18,-5.33411431112277));
#8205=CARTESIAN_POINT('',(16.7998065451987,52.58,-5.33411431112277));
#8206=CARTESIAN_POINT('',(16.7998065451987,52.18,-5.33411431112277));
#8207=CARTESIAN_POINT('Ctrl Pts',(16.7083783845313,52.58,-5.19240009584415));
#8208=CARTESIAN_POINT('Ctrl Pts',(16.7083783845313,52.18,-5.19240009584415));
#8209=CARTESIAN_POINT('Ctrl Pts',(16.7350315589724,52.58,-5.21020569276551));
#8210=CARTESIAN_POINT('Ctrl Pts',(16.7350315589724,52.18,-5.21020569276551));
#8211=CARTESIAN_POINT('Ctrl Pts',(16.7862428174799,52.58,-5.24441726590619));
#8212=CARTESIAN_POINT('Ctrl Pts',(16.7862428174799,52.18,-5.24441726590619));
#8213=CARTESIAN_POINT('Ctrl Pts',(16.7954103190437,52.58,-5.30504203067118));
#8214=CARTESIAN_POINT('Ctrl Pts',(16.7954103190437,52.18,-5.30504203067118));
#8215=CARTESIAN_POINT('Ctrl Pts',(16.7998065451987,52.58,-5.33411431112277));
#8216=CARTESIAN_POINT('Ctrl Pts',(16.7998065451987,52.18,-5.33411431112277));
#8217=CARTESIAN_POINT('',(16.7083783845313,52.58,-5.19240009584415));
#8218=CARTESIAN_POINT('Ctrl Pts',(16.7083783845313,52.58,-5.19240009584415));
#8219=CARTESIAN_POINT('Ctrl Pts',(16.7350315589724,52.58,-5.21020569276551));
#8220=CARTESIAN_POINT('Ctrl Pts',(16.7862428174799,52.58,-5.24441726590619));
#8221=CARTESIAN_POINT('Ctrl Pts',(16.7954103190437,52.58,-5.30504203067118));
#8222=CARTESIAN_POINT('Ctrl Pts',(16.7998065451987,52.58,-5.33411431112277));
#8223=CARTESIAN_POINT('',(16.7083783845313,52.18,-5.19240009584415));
#8224=CARTESIAN_POINT('',(16.7083783845313,52.58,-5.19240009584415));
#8225=CARTESIAN_POINT('Ctrl Pts',(16.7083783845313,52.18,-5.19240009584415));
#8226=CARTESIAN_POINT('Ctrl Pts',(16.7350315589724,52.18,-5.21020569276551));
#8227=CARTESIAN_POINT('Ctrl Pts',(16.7862428174799,52.18,-5.24441726590619));
#8228=CARTESIAN_POINT('Ctrl Pts',(16.7954103190437,52.18,-5.30504203067118));
#8229=CARTESIAN_POINT('Ctrl Pts',(16.7998065451987,52.18,-5.33411431112277));
#8230=CARTESIAN_POINT('Ctrl Pts',(16.4386640886672,52.58,-5.14211433925616));
#8231=CARTESIAN_POINT('Ctrl Pts',(16.4386640886672,52.18,-5.14211433925616));
#8232=CARTESIAN_POINT('Ctrl Pts',(16.4915705045577,52.58,-5.14279012121562));
#8233=CARTESIAN_POINT('Ctrl Pts',(16.4915705045577,52.18,-5.14279012121562));
#8234=CARTESIAN_POINT('Ctrl Pts',(16.5846472513601,52.58,-5.1439790051208));
#8235=CARTESIAN_POINT('Ctrl Pts',(16.5846472513601,52.18,-5.1439790051208));
#8236=CARTESIAN_POINT('Ctrl Pts',(16.6710768493018,52.58,-5.1778024681075));
#8237=CARTESIAN_POINT('Ctrl Pts',(16.6710768493018,52.18,-5.1778024681075));
#8238=CARTESIAN_POINT('Ctrl Pts',(16.7083783845313,52.58,-5.19240009584415));
#8239=CARTESIAN_POINT('Ctrl Pts',(16.7083783845313,52.18,-5.19240009584415));
#8240=CARTESIAN_POINT('',(16.4386640886672,52.58,-5.14211433925616));
#8241=CARTESIAN_POINT('Ctrl Pts',(16.4386640886672,52.58,-5.14211433925616));
#8242=CARTESIAN_POINT('Ctrl Pts',(16.4915705045577,52.58,-5.14279012121562));
#8243=CARTESIAN_POINT('Ctrl Pts',(16.5846472513601,52.58,-5.1439790051208));
#8244=CARTESIAN_POINT('Ctrl Pts',(16.6710768493018,52.58,-5.1778024681075));
#8245=CARTESIAN_POINT('Ctrl Pts',(16.7083783845313,52.58,-5.19240009584415));
#8246=CARTESIAN_POINT('',(16.4386640886672,52.18,-5.14211433925616));
#8247=CARTESIAN_POINT('',(16.4386640886672,52.58,-5.14211433925616));
#8248=CARTESIAN_POINT('Ctrl Pts',(16.4386640886672,52.18,-5.14211433925616));
#8249=CARTESIAN_POINT('Ctrl Pts',(16.4915705045577,52.18,-5.14279012121562));
#8250=CARTESIAN_POINT('Ctrl Pts',(16.5846472513601,52.18,-5.1439790051208));
#8251=CARTESIAN_POINT('Ctrl Pts',(16.6710768493018,52.18,-5.1778024681075));
#8252=CARTESIAN_POINT('Ctrl Pts',(16.7083783845313,52.18,-5.19240009584415));
#8253=CARTESIAN_POINT('Ctrl Pts',(16.1049496034987,52.58,-5.19468563594806));
#8254=CARTESIAN_POINT('Ctrl Pts',(16.1049496034987,52.18,-5.19468563594806));
#8255=CARTESIAN_POINT('Ctrl Pts',(16.1583152467665,52.58,-5.17935426315438));
#8256=CARTESIAN_POINT('Ctrl Pts',(16.1583152467665,52.18,-5.17935426315438));
#8257=CARTESIAN_POINT('Ctrl Pts',(16.2673545164864,52.58,-5.14802845893164));
#8258=CARTESIAN_POINT('Ctrl Pts',(16.2673545164864,52.18,-5.14802845893164));
#8259=CARTESIAN_POINT('Ctrl Pts',(16.3807607589892,52.58,-5.14411333567513));
#8260=CARTESIAN_POINT('Ctrl Pts',(16.3807607589892,52.18,-5.14411333567513));
#8261=CARTESIAN_POINT('Ctrl Pts',(16.4386640886672,52.58,-5.14211433925616));
#8262=CARTESIAN_POINT('Ctrl Pts',(16.4386640886672,52.18,-5.14211433925616));
#8263=CARTESIAN_POINT('',(16.1049496034987,52.58,-5.19468563594806));
#8264=CARTESIAN_POINT('Ctrl Pts',(16.1049496034987,52.58,-5.19468563594806));
#8265=CARTESIAN_POINT('Ctrl Pts',(16.1583152467665,52.58,-5.17935426315438));
#8266=CARTESIAN_POINT('Ctrl Pts',(16.2673545164864,52.58,-5.14802845893164));
#8267=CARTESIAN_POINT('Ctrl Pts',(16.3807607589892,52.58,-5.14411333567513));
#8268=CARTESIAN_POINT('Ctrl Pts',(16.4386640886672,52.58,-5.14211433925616));
#8269=CARTESIAN_POINT('',(16.1049496034987,52.18,-5.19468563594806));
#8270=CARTESIAN_POINT('',(16.1049496034987,52.58,-5.19468563594806));
#8271=CARTESIAN_POINT('Ctrl Pts',(16.1049496034987,52.18,-5.19468563594806));
#8272=CARTESIAN_POINT('Ctrl Pts',(16.1583152467665,52.18,-5.17935426315438));
#8273=CARTESIAN_POINT('Ctrl Pts',(16.2673545164864,52.18,-5.14802845893164));
#8274=CARTESIAN_POINT('Ctrl Pts',(16.3807607589892,52.18,-5.14411333567513));
#8275=CARTESIAN_POINT('Ctrl Pts',(16.4386640886672,52.18,-5.14211433925616));
#8276=CARTESIAN_POINT('Ctrl Pts',(15.7849498490699,52.58,-5.36611425676334));
#8277=CARTESIAN_POINT('Ctrl Pts',(15.7849498490699,52.18,-5.36611425676334));
#8278=CARTESIAN_POINT('Ctrl Pts',(15.8378680209158,52.58,-5.32980029418323));
#8279=CARTESIAN_POINT('Ctrl Pts',(15.8378680209158,52.18,-5.32980029418323));
#8280=CARTESIAN_POINT('Ctrl Pts',(15.9382902841768,52.58,-5.26088766581649));
#8281=CARTESIAN_POINT('Ctrl Pts',(15.9382902841768,52.18,-5.26088766581649));
#8282=CARTESIAN_POINT('Ctrl Pts',(16.0514297316843,52.58,-5.21594531807581));
#8283=CARTESIAN_POINT('Ctrl Pts',(16.0514297316843,52.18,-5.21594531807581));
#8284=CARTESIAN_POINT('Ctrl Pts',(16.1049496034987,52.58,-5.19468563594806));
#8285=CARTESIAN_POINT('Ctrl Pts',(16.1049496034987,52.18,-5.19468563594806));
#8286=CARTESIAN_POINT('',(15.7849498490699,52.58,-5.36611425676334));
#8287=CARTESIAN_POINT('Ctrl Pts',(15.7849498490699,52.58,-5.36611425676334));
#8288=CARTESIAN_POINT('Ctrl Pts',(15.8378680209158,52.58,-5.32980029418323));
#8289=CARTESIAN_POINT('Ctrl Pts',(15.9382902841768,52.58,-5.26088766581649));
#8290=CARTESIAN_POINT('Ctrl Pts',(16.0514297316843,52.58,-5.21594531807581));
#8291=CARTESIAN_POINT('Ctrl Pts',(16.1049496034987,52.58,-5.19468563594806));
#8292=CARTESIAN_POINT('',(15.7849498490699,52.18,-5.36611425676334));
#8293=CARTESIAN_POINT('',(15.7849498490699,52.58,-5.36611425676334));
#8294=CARTESIAN_POINT('Ctrl Pts',(15.7849498490699,52.18,-5.36611425676334));
#8295=CARTESIAN_POINT('Ctrl Pts',(15.8378680209158,52.18,-5.32980029418323));
#8296=CARTESIAN_POINT('Ctrl Pts',(15.9382902841768,52.18,-5.26088766581649));
#8297=CARTESIAN_POINT('Ctrl Pts',(16.0514297316843,52.18,-5.21594531807581));
#8298=CARTESIAN_POINT('Ctrl Pts',(16.1049496034987,52.18,-5.19468563594806));
#8299=CARTESIAN_POINT('Origin',(15.4466639856704,52.58,-4.97297155656802));
#8300=CARTESIAN_POINT('',(15.4466639856704,52.58,-4.97297155656802));
#8301=CARTESIAN_POINT('',(23.1320070462082,52.58,-13.9045789621631));
#8302=CARTESIAN_POINT('',(15.4466639856704,52.18,-4.97297155656802));
#8303=CARTESIAN_POINT('',(15.4466639856704,52.58,-4.97297155656802));
#8304=CARTESIAN_POINT('',(15.4466639856704,52.18,-4.97297155656802));
#8305=CARTESIAN_POINT('Ctrl Pts',(15.9060927132972,52.58,-4.70097142257678));
#8306=CARTESIAN_POINT('Ctrl Pts',(15.9060927132972,52.18,-4.70097142257678));
#8307=CARTESIAN_POINT('Ctrl Pts',(15.8189512382498,52.58,-4.73463599571957));
#8308=CARTESIAN_POINT('Ctrl Pts',(15.8189512382498,52.18,-4.73463599571957));
#8309=CARTESIAN_POINT('Ctrl Pts',(15.6505177159978,52.58,-4.79970538577143));
#8310=CARTESIAN_POINT('Ctrl Pts',(15.6505177159978,52.18,-4.79970538577143));
#8311=CARTESIAN_POINT('Ctrl Pts',(15.5130235783411,52.58,-4.9165689952844));
#8312=CARTESIAN_POINT('Ctrl Pts',(15.5130235783411,52.18,-4.9165689952844));
#8313=CARTESIAN_POINT('Ctrl Pts',(15.4466639856704,52.58,-4.97297155656802));
#8314=CARTESIAN_POINT('Ctrl Pts',(15.4466639856704,52.18,-4.97297155656802));
#8315=CARTESIAN_POINT('',(15.9060927132972,52.58,-4.70097142257678));
#8316=CARTESIAN_POINT('Ctrl Pts',(15.9060927132972,52.58,-4.70097142257678));
#8317=CARTESIAN_POINT('Ctrl Pts',(15.8189512382498,52.58,-4.73463599571957));
#8318=CARTESIAN_POINT('Ctrl Pts',(15.6505177159978,52.58,-4.79970538577143));
#8319=CARTESIAN_POINT('Ctrl Pts',(15.5130235783411,52.58,-4.9165689952844));
#8320=CARTESIAN_POINT('Ctrl Pts',(15.4466639856704,52.58,-4.97297155656802));
#8321=CARTESIAN_POINT('',(15.9060927132972,52.18,-4.70097142257678));
#8322=CARTESIAN_POINT('',(15.9060927132972,52.58,-4.70097142257678));
#8323=CARTESIAN_POINT('Ctrl Pts',(15.9060927132972,52.18,-4.70097142257678));
#8324=CARTESIAN_POINT('Ctrl Pts',(15.8189512382498,52.18,-4.73463599571957));
#8325=CARTESIAN_POINT('Ctrl Pts',(15.6505177159978,52.18,-4.79970538577143));
#8326=CARTESIAN_POINT('Ctrl Pts',(15.5130235783411,52.18,-4.9165689952844));
#8327=CARTESIAN_POINT('Ctrl Pts',(15.4466639856704,52.18,-4.97297155656802));
#8328=CARTESIAN_POINT('Ctrl Pts',(16.5118067364104,52.58,-4.607257125759));
#8329=CARTESIAN_POINT('Ctrl Pts',(16.5118067364104,52.18,-4.607257125759));
#8330=CARTESIAN_POINT('Ctrl Pts',(16.4057809242241,52.58,-4.61066321992895));
#8331=CARTESIAN_POINT('Ctrl Pts',(16.4057809242241,52.18,-4.61066321992895));
#8332=CARTESIAN_POINT('Ctrl Pts',(16.2000027576962,52.58,-4.61727387255078));
#8333=CARTESIAN_POINT('Ctrl Pts',(16.2000027576962,52.18,-4.61727387255078));
#8334=CARTESIAN_POINT('Ctrl Pts',(16.0020511098921,52.58,-4.67364509313528));
#8335=CARTESIAN_POINT('Ctrl Pts',(16.0020511098921,52.18,-4.67364509313528));
#8336=CARTESIAN_POINT('Ctrl Pts',(15.9060927132972,52.58,-4.70097142257678));
#8337=CARTESIAN_POINT('Ctrl Pts',(15.9060927132972,52.18,-4.70097142257678));
#8338=CARTESIAN_POINT('',(16.5118067364104,52.58,-4.607257125759));
#8339=CARTESIAN_POINT('Ctrl Pts',(16.5118067364104,52.58,-4.607257125759));
#8340=CARTESIAN_POINT('Ctrl Pts',(16.4057809242241,52.58,-4.61066321992895));
#8341=CARTESIAN_POINT('Ctrl Pts',(16.2000027576962,52.58,-4.61727387255078));
#8342=CARTESIAN_POINT('Ctrl Pts',(16.0020511098921,52.58,-4.67364509313528));
#8343=CARTESIAN_POINT('Ctrl Pts',(15.9060927132972,52.58,-4.70097142257678));
#8344=CARTESIAN_POINT('',(16.5118067364104,52.18,-4.607257125759));
#8345=CARTESIAN_POINT('',(16.5118067364104,52.58,-4.607257125759));
#8346=CARTESIAN_POINT('Ctrl Pts',(16.5118067364104,52.18,-4.607257125759));
#8347=CARTESIAN_POINT('Ctrl Pts',(16.4057809242241,52.18,-4.61066321992895));
#8348=CARTESIAN_POINT('Ctrl Pts',(16.2000027576962,52.18,-4.61727387255078));
#8349=CARTESIAN_POINT('Ctrl Pts',(16.0020511098921,52.18,-4.67364509313528));
#8350=CARTESIAN_POINT('Ctrl Pts',(15.9060927132972,52.18,-4.70097142257678));
#8351=CARTESIAN_POINT('Ctrl Pts',(17.2798069219001,52.58,-4.79468571939456));
#8352=CARTESIAN_POINT('Ctrl Pts',(17.2798069219001,52.18,-4.79468571939456));
#8353=CARTESIAN_POINT('Ctrl Pts',(17.1674915383831,52.58,-4.74009371052044));
#8354=CARTESIAN_POINT('Ctrl Pts',(17.1674915383831,52.18,-4.74009371052044));
#8355=CARTESIAN_POINT('Ctrl Pts',(16.9255350626352,52.58,-4.6224883597878));
#8356=CARTESIAN_POINT('Ctrl Pts',(16.9255350626352,52.18,-4.6224883597878));
#8357=CARTESIAN_POINT('Ctrl Pts',(16.6561461958703,52.58,-4.6125709221497));
#8358=CARTESIAN_POINT('Ctrl Pts',(16.6561461958703,52.18,-4.6125709221497));
#8359=CARTESIAN_POINT('Ctrl Pts',(16.5118067364104,52.58,-4.607257125759));
#8360=CARTESIAN_POINT('Ctrl Pts',(16.5118067364104,52.18,-4.607257125759));
#8361=CARTESIAN_POINT('Ctrl Pts',(17.2798069219001,52.58,-4.79468571939456));
#8362=CARTESIAN_POINT('Ctrl Pts',(17.1674915383831,52.58,-4.74009371052044));
#8363=CARTESIAN_POINT('Ctrl Pts',(16.9255350626352,52.58,-4.6224883597878));
#8364=CARTESIAN_POINT('Ctrl Pts',(16.6561461958703,52.58,-4.6125709221497));
#8365=CARTESIAN_POINT('Ctrl Pts',(16.5118067364104,52.58,-4.607257125759));
#8366=CARTESIAN_POINT('Ctrl Pts',(17.2798069219001,52.18,-4.79468571939456));
#8367=CARTESIAN_POINT('Ctrl Pts',(17.1674915383831,52.18,-4.74009371052044));
#8368=CARTESIAN_POINT('Ctrl Pts',(16.9255350626352,52.18,-4.6224883597878));
#8369=CARTESIAN_POINT('Ctrl Pts',(16.6561461958703,52.18,-4.6125709221497));
#8370=CARTESIAN_POINT('Ctrl Pts',(16.5118067364104,52.18,-4.607257125759));
#8371=CARTESIAN_POINT('Origin',(30.2626644519053,52.18,-6.28040003576266));
#8372=CARTESIAN_POINT('Ctrl Pts',(23.1175221900351,52.58,-7.82782870330798));
#8373=CARTESIAN_POINT('Ctrl Pts',(23.1175221900351,52.18,-7.82782870330798));
#8374=CARTESIAN_POINT('Ctrl Pts',(23.2193756530841,52.58,-7.8644506521148));
#8375=CARTESIAN_POINT('Ctrl Pts',(23.2193756530841,52.18,-7.8644506521148));
#8376=CARTESIAN_POINT('Ctrl Pts',(23.4378200163749,52.58,-7.94299347285062));
#8377=CARTESIAN_POINT('Ctrl Pts',(23.4378200163749,52.18,-7.94299347285062));
#8378=CARTESIAN_POINT('Ctrl Pts',(23.6701116692575,52.58,-7.94987177237595));
#8379=CARTESIAN_POINT('Ctrl Pts',(23.6701116692575,52.18,-7.94987177237595));
#8380=CARTESIAN_POINT('Ctrl Pts',(23.7940933207877,52.58,-7.95354294576633));
#8381=CARTESIAN_POINT('Ctrl Pts',(23.7940933207877,52.18,-7.95354294576633));
#8382=CARTESIAN_POINT('',(23.2693817856908,52.58,-7.88039999999987));
#8383=CARTESIAN_POINT('',(23.7940933207877,52.5746211777559,-7.95354294576633));
#8384=CARTESIAN_POINT('Ctrl Pts',(23.2693817856911,52.58,-7.88039999999994));
#8385=CARTESIAN_POINT('Ctrl Pts',(23.4376016861318,52.58,-7.93416864345292));
#8386=CARTESIAN_POINT('Ctrl Pts',(23.6175683005231,52.5753941314722,-7.94831593072714));
#8387=CARTESIAN_POINT('Ctrl Pts',(23.7940933207877,52.5746211777559,-7.95354294576633));
#8388=CARTESIAN_POINT('',(23.1175221900351,52.58,-7.82782870330798));
#8389=CARTESIAN_POINT('Ctrl Pts',(23.1175221900351,52.58,-7.82782870330798));
#8390=CARTESIAN_POINT('Ctrl Pts',(23.1680197633908,52.58,-7.84598537163265));
#8391=CARTESIAN_POINT('Ctrl Pts',(23.2185173367462,52.58,-7.86414203995725));
#8392=CARTESIAN_POINT('Ctrl Pts',(23.2693817856908,52.58,-7.88039999999987));
#8393=CARTESIAN_POINT('',(23.1175221900351,52.18,-7.82782870330798));
#8394=CARTESIAN_POINT('',(23.1175221900351,52.58,-7.82782870330798));
#8395=CARTESIAN_POINT('',(23.7940933207877,52.18,-7.95354294576633));
#8396=CARTESIAN_POINT('Ctrl Pts',(23.1175221900351,52.18,-7.82782870330798));
#8397=CARTESIAN_POINT('Ctrl Pts',(23.2193756530841,52.18,-7.8644506521148));
#8398=CARTESIAN_POINT('Ctrl Pts',(23.4378200163749,52.18,-7.94299347285062));
#8399=CARTESIAN_POINT('Ctrl Pts',(23.6701116692575,52.18,-7.94987177237595));
#8400=CARTESIAN_POINT('Ctrl Pts',(23.7940933207877,52.18,-7.95354294576633));
#8401=CARTESIAN_POINT('',(23.7940933207877,52.58,-7.95354294576633));
#8402=CARTESIAN_POINT('Ctrl Pts',(24.8638083438285,52.58,-5.04382866420734));
#8403=CARTESIAN_POINT('Ctrl Pts',(24.8638083438285,52.18,-5.04382866420734));
#8404=CARTESIAN_POINT('Ctrl Pts',(24.8014472824775,52.58,-4.97879909043305));
#8405=CARTESIAN_POINT('Ctrl Pts',(24.8014472824775,52.18,-4.97879909043305));
#8406=CARTESIAN_POINT('Ctrl Pts',(24.670365796439,52.58,-4.84210845396663));
#8407=CARTESIAN_POINT('Ctrl Pts',(24.670365796439,52.18,-4.84210845396663));
#8408=CARTESIAN_POINT('Ctrl Pts',(24.4973626966036,52.58,-4.76451010954075));
#8409=CARTESIAN_POINT('Ctrl Pts',(24.4973626966036,52.18,-4.76451010954075));
#8410=CARTESIAN_POINT('Ctrl Pts',(24.4066645602591,52.58,-4.72382861175525));
#8411=CARTESIAN_POINT('Ctrl Pts',(24.4066645602591,52.18,-4.72382861175525));
#8412=CARTESIAN_POINT('',(24.8638083438285,52.58,-5.04382866420734));
#8413=CARTESIAN_POINT('',(24.4066645602591,52.58,-4.72382861175525));
#8414=CARTESIAN_POINT('Ctrl Pts',(24.8638083438285,52.58,-5.04382866420734));
#8415=CARTESIAN_POINT('Ctrl Pts',(24.8014472824775,52.58,-4.97879909043305));
#8416=CARTESIAN_POINT('Ctrl Pts',(24.670365796439,52.58,-4.84210845396663));
#8417=CARTESIAN_POINT('Ctrl Pts',(24.4973626966036,52.58,-4.76451010954075));
#8418=CARTESIAN_POINT('Ctrl Pts',(24.4066645602591,52.58,-4.72382861175525));
#8419=CARTESIAN_POINT('',(24.8638083438285,52.18,-5.04382866420734));
#8420=CARTESIAN_POINT('',(24.8638083438285,52.58,-5.04382866420734));
#8421=CARTESIAN_POINT('',(24.4066645602591,52.18,-4.72382861175525));
#8422=CARTESIAN_POINT('Ctrl Pts',(24.8638083438285,52.18,-5.04382866420734));
#8423=CARTESIAN_POINT('Ctrl Pts',(24.8014472824775,52.18,-4.97879909043305));
#8424=CARTESIAN_POINT('Ctrl Pts',(24.670365796439,52.18,-4.84210845396663));
#8425=CARTESIAN_POINT('Ctrl Pts',(24.4973626966036,52.18,-4.76451010954075));
#8426=CARTESIAN_POINT('Ctrl Pts',(24.4066645602591,52.18,-4.72382861175525));
#8427=CARTESIAN_POINT('',(24.4066645602591,52.58,-4.72382861175525));
#8428=CARTESIAN_POINT('Ctrl Pts',(25.0283791522391,52.58,-5.50325709381091));
#8429=CARTESIAN_POINT('Ctrl Pts',(25.0283791522391,52.18,-5.50325709381091));
#8430=CARTESIAN_POINT('Ctrl Pts',(25.0213592924182,52.58,-5.41991459622338));
#8431=CARTESIAN_POINT('Ctrl Pts',(25.0213592924182,52.18,-5.41991459622338));
#8432=CARTESIAN_POINT('Ctrl Pts',(25.0072353267133,52.58,-5.25222939912394));
#8433=CARTESIAN_POINT('Ctrl Pts',(25.0072353267133,52.18,-5.25222939912394));
#8434=CARTESIAN_POINT('Ctrl Pts',(24.9118070736596,52.58,-5.11357126333809));
#8435=CARTESIAN_POINT('Ctrl Pts',(24.9118070736596,52.18,-5.11357126333809));
#8436=CARTESIAN_POINT('Ctrl Pts',(24.8638083438285,52.58,-5.04382866420734));
#8437=CARTESIAN_POINT('Ctrl Pts',(24.8638083438285,52.18,-5.04382866420734));
#8438=CARTESIAN_POINT('',(25.0283791522391,52.58,-5.50325709381091));
#8439=CARTESIAN_POINT('Ctrl Pts',(25.0283791522391,52.58,-5.50325709381091));
#8440=CARTESIAN_POINT('Ctrl Pts',(25.0213592924182,52.58,-5.41991459622338));
#8441=CARTESIAN_POINT('Ctrl Pts',(25.0072353267133,52.58,-5.25222939912394));
#8442=CARTESIAN_POINT('Ctrl Pts',(24.9118070736596,52.58,-5.11357126333809));
#8443=CARTESIAN_POINT('Ctrl Pts',(24.8638083438285,52.58,-5.04382866420734));
#8444=CARTESIAN_POINT('',(25.0283791522391,52.18,-5.50325709381091));
#8445=CARTESIAN_POINT('',(25.0283791522391,52.58,-5.50325709381091));
#8446=CARTESIAN_POINT('Ctrl Pts',(25.0283791522391,52.18,-5.50325709381091));
#8447=CARTESIAN_POINT('Ctrl Pts',(25.0213592924182,52.18,-5.41991459622338));
#8448=CARTESIAN_POINT('Ctrl Pts',(25.0072353267133,52.18,-5.25222939912394));
#8449=CARTESIAN_POINT('Ctrl Pts',(24.9118070736596,52.18,-5.11357126333809));
#8450=CARTESIAN_POINT('Ctrl Pts',(24.8638083438285,52.18,-5.04382866420734));
#8451=CARTESIAN_POINT('Origin',(25.0283791522391,52.58,-5.71811425485599));
#8452=CARTESIAN_POINT('',(25.0283791522391,52.58,-5.71811425485599));
#8453=CARTESIAN_POINT('',(25.0283791522391,52.58,-3.64925712742799));
#8454=CARTESIAN_POINT('',(25.0283791522391,52.18,-5.71811425485599));
#8455=CARTESIAN_POINT('',(25.0283791522391,52.58,-5.71811425485599));
#8456=CARTESIAN_POINT('',(25.0283791522391,52.18,-5.71811425485599));
#8457=CARTESIAN_POINT('Ctrl Pts',(24.8180939654715,52.58,-6.18211436071384));
#8458=CARTESIAN_POINT('Ctrl Pts',(24.8180939654715,52.18,-6.18211436071384));
#8459=CARTESIAN_POINT('Ctrl Pts',(24.8794236815882,52.58,-6.11811866370374));
#8460=CARTESIAN_POINT('Ctrl Pts',(24.8794236815882,52.18,-6.11811866370374));
#8461=CARTESIAN_POINT('Ctrl Pts',(25.0038446074164,52.58,-5.98828920459003));
#8462=CARTESIAN_POINT('Ctrl Pts',(25.0038446074164,52.18,-5.98828920459003));
#8463=CARTESIAN_POINT('Ctrl Pts',(25.0201241445932,52.58,-5.8090185814662));
#8464=CARTESIAN_POINT('Ctrl Pts',(25.0201241445932,52.18,-5.8090185814662));
#8465=CARTESIAN_POINT('Ctrl Pts',(25.0283791522391,52.58,-5.71811425485599));
#8466=CARTESIAN_POINT('Ctrl Pts',(25.0283791522391,52.18,-5.71811425485599));
#8467=CARTESIAN_POINT('',(24.8180939654715,52.58,-6.18211436071384));
#8468=CARTESIAN_POINT('Ctrl Pts',(24.8180939654715,52.58,-6.18211436071384));
#8469=CARTESIAN_POINT('Ctrl Pts',(24.8794236815882,52.58,-6.11811866370374));
#8470=CARTESIAN_POINT('Ctrl Pts',(25.0038446074164,52.58,-5.98828920459003));
#8471=CARTESIAN_POINT('Ctrl Pts',(25.0201241445932,52.58,-5.8090185814662));
#8472=CARTESIAN_POINT('Ctrl Pts',(25.0283791522391,52.58,-5.71811425485599));
#8473=CARTESIAN_POINT('',(24.8180939654715,52.18,-6.18211436071384));
#8474=CARTESIAN_POINT('',(24.8180939654715,52.58,-6.18211436071384));
#8475=CARTESIAN_POINT('Ctrl Pts',(24.8180939654715,52.18,-6.18211436071384));
#8476=CARTESIAN_POINT('Ctrl Pts',(24.8794236815882,52.18,-6.11811866370374));
#8477=CARTESIAN_POINT('Ctrl Pts',(25.0038446074164,52.18,-5.98828920459003));
#8478=CARTESIAN_POINT('Ctrl Pts',(25.0201241445932,52.18,-5.8090185814662));
#8479=CARTESIAN_POINT('Ctrl Pts',(25.0283791522391,52.18,-5.71811425485599));
#8480=CARTESIAN_POINT('Ctrl Pts',(24.3335225085624,52.58,-6.4038287381171));
#8481=CARTESIAN_POINT('Ctrl Pts',(24.3335225085624,52.18,-6.4038287381171));
#8482=CARTESIAN_POINT('Ctrl Pts',(24.4221546579926,52.58,-6.3832704790024));
#8483=CARTESIAN_POINT('Ctrl Pts',(24.4221546579926,52.18,-6.3832704790024));
#8484=CARTESIAN_POINT('Ctrl Pts',(24.5987695334268,52.58,-6.34230459477164));
#8485=CARTESIAN_POINT('Ctrl Pts',(24.5987695334268,52.18,-6.34230459477164));
#8486=CARTESIAN_POINT('Ctrl Pts',(24.7451652567241,52.58,-6.23538004942382));
#8487=CARTESIAN_POINT('Ctrl Pts',(24.7451652567241,52.18,-6.23538004942382));
#8488=CARTESIAN_POINT('Ctrl Pts',(24.8180939654715,52.58,-6.18211436071384));
#8489=CARTESIAN_POINT('Ctrl Pts',(24.8180939654715,52.18,-6.18211436071384));
#8490=CARTESIAN_POINT('',(24.3335225085624,52.58,-6.4038287381171));
#8491=CARTESIAN_POINT('Ctrl Pts',(24.3335225085624,52.58,-6.4038287381171));
#8492=CARTESIAN_POINT('Ctrl Pts',(24.4221546579926,52.58,-6.3832704790024));
#8493=CARTESIAN_POINT('Ctrl Pts',(24.5987695334268,52.58,-6.34230459477164));
#8494=CARTESIAN_POINT('Ctrl Pts',(24.7451652567241,52.58,-6.23538004942382));
#8495=CARTESIAN_POINT('Ctrl Pts',(24.8180939654715,52.58,-6.18211436071384));
#8496=CARTESIAN_POINT('',(24.3335225085624,52.18,-6.4038287381171));
#8497=CARTESIAN_POINT('',(24.3335225085624,52.58,-6.4038287381171));
#8498=CARTESIAN_POINT('Ctrl Pts',(24.3335225085624,52.18,-6.4038287381171));
#8499=CARTESIAN_POINT('Ctrl Pts',(24.4221546579926,52.18,-6.3832704790024));
#8500=CARTESIAN_POINT('Ctrl Pts',(24.5987695334268,52.18,-6.34230459477164));
#8501=CARTESIAN_POINT('Ctrl Pts',(24.7451652567241,52.18,-6.23538004942382));
#8502=CARTESIAN_POINT('Ctrl Pts',(24.8180939654715,52.18,-6.18211436071384));
#8503=CARTESIAN_POINT('Ctrl Pts',(24.7495223979361,52.58,-6.62325727739322));
#8504=CARTESIAN_POINT('Ctrl Pts',(24.7495223979361,52.18,-6.62325727739322));
#8505=CARTESIAN_POINT('Ctrl Pts',(24.6891753660826,52.58,-6.57281338086742));
#8506=CARTESIAN_POINT('Ctrl Pts',(24.6891753660826,52.18,-6.57281338086742));
#8507=CARTESIAN_POINT('Ctrl Pts',(24.566233025902,52.58,-6.47004626049339));
#8508=CARTESIAN_POINT('Ctrl Pts',(24.566233025902,52.18,-6.47004626049339));
#8509=CARTESIAN_POINT('Ctrl Pts',(24.4120326476149,52.58,-6.42616871204226));
#8510=CARTESIAN_POINT('Ctrl Pts',(24.4120326476149,52.18,-6.42616871204226));
#8511=CARTESIAN_POINT('Ctrl Pts',(24.3335225085624,52.58,-6.4038287381171));
#8512=CARTESIAN_POINT('Ctrl Pts',(24.3335225085624,52.18,-6.4038287381171));
#8513=CARTESIAN_POINT('',(24.7495223979361,52.58,-6.62325727739322));
#8514=CARTESIAN_POINT('Ctrl Pts',(24.7495223979361,52.58,-6.62325727739322));
#8515=CARTESIAN_POINT('Ctrl Pts',(24.6891753660826,52.58,-6.57281338086742));
#8516=CARTESIAN_POINT('Ctrl Pts',(24.566233025902,52.58,-6.47004626049339));
#8517=CARTESIAN_POINT('Ctrl Pts',(24.4120326476149,52.58,-6.42616871204226));
#8518=CARTESIAN_POINT('Ctrl Pts',(24.3335225085624,52.58,-6.4038287381171));
#8519=CARTESIAN_POINT('',(24.7495223979361,52.18,-6.62325727739322));
#8520=CARTESIAN_POINT('',(24.7495223979361,52.58,-6.62325727739322));
#8521=CARTESIAN_POINT('Ctrl Pts',(24.7495223979361,52.18,-6.62325727739322));
#8522=CARTESIAN_POINT('Ctrl Pts',(24.6891753660826,52.18,-6.57281338086742));
#8523=CARTESIAN_POINT('Ctrl Pts',(24.566233025902,52.18,-6.47004626049339));
#8524=CARTESIAN_POINT('Ctrl Pts',(24.4120326476149,52.18,-6.42616871204226));
#8525=CARTESIAN_POINT('Ctrl Pts',(24.3335225085624,52.18,-6.4038287381171));
#8526=CARTESIAN_POINT('Ctrl Pts',(24.918664882601,52.58,-6.98897155919063));
#8527=CARTESIAN_POINT('Ctrl Pts',(24.918664882601,52.18,-6.98897155919063));
#8528=CARTESIAN_POINT('Ctrl Pts',(24.910432027354,52.58,-6.92232700512399));
#8529=CARTESIAN_POINT('Ctrl Pts',(24.910432027354,52.18,-6.92232700512399));
#8530=CARTESIAN_POINT('Ctrl Pts',(24.893191560272,52.58,-6.78276628091656));
#8531=CARTESIAN_POINT('Ctrl Pts',(24.893191560272,52.18,-6.78276628091656));
#8532=CARTESIAN_POINT('Ctrl Pts',(24.7988256650843,52.58,-6.67799633820062));
#8533=CARTESIAN_POINT('Ctrl Pts',(24.7988256650843,52.18,-6.67799633820062));
#8534=CARTESIAN_POINT('Ctrl Pts',(24.7495223979361,52.58,-6.62325727739322));
#8535=CARTESIAN_POINT('Ctrl Pts',(24.7495223979361,52.18,-6.62325727739322));
#8536=CARTESIAN_POINT('',(24.918664882601,52.58,-6.98897155919063));
#8537=CARTESIAN_POINT('Ctrl Pts',(24.918664882601,52.58,-6.98897155919063));
#8538=CARTESIAN_POINT('Ctrl Pts',(24.910432027354,52.58,-6.92232700512399));
#8539=CARTESIAN_POINT('Ctrl Pts',(24.893191560272,52.58,-6.78276628091656));
#8540=CARTESIAN_POINT('Ctrl Pts',(24.7988256650843,52.58,-6.67799633820062));
#8541=CARTESIAN_POINT('Ctrl Pts',(24.7495223979361,52.58,-6.62325727739322));
#8542=CARTESIAN_POINT('',(24.918664882601,52.18,-6.98897155919063));
#8543=CARTESIAN_POINT('',(24.918664882601,52.58,-6.98897155919063));
#8544=CARTESIAN_POINT('Ctrl Pts',(24.918664882601,52.18,-6.98897155919063));
#8545=CARTESIAN_POINT('Ctrl Pts',(24.910432027354,52.18,-6.92232700512399));
#8546=CARTESIAN_POINT('Ctrl Pts',(24.893191560272,52.18,-6.78276628091656));
#8547=CARTESIAN_POINT('Ctrl Pts',(24.7988256650843,52.18,-6.67799633820062));
#8548=CARTESIAN_POINT('Ctrl Pts',(24.7495223979361,52.18,-6.62325727739322));
#8549=CARTESIAN_POINT('Origin',(24.918664882601,52.58,-7.17182877459514));
#8550=CARTESIAN_POINT('',(24.918664882601,52.58,-7.17182877459514));
#8551=CARTESIAN_POINT('',(24.918664882601,52.58,-4.37611438729756));
#8552=CARTESIAN_POINT('',(24.918664882601,52.18,-7.17182877459514));
#8553=CARTESIAN_POINT('',(24.918664882601,52.58,-7.17182877459514));
#8554=CARTESIAN_POINT('',(24.918664882601,52.18,-7.17182877459514));
#8555=CARTESIAN_POINT('Ctrl Pts',(24.7723795871146,52.58,-7.57411438026416));
#8556=CARTESIAN_POINT('Ctrl Pts',(24.7723795871146,52.18,-7.57411438026416));
#8557=CARTESIAN_POINT('Ctrl Pts',(24.8150455031911,52.58,-7.51308259374719));
#8558=CARTESIAN_POINT('Ctrl Pts',(24.8150455031911,52.18,-7.51308259374719));
#8559=CARTESIAN_POINT('Ctrl Pts',(24.8997036096933,52.58,-7.39198275673186));
#8560=CARTESIAN_POINT('Ctrl Pts',(24.8997036096933,52.18,-7.39198275673186));
#8561=CARTESIAN_POINT('Ctrl Pts',(24.9123780802645,52.58,-7.24482306016025));
#8562=CARTESIAN_POINT('Ctrl Pts',(24.9123780802645,52.18,-7.24482306016025));
#8563=CARTESIAN_POINT('Ctrl Pts',(24.918664882601,52.58,-7.17182877459514));
#8564=CARTESIAN_POINT('Ctrl Pts',(24.918664882601,52.18,-7.17182877459514));
#8565=CARTESIAN_POINT('',(24.7723795871146,52.58,-7.57411438026416));
#8566=CARTESIAN_POINT('Ctrl Pts',(24.7723795871146,52.58,-7.57411438026416));
#8567=CARTESIAN_POINT('Ctrl Pts',(24.8150455031911,52.58,-7.51308259374719));
#8568=CARTESIAN_POINT('Ctrl Pts',(24.8997036096933,52.58,-7.39198275673186));
#8569=CARTESIAN_POINT('Ctrl Pts',(24.9123780802645,52.58,-7.24482306016025));
#8570=CARTESIAN_POINT('Ctrl Pts',(24.918664882601,52.58,-7.17182877459514));
#8571=CARTESIAN_POINT('',(24.7723795871146,52.18,-7.57411438026416));
#8572=CARTESIAN_POINT('',(24.7723795871146,52.58,-7.57411438026416));
#8573=CARTESIAN_POINT('Ctrl Pts',(24.7723795871146,52.18,-7.57411438026416));
#8574=CARTESIAN_POINT('Ctrl Pts',(24.8150455031911,52.18,-7.51308259374719));
#8575=CARTESIAN_POINT('Ctrl Pts',(24.8997036096933,52.18,-7.39198275673186));
#8576=CARTESIAN_POINT('Ctrl Pts',(24.9123780802645,52.18,-7.24482306016025));
#8577=CARTESIAN_POINT('Ctrl Pts',(24.918664882601,52.18,-7.17182877459514));
#8578=CARTESIAN_POINT('Ctrl Pts',(24.3678071002372,52.58,-7.85297143259036));
#8579=CARTESIAN_POINT('Ctrl Pts',(24.3678071002372,52.18,-7.85297143259036));
#8580=CARTESIAN_POINT('Ctrl Pts',(24.4479204923763,52.58,-7.81776908402374));
#8581=CARTESIAN_POINT('Ctrl Pts',(24.4479204923763,52.18,-7.81776908402374));
#8582=CARTESIAN_POINT('Ctrl Pts',(24.6007875215773,52.58,-7.75059831141519));
#8583=CARTESIAN_POINT('Ctrl Pts',(24.6007875215773,52.18,-7.75059831141519));
#8584=CARTESIAN_POINT('Ctrl Pts',(24.7170480119288,52.58,-7.63102338637113));
#8585=CARTESIAN_POINT('Ctrl Pts',(24.7170480119288,52.18,-7.63102338637113));
#8586=CARTESIAN_POINT('Ctrl Pts',(24.7723795871146,52.58,-7.57411438026416));
#8587=CARTESIAN_POINT('Ctrl Pts',(24.7723795871146,52.18,-7.57411438026416));
#8588=CARTESIAN_POINT('',(24.3678071002372,52.58,-7.85297143259036));
#8589=CARTESIAN_POINT('Ctrl Pts',(24.3678071002372,52.58,-7.85297143259036));
#8590=CARTESIAN_POINT('Ctrl Pts',(24.4479204923763,52.58,-7.81776908402374));
#8591=CARTESIAN_POINT('Ctrl Pts',(24.6007875215773,52.58,-7.75059831141519));
#8592=CARTESIAN_POINT('Ctrl Pts',(24.7170480119288,52.58,-7.63102338637113));
#8593=CARTESIAN_POINT('Ctrl Pts',(24.7723795871146,52.58,-7.57411438026416));
#8594=CARTESIAN_POINT('',(24.3678071002372,52.18,-7.85297143259036));
#8595=CARTESIAN_POINT('',(24.3678071002372,52.58,-7.85297143259036));
#8596=CARTESIAN_POINT('Ctrl Pts',(24.3678071002372,52.18,-7.85297143259036));
#8597=CARTESIAN_POINT('Ctrl Pts',(24.4479204923763,52.18,-7.81776908402374));
#8598=CARTESIAN_POINT('Ctrl Pts',(24.6007875215773,52.18,-7.75059831141519));
#8599=CARTESIAN_POINT('Ctrl Pts',(24.7170480119288,52.18,-7.63102338637113));
#8600=CARTESIAN_POINT('Ctrl Pts',(24.7723795871146,52.18,-7.57411438026416));
#8601=CARTESIAN_POINT('Ctrl Pts',(23.7940933207877,52.58,-7.95354294576633));
#8602=CARTESIAN_POINT('Ctrl Pts',(23.7940933207877,52.18,-7.95354294576633));
#8603=CARTESIAN_POINT('Ctrl Pts',(23.8953264702572,52.58,-7.94993615471023));
#8604=CARTESIAN_POINT('Ctrl Pts',(23.8953264702572,52.18,-7.94993615471023));
#8605=CARTESIAN_POINT('Ctrl Pts',(24.0913019647432,52.58,-7.94295383059574));
#8606=CARTESIAN_POINT('Ctrl Pts',(24.0913019647432,52.18,-7.94295383059574));
#8607=CARTESIAN_POINT('Ctrl Pts',(24.2776965484023,52.58,-7.88229589170105));
#8608=CARTESIAN_POINT('Ctrl Pts',(24.2776965484023,52.18,-7.88229589170105));
#8609=CARTESIAN_POINT('Ctrl Pts',(24.3678071002372,52.58,-7.85297143259036));
#8610=CARTESIAN_POINT('Ctrl Pts',(24.3678071002372,52.18,-7.85297143259036));
#8611=CARTESIAN_POINT('',(24.2822317567048,52.58,-7.88039999999987));
#8612=CARTESIAN_POINT('Ctrl Pts',(23.7940933207877,52.5746211777559,-7.95354294576633));
#8613=CARTESIAN_POINT('Ctrl Pts',(23.9585257799942,52.5754875120923,-7.94768445448845));
#8614=CARTESIAN_POINT('Ctrl Pts',(24.1251034306171,52.58,-7.92922412556214));
#8615=CARTESIAN_POINT('Ctrl Pts',(24.2822317567045,52.58,-7.88039999999994));
#8616=CARTESIAN_POINT('Ctrl Pts',(23.7940933207877,52.18,-7.95354294576633));
#8617=CARTESIAN_POINT('Ctrl Pts',(23.8953264702572,52.18,-7.94993615471023));
#8618=CARTESIAN_POINT('Ctrl Pts',(24.0913019647432,52.18,-7.94295383059574));
#8619=CARTESIAN_POINT('Ctrl Pts',(24.2776965484023,52.18,-7.88229589170105));
#8620=CARTESIAN_POINT('Ctrl Pts',(24.3678071002372,52.18,-7.85297143259036));
#8621=CARTESIAN_POINT('Ctrl Pts',(24.2822317567048,52.58,-7.88039999999987));
#8622=CARTESIAN_POINT('Ctrl Pts',(24.3108041075618,52.58,-7.87152177873582));
#8623=CARTESIAN_POINT('Ctrl Pts',(24.3393056038994,52.58,-7.86224660566313));
#8624=CARTESIAN_POINT('Ctrl Pts',(24.3678071002372,52.58,-7.85297143259036));
#8625=CARTESIAN_POINT('Ctrl Pts',(22.6055218676932,52.58,-7.46897148885715));
#8626=CARTESIAN_POINT('Ctrl Pts',(22.6055218676932,52.18,-7.46897148885715));
#8627=CARTESIAN_POINT('Ctrl Pts',(22.68421431472,52.58,-7.54178795137121));
#8628=CARTESIAN_POINT('Ctrl Pts',(22.68421431472,52.18,-7.54178795137121));
#8629=CARTESIAN_POINT('Ctrl Pts',(22.838632852306,52.58,-7.68467601850415));
#8630=CARTESIAN_POINT('Ctrl Pts',(22.838632852306,52.18,-7.68467601850415));
#8631=CARTESIAN_POINT('Ctrl Pts',(23.0257572880468,52.58,-7.78072617799326));
#8632=CARTESIAN_POINT('Ctrl Pts',(23.0257572880468,52.18,-7.78072617799326));
#8633=CARTESIAN_POINT('Ctrl Pts',(23.1175221900351,52.58,-7.82782870330798));
#8634=CARTESIAN_POINT('Ctrl Pts',(23.1175221900351,52.18,-7.82782870330798));
#8635=CARTESIAN_POINT('',(22.6055218676932,52.58,-7.46897148885715));
#8636=CARTESIAN_POINT('Ctrl Pts',(22.6055218676932,52.58,-7.46897148885715));
#8637=CARTESIAN_POINT('Ctrl Pts',(22.68421431472,52.58,-7.54178795137121));
#8638=CARTESIAN_POINT('Ctrl Pts',(22.838632852306,52.58,-7.68467601850415));
#8639=CARTESIAN_POINT('Ctrl Pts',(23.0257572880468,52.58,-7.78072617799326));
#8640=CARTESIAN_POINT('Ctrl Pts',(23.1175221900351,52.58,-7.82782870330798));
#8641=CARTESIAN_POINT('',(22.6055218676932,52.18,-7.46897148885715));
#8642=CARTESIAN_POINT('',(22.6055218676932,52.58,-7.46897148885715));
#8643=CARTESIAN_POINT('Ctrl Pts',(22.6055218676932,52.18,-7.46897148885715));
#8644=CARTESIAN_POINT('Ctrl Pts',(22.68421431472,52.18,-7.54178795137121));
#8645=CARTESIAN_POINT('Ctrl Pts',(22.838632852306,52.18,-7.68467601850415));
#8646=CARTESIAN_POINT('Ctrl Pts',(23.0257572880468,52.18,-7.78072617799326));
#8647=CARTESIAN_POINT('Ctrl Pts',(23.1175221900351,52.18,-7.82782870330798));
#8648=CARTESIAN_POINT('Origin',(22.9940928916343,52.58,-7.08040016689288));
#8649=CARTESIAN_POINT('',(22.9940928916343,52.58,-7.08040016689288));
#8650=CARTESIAN_POINT('',(32.5005634738332,52.58,2.42607770650597));
#8651=CARTESIAN_POINT('',(22.9940928916343,52.18,-7.08040016689288));
#8652=CARTESIAN_POINT('',(22.9940928916343,52.58,-7.08040016689288));
#8653=CARTESIAN_POINT('',(22.9940928916343,52.18,-7.08040016689288));
#8654=CARTESIAN_POINT('Ctrl Pts',(23.3415224055655,52.58,-7.3181142190932));
#8655=CARTESIAN_POINT('Ctrl Pts',(23.3415224055655,52.18,-7.3181142190932));
#8656=CARTESIAN_POINT('Ctrl Pts',(23.2830892147707,52.58,-7.28725749017228));
#8657=CARTESIAN_POINT('Ctrl Pts',(23.2830892147707,52.18,-7.28725749017228));
#8658=CARTESIAN_POINT('Ctrl Pts',(23.1582592832536,52.58,-7.22133873226012));
#8659=CARTESIAN_POINT('Ctrl Pts',(23.1582592832536,52.18,-7.22133873226012));
#8660=CARTESIAN_POINT('Ctrl Pts',(23.0510939010228,52.58,-7.12933613002433));
#8661=CARTESIAN_POINT('Ctrl Pts',(23.0510939010228,52.18,-7.12933613002433));
#8662=CARTESIAN_POINT('Ctrl Pts',(22.9940928916343,52.58,-7.08040016689288));
#8663=CARTESIAN_POINT('Ctrl Pts',(22.9940928916343,52.18,-7.08040016689288));
#8664=CARTESIAN_POINT('',(23.3415224055655,52.58,-7.3181142190932));
#8665=CARTESIAN_POINT('Ctrl Pts',(23.3415224055655,52.58,-7.3181142190932));
#8666=CARTESIAN_POINT('Ctrl Pts',(23.2830892147707,52.58,-7.28725749017228));
#8667=CARTESIAN_POINT('Ctrl Pts',(23.1582592832536,52.58,-7.22133873226012));
#8668=CARTESIAN_POINT('Ctrl Pts',(23.0510939010228,52.58,-7.12933613002433));
#8669=CARTESIAN_POINT('Ctrl Pts',(22.9940928916343,52.58,-7.08040016689288));
#8670=CARTESIAN_POINT('',(23.3415224055655,52.18,-7.3181142190932));
#8671=CARTESIAN_POINT('',(23.3415224055655,52.58,-7.3181142190932));
#8672=CARTESIAN_POINT('Ctrl Pts',(23.3415224055655,52.18,-7.3181142190932));
#8673=CARTESIAN_POINT('Ctrl Pts',(23.2830892147707,52.18,-7.28725749017228));
#8674=CARTESIAN_POINT('Ctrl Pts',(23.1582592832536,52.18,-7.22133873226012));
#8675=CARTESIAN_POINT('Ctrl Pts',(23.0510939010228,52.18,-7.12933613002433));
#8676=CARTESIAN_POINT('Ctrl Pts',(22.9940928916343,52.18,-7.08040016689288));
#8677=CARTESIAN_POINT('Ctrl Pts',(23.7026645640738,52.58,-7.3958285430907));
#8678=CARTESIAN_POINT('Ctrl Pts',(23.7026645640738,52.18,-7.3958285430907));
#8679=CARTESIAN_POINT('Ctrl Pts',(23.6398467327312,52.58,-7.39269555948152));
#8680=CARTESIAN_POINT('Ctrl Pts',(23.6398467327312,52.18,-7.39269555948152));
#8681=CARTESIAN_POINT('Ctrl Pts',(23.5152111194935,52.58,-7.38647946884217));
#8682=CARTESIAN_POINT('Ctrl Pts',(23.5152111194935,52.18,-7.38647946884217));
#8683=CARTESIAN_POINT('Ctrl Pts',(23.3991081150002,52.58,-7.34078040918951));
#8684=CARTESIAN_POINT('Ctrl Pts',(23.3991081150002,52.18,-7.34078040918951));
#8685=CARTESIAN_POINT('Ctrl Pts',(23.3415224055655,52.58,-7.3181142190932));
#8686=CARTESIAN_POINT('Ctrl Pts',(23.3415224055655,52.18,-7.3181142190932));
#8687=CARTESIAN_POINT('',(23.7026645640738,52.58,-7.3958285430907));
#8688=CARTESIAN_POINT('Ctrl Pts',(23.7026645640738,52.58,-7.3958285430907));
#8689=CARTESIAN_POINT('Ctrl Pts',(23.6398467327312,52.58,-7.39269555948152));
#8690=CARTESIAN_POINT('Ctrl Pts',(23.5152111194935,52.58,-7.38647946884217));
#8691=CARTESIAN_POINT('Ctrl Pts',(23.3991081150002,52.58,-7.34078040918951));
#8692=CARTESIAN_POINT('Ctrl Pts',(23.3415224055655,52.58,-7.3181142190932));
#8693=CARTESIAN_POINT('',(23.7026645640738,52.18,-7.3958285430907));
#8694=CARTESIAN_POINT('',(23.7026645640738,52.58,-7.3958285430907));
#8695=CARTESIAN_POINT('Ctrl Pts',(23.7026645640738,52.18,-7.3958285430907));
#8696=CARTESIAN_POINT('Ctrl Pts',(23.6398467327312,52.18,-7.39269555948152));
#8697=CARTESIAN_POINT('Ctrl Pts',(23.5152111194935,52.18,-7.38647946884217));
#8698=CARTESIAN_POINT('Ctrl Pts',(23.3991081150002,52.18,-7.34078040918951));
#8699=CARTESIAN_POINT('Ctrl Pts',(23.3415224055655,52.18,-7.3181142190932));
#8700=CARTESIAN_POINT('Ctrl Pts',(24.0249504546531,52.58,-7.31354284086215));
#8701=CARTESIAN_POINT('Ctrl Pts',(24.0249504546531,52.18,-7.31354284086215));
#8702=CARTESIAN_POINT('Ctrl Pts',(23.978812684568,52.58,-7.33749821101375));
#8703=CARTESIAN_POINT('Ctrl Pts',(23.978812684568,52.18,-7.33749821101375));
#8704=CARTESIAN_POINT('Ctrl Pts',(23.8780722911142,52.58,-7.38980402054804));
#8705=CARTESIAN_POINT('Ctrl Pts',(23.8780722911142,52.18,-7.38980402054804));
#8706=CARTESIAN_POINT('Ctrl Pts',(23.7643198753422,52.58,-7.39371094075425));
#8707=CARTESIAN_POINT('Ctrl Pts',(23.7643198753422,52.18,-7.39371094075425));
#8708=CARTESIAN_POINT('Ctrl Pts',(23.7026645640738,52.58,-7.3958285430907));
#8709=CARTESIAN_POINT('Ctrl Pts',(23.7026645640738,52.18,-7.3958285430907));
#8710=CARTESIAN_POINT('',(24.0249504546531,52.58,-7.31354284086215));
#8711=CARTESIAN_POINT('Ctrl Pts',(24.0249504546531,52.58,-7.31354284086215));
#8712=CARTESIAN_POINT('Ctrl Pts',(23.978812684568,52.58,-7.33749821101375));
#8713=CARTESIAN_POINT('Ctrl Pts',(23.8780722911142,52.58,-7.38980402054804));
#8714=CARTESIAN_POINT('Ctrl Pts',(23.7643198753422,52.58,-7.39371094075425));
#8715=CARTESIAN_POINT('Ctrl Pts',(23.7026645640738,52.58,-7.3958285430907));
#8716=CARTESIAN_POINT('',(24.0249504546531,52.18,-7.31354284086215));
#8717=CARTESIAN_POINT('',(24.0249504546531,52.58,-7.31354284086215));
#8718=CARTESIAN_POINT('Ctrl Pts',(24.0249504546531,52.18,-7.31354284086215));
#8719=CARTESIAN_POINT('Ctrl Pts',(23.978812684568,52.18,-7.33749821101375));
#8720=CARTESIAN_POINT('Ctrl Pts',(23.8780722911142,52.18,-7.38980402054804));
#8721=CARTESIAN_POINT('Ctrl Pts',(23.7643198753422,52.18,-7.39371094075425));
#8722=CARTESIAN_POINT('Ctrl Pts',(23.7026645640738,52.18,-7.3958285430907));
#8723=CARTESIAN_POINT('Ctrl Pts',(24.1460933188803,52.58,-7.06668588318812));
#8724=CARTESIAN_POINT('Ctrl Pts',(24.1460933188803,52.18,-7.06668588318812));
#8725=CARTESIAN_POINT('Ctrl Pts',(24.1417871921831,52.58,-7.11759330019096));
#8726=CARTESIAN_POINT('Ctrl Pts',(24.1417871921831,52.18,-7.11759330019096));
#8727=CARTESIAN_POINT('Ctrl Pts',(24.1334649858194,52.58,-7.21597917211857));
#8728=CARTESIAN_POINT('Ctrl Pts',(24.1334649858194,52.18,-7.21597917211857));
#8729=CARTESIAN_POINT('Ctrl Pts',(24.0602716492717,52.58,-7.28178612317322));
#8730=CARTESIAN_POINT('Ctrl Pts',(24.0602716492717,52.18,-7.28178612317322));
#8731=CARTESIAN_POINT('Ctrl Pts',(24.0249504546531,52.58,-7.31354284086215));
#8732=CARTESIAN_POINT('Ctrl Pts',(24.0249504546531,52.18,-7.31354284086215));
#8733=CARTESIAN_POINT('',(24.1460933188803,52.58,-7.06668588318812));
#8734=CARTESIAN_POINT('Ctrl Pts',(24.1460933188803,52.58,-7.06668588318812));
#8735=CARTESIAN_POINT('Ctrl Pts',(24.1417871921831,52.58,-7.11759330019096));
#8736=CARTESIAN_POINT('Ctrl Pts',(24.1334649858194,52.58,-7.21597917211857));
#8737=CARTESIAN_POINT('Ctrl Pts',(24.0602716492717,52.58,-7.28178612317322));
#8738=CARTESIAN_POINT('Ctrl Pts',(24.0249504546531,52.58,-7.31354284086215));
#8739=CARTESIAN_POINT('',(24.1460933188803,52.18,-7.06668588318812));
#8740=CARTESIAN_POINT('',(24.1460933188803,52.58,-7.06668588318812));
#8741=CARTESIAN_POINT('Ctrl Pts',(24.1460933188803,52.18,-7.06668588318812));
#8742=CARTESIAN_POINT('Ctrl Pts',(24.1417871921831,52.18,-7.11759330019096));
#8743=CARTESIAN_POINT('Ctrl Pts',(24.1334649858194,52.18,-7.21597917211857));
#8744=CARTESIAN_POINT('Ctrl Pts',(24.0602716492717,52.18,-7.28178612317322));
#8745=CARTESIAN_POINT('Ctrl Pts',(24.0249504546531,52.18,-7.31354284086215));
#8746=CARTESIAN_POINT('Origin',(24.1460933188803,52.58,-6.97068589725482));
#8747=CARTESIAN_POINT('',(24.1460933188803,52.58,-6.97068589725482));
#8748=CARTESIAN_POINT('',(24.1460933188803,52.58,-4.27554294862741));
#8749=CARTESIAN_POINT('',(24.1460933188803,52.18,-6.97068589725482));
#8750=CARTESIAN_POINT('',(24.1460933188803,52.58,-6.97068589725482));
#8751=CARTESIAN_POINT('',(24.1460933188803,52.18,-6.97068589725482));
#8752=CARTESIAN_POINT('Ctrl Pts',(23.9952363471396,52.58,-6.71011435785281));
#8753=CARTESIAN_POINT('Ctrl Pts',(23.9952363471396,52.18,-6.71011435785281));
#8754=CARTESIAN_POINT('Ctrl Pts',(24.0392295602366,52.58,-6.74108580206402));
#8755=CARTESIAN_POINT('Ctrl Pts',(24.0392295602366,52.18,-6.74108580206402));
#8756=CARTESIAN_POINT('Ctrl Pts',(24.1293259508749,52.58,-6.8045141161118));
#8757=CARTESIAN_POINT('Ctrl Pts',(24.1293259508749,52.18,-6.8045141161118));
#8758=CARTESIAN_POINT('Ctrl Pts',(24.1404176111348,52.58,-6.91443720843158));
#8759=CARTESIAN_POINT('Ctrl Pts',(24.1404176111348,52.18,-6.91443720843158));
#8760=CARTESIAN_POINT('Ctrl Pts',(24.1460933188803,52.58,-6.97068589725482));
#8761=CARTESIAN_POINT('Ctrl Pts',(24.1460933188803,52.18,-6.97068589725482));
#8762=CARTESIAN_POINT('',(23.9952363471396,52.58,-6.71011435785281));
#8763=CARTESIAN_POINT('Ctrl Pts',(23.9952363471396,52.58,-6.71011435785281));
#8764=CARTESIAN_POINT('Ctrl Pts',(24.0392295602366,52.58,-6.74108580206402));
#8765=CARTESIAN_POINT('Ctrl Pts',(24.1293259508749,52.58,-6.8045141161118));
#8766=CARTESIAN_POINT('Ctrl Pts',(24.1404176111348,52.58,-6.91443720843158));
#8767=CARTESIAN_POINT('Ctrl Pts',(24.1460933188803,52.58,-6.97068589725482));
#8768=CARTESIAN_POINT('',(23.9952363471396,52.18,-6.71011435785281));
#8769=CARTESIAN_POINT('',(23.9952363471396,52.58,-6.71011435785281));
#8770=CARTESIAN_POINT('Ctrl Pts',(23.9952363471396,52.18,-6.71011435785281));
#8771=CARTESIAN_POINT('Ctrl Pts',(24.0392295602366,52.18,-6.74108580206402));
#8772=CARTESIAN_POINT('Ctrl Pts',(24.1293259508749,52.18,-6.8045141161118));
#8773=CARTESIAN_POINT('Ctrl Pts',(24.1404176111348,52.18,-6.91443720843158));
#8774=CARTESIAN_POINT('Ctrl Pts',(24.1460933188803,52.18,-6.97068589725482));
#8775=CARTESIAN_POINT('Ctrl Pts',(23.6340929965384,52.58,-6.63240003385532));
#8776=CARTESIAN_POINT('Ctrl Pts',(23.6340929965384,52.18,-6.63240003385532));
#8777=CARTESIAN_POINT('Ctrl Pts',(23.7001301354328,52.58,-6.63485277849103));
#8778=CARTESIAN_POINT('Ctrl Pts',(23.7001301354328,52.18,-6.63485277849103));
#8779=CARTESIAN_POINT('Ctrl Pts',(23.8252348608986,52.58,-6.63949940536533));
#8780=CARTESIAN_POINT('Ctrl Pts',(23.8252348608986,52.18,-6.63949940536533));
#8781=CARTESIAN_POINT('Ctrl Pts',(23.9407136157109,52.58,-6.68746679061998));
#8782=CARTESIAN_POINT('Ctrl Pts',(23.9407136157109,52.18,-6.68746679061998));
#8783=CARTESIAN_POINT('Ctrl Pts',(23.9952363471396,52.58,-6.71011435785281));
#8784=CARTESIAN_POINT('Ctrl Pts',(23.9952363471396,52.18,-6.71011435785281));
#8785=CARTESIAN_POINT('',(23.6340929965384,52.58,-6.63240003385532));
#8786=CARTESIAN_POINT('Ctrl Pts',(23.6340929965384,52.58,-6.63240003385532));
#8787=CARTESIAN_POINT('Ctrl Pts',(23.7001301354328,52.58,-6.63485277849103));
#8788=CARTESIAN_POINT('Ctrl Pts',(23.8252348608986,52.58,-6.63949940536533));
#8789=CARTESIAN_POINT('Ctrl Pts',(23.9407136157109,52.58,-6.68746679061998));
#8790=CARTESIAN_POINT('Ctrl Pts',(23.9952363471396,52.58,-6.71011435785281));
#8791=CARTESIAN_POINT('',(23.6340929965384,52.18,-6.63240003385532));
#8792=CARTESIAN_POINT('',(23.6340929965384,52.58,-6.63240003385532));
#8793=CARTESIAN_POINT('Ctrl Pts',(23.6340929965384,52.18,-6.63240003385532));
#8794=CARTESIAN_POINT('Ctrl Pts',(23.7001301354328,52.18,-6.63485277849103));
#8795=CARTESIAN_POINT('Ctrl Pts',(23.8252348608986,52.18,-6.63949940536533));
#8796=CARTESIAN_POINT('Ctrl Pts',(23.9407136157109,52.18,-6.68746679061998));
#8797=CARTESIAN_POINT('Ctrl Pts',(23.9952363471396,52.18,-6.71011435785281));
#8798=CARTESIAN_POINT('Origin',(23.3872367839225,52.58,-6.63240003385532));
#8799=CARTESIAN_POINT('',(23.3872367839225,52.58,-6.63240003385532));
#8800=CARTESIAN_POINT('',(39.4536183919612,52.58,-6.63240003385532));
#8801=CARTESIAN_POINT('',(23.3872367839225,52.18,-6.63240003385532));
#8802=CARTESIAN_POINT('',(23.3872367839225,52.58,-6.63240003385532));
#8803=CARTESIAN_POINT('',(23.3872367839225,52.18,-6.63240003385532));
#8804=CARTESIAN_POINT('Origin',(23.3872367839225,52.58,-6.09754311838138));
#8805=CARTESIAN_POINT('',(23.3872367839225,52.58,-6.09754311838138));
#8806=CARTESIAN_POINT('',(23.3872367839225,52.58,-3.83897155919068));
#8807=CARTESIAN_POINT('',(23.3872367839225,52.18,-6.09754311838138));
#8808=CARTESIAN_POINT('',(23.3872367839225,52.58,-6.09754311838138));
#8809=CARTESIAN_POINT('',(23.3872367839225,52.18,-6.09754311838138));
#8810=CARTESIAN_POINT('Origin',(23.6340929965384,52.58,-6.09754311838138));
#8811=CARTESIAN_POINT('',(23.6340929965384,52.58,-6.09754311838138));
#8812=CARTESIAN_POINT('',(39.5770464982692,52.58,-6.09754311838138));
#8813=CARTESIAN_POINT('',(23.6340929965384,52.18,-6.09754311838138));
#8814=CARTESIAN_POINT('',(23.6340929965384,52.58,-6.09754311838138));
#8815=CARTESIAN_POINT('',(23.6340929965384,52.18,-6.09754311838138));
#8816=CARTESIAN_POINT('Ctrl Pts',(24.0546645621665,52.58,-6.00840019979465));
#8817=CARTESIAN_POINT('Ctrl Pts',(24.0546645621665,52.18,-6.00840019979465));
#8818=CARTESIAN_POINT('Ctrl Pts',(23.9891780665213,52.58,-6.03439374190655));
#8819=CARTESIAN_POINT('Ctrl Pts',(23.9891780665213,52.18,-6.03439374190655));
#8820=CARTESIAN_POINT('Ctrl Pts',(23.8541355108236,52.58,-6.08799615754727));
#8821=CARTESIAN_POINT('Ctrl Pts',(23.8541355108236,52.18,-6.08799615754727));
#8822=CARTESIAN_POINT('Ctrl Pts',(23.7088994182809,52.58,-6.09429750022966));
#8823=CARTESIAN_POINT('Ctrl Pts',(23.7088994182809,52.18,-6.09429750022966));
#8824=CARTESIAN_POINT('Ctrl Pts',(23.6340929965384,52.58,-6.09754311838138));
#8825=CARTESIAN_POINT('Ctrl Pts',(23.6340929965384,52.18,-6.09754311838138));
#8826=CARTESIAN_POINT('',(24.0546645621665,52.58,-6.00840019979465));
#8827=CARTESIAN_POINT('Ctrl Pts',(24.0546645621665,52.58,-6.00840019979465));
#8828=CARTESIAN_POINT('Ctrl Pts',(23.9891780665213,52.58,-6.03439374190655));
#8829=CARTESIAN_POINT('Ctrl Pts',(23.8541355108236,52.58,-6.08799615754727));
#8830=CARTESIAN_POINT('Ctrl Pts',(23.7088994182809,52.58,-6.09429750022966));
#8831=CARTESIAN_POINT('Ctrl Pts',(23.6340929965384,52.58,-6.09754311838138));
#8832=CARTESIAN_POINT('',(24.0546645621665,52.18,-6.00840019979465));
#8833=CARTESIAN_POINT('',(24.0546645621665,52.58,-6.00840019979465));
#8834=CARTESIAN_POINT('Ctrl Pts',(24.0546645621665,52.18,-6.00840019979465));
#8835=CARTESIAN_POINT('Ctrl Pts',(23.9891780665213,52.18,-6.03439374190655));
#8836=CARTESIAN_POINT('Ctrl Pts',(23.8541355108236,52.18,-6.08799615754727));
#8837=CARTESIAN_POINT('Ctrl Pts',(23.7088994182809,52.18,-6.09429750022966));
#8838=CARTESIAN_POINT('Ctrl Pts',(23.6340929965384,52.18,-6.09754311838138));
#8839=CARTESIAN_POINT('Ctrl Pts',(24.2420937518485,52.58,-5.69068568744647));
#8840=CARTESIAN_POINT('Ctrl Pts',(24.2420937518485,52.18,-5.69068568744647));
#8841=CARTESIAN_POINT('Ctrl Pts',(24.2352868958423,52.58,-5.76057115549186));
#8842=CARTESIAN_POINT('Ctrl Pts',(24.2352868958423,52.18,-5.76057115549186));
#8843=CARTESIAN_POINT('Ctrl Pts',(24.2220780295286,52.58,-5.89618557187381));
#8844=CARTESIAN_POINT('Ctrl Pts',(24.2220780295286,52.18,-5.89618557187381));
#8845=CARTESIAN_POINT('Ctrl Pts',(24.1093170269372,52.58,-5.97176750771896));
#8846=CARTESIAN_POINT('Ctrl Pts',(24.1093170269372,52.18,-5.97176750771896));
#8847=CARTESIAN_POINT('Ctrl Pts',(24.0546645621665,52.58,-6.00840019979465));
#8848=CARTESIAN_POINT('Ctrl Pts',(24.0546645621665,52.18,-6.00840019979465));
#8849=CARTESIAN_POINT('',(24.2420937518485,52.58,-5.69068568744647));
#8850=CARTESIAN_POINT('Ctrl Pts',(24.2420937518485,52.58,-5.69068568744647));
#8851=CARTESIAN_POINT('Ctrl Pts',(24.2352868958423,52.58,-5.76057115549186));
#8852=CARTESIAN_POINT('Ctrl Pts',(24.2220780295286,52.58,-5.89618557187381));
#8853=CARTESIAN_POINT('Ctrl Pts',(24.1093170269372,52.58,-5.97176750771896));
#8854=CARTESIAN_POINT('Ctrl Pts',(24.0546645621665,52.58,-6.00840019979465));
#8855=CARTESIAN_POINT('',(24.2420937518485,52.18,-5.69068568744647));
#8856=CARTESIAN_POINT('',(24.2420937518485,52.58,-5.69068568744647));
#8857=CARTESIAN_POINT('Ctrl Pts',(24.2420937518485,52.18,-5.69068568744647));
#8858=CARTESIAN_POINT('Ctrl Pts',(24.2352868958423,52.18,-5.76057115549186));
#8859=CARTESIAN_POINT('Ctrl Pts',(24.2220780295286,52.18,-5.89618557187381));
#8860=CARTESIAN_POINT('Ctrl Pts',(24.1093170269372,52.18,-5.97176750771896));
#8861=CARTESIAN_POINT('Ctrl Pts',(24.0546645621665,52.18,-6.00840019979465));
#8862=CARTESIAN_POINT('Origin',(24.2420937518485,52.58,-5.59468585052478));
#8863=CARTESIAN_POINT('',(24.2420937518485,52.58,-5.59468585052478));
#8864=CARTESIAN_POINT('',(24.2420937518485,52.58,-3.58754292526238));
#8865=CARTESIAN_POINT('',(24.2420937518485,52.18,-5.59468585052478));
#8866=CARTESIAN_POINT('',(24.2420937518485,52.58,-5.59468585052478));
#8867=CARTESIAN_POINT('',(24.2420937518485,52.18,-5.59468585052478));
#8868=CARTESIAN_POINT('Ctrl Pts',(24.0935220221885,52.58,-5.28382855453479));
#8869=CARTESIAN_POINT('Ctrl Pts',(24.0935220221885,52.18,-5.28382855453479));
#8870=CARTESIAN_POINT('Ctrl Pts',(24.1368287518194,52.58,-5.32345402598144));
#8871=CARTESIAN_POINT('Ctrl Pts',(24.1368287518194,52.18,-5.32345402598144));
#8872=CARTESIAN_POINT('Ctrl Pts',(24.2277509936472,52.58,-5.40664748640008));
#8873=CARTESIAN_POINT('Ctrl Pts',(24.2277509936472,52.18,-5.40664748640008));
#8874=CARTESIAN_POINT('Ctrl Pts',(24.2371641369368,52.58,-5.53005694785855));
#8875=CARTESIAN_POINT('Ctrl Pts',(24.2371641369368,52.18,-5.53005694785855));
#8876=CARTESIAN_POINT('Ctrl Pts',(24.2420937518485,52.58,-5.59468585052478));
#8877=CARTESIAN_POINT('Ctrl Pts',(24.2420937518485,52.18,-5.59468585052478));
#8878=CARTESIAN_POINT('',(24.0935220221885,52.58,-5.28382855453479));
#8879=CARTESIAN_POINT('Ctrl Pts',(24.0935220221885,52.58,-5.28382855453479));
#8880=CARTESIAN_POINT('Ctrl Pts',(24.1368287518194,52.58,-5.32345402598144));
#8881=CARTESIAN_POINT('Ctrl Pts',(24.2277509936472,52.58,-5.40664748640008));
#8882=CARTESIAN_POINT('Ctrl Pts',(24.2371641369368,52.58,-5.53005694785855));
#8883=CARTESIAN_POINT('Ctrl Pts',(24.2420937518485,52.58,-5.59468585052478));
#8884=CARTESIAN_POINT('',(24.0935220221885,52.18,-5.28382855453479));
#8885=CARTESIAN_POINT('',(24.0935220221885,52.58,-5.28382855453479));
#8886=CARTESIAN_POINT('Ctrl Pts',(24.0935220221885,52.18,-5.28382855453479));
#8887=CARTESIAN_POINT('Ctrl Pts',(24.1368287518194,52.18,-5.32345402598144));
#8888=CARTESIAN_POINT('Ctrl Pts',(24.2277509936472,52.18,-5.40664748640008));
#8889=CARTESIAN_POINT('Ctrl Pts',(24.2371641369368,52.18,-5.53005694785855));
#8890=CARTESIAN_POINT('Ctrl Pts',(24.2420937518485,52.18,-5.59468585052478));
#8891=CARTESIAN_POINT('Ctrl Pts',(23.6980928878196,52.58,-5.18325733938205));
#8892=CARTESIAN_POINT('Ctrl Pts',(23.6980928878196,52.18,-5.18325733938205));
#8893=CARTESIAN_POINT('Ctrl Pts',(23.773742496829,52.58,-5.18583623253996));
#8894=CARTESIAN_POINT('Ctrl Pts',(23.773742496829,52.18,-5.18583623253996));
#8895=CARTESIAN_POINT('Ctrl Pts',(23.9132586618791,52.58,-5.19059233489364));
#8896=CARTESIAN_POINT('Ctrl Pts',(23.9132586618791,52.18,-5.19059233489364));
#8897=CARTESIAN_POINT('Ctrl Pts',(24.0369154435099,52.58,-5.25455037291346));
#8898=CARTESIAN_POINT('Ctrl Pts',(24.0369154435099,52.18,-5.25455037291346));
#8899=CARTESIAN_POINT('Ctrl Pts',(24.0935220221885,52.58,-5.28382855453479));
#8900=CARTESIAN_POINT('Ctrl Pts',(24.0935220221885,52.18,-5.28382855453479));
#8901=CARTESIAN_POINT('',(23.6980928878196,52.58,-5.18325733938205));
#8902=CARTESIAN_POINT('Ctrl Pts',(23.6980928878196,52.58,-5.18325733938205));
#8903=CARTESIAN_POINT('Ctrl Pts',(23.773742496829,52.58,-5.18583623253996));
#8904=CARTESIAN_POINT('Ctrl Pts',(23.9132586618791,52.58,-5.19059233489364));
#8905=CARTESIAN_POINT('Ctrl Pts',(24.0369154435099,52.58,-5.25455037291346));
#8906=CARTESIAN_POINT('Ctrl Pts',(24.0935220221885,52.58,-5.28382855453479));
#8907=CARTESIAN_POINT('',(23.6980928878196,52.18,-5.18325733938205));
#8908=CARTESIAN_POINT('',(23.6980928878196,52.58,-5.18325733938205));
#8909=CARTESIAN_POINT('Ctrl Pts',(23.6980928878196,52.18,-5.18325733938205));
#8910=CARTESIAN_POINT('Ctrl Pts',(23.773742496829,52.18,-5.18583623253996));
#8911=CARTESIAN_POINT('Ctrl Pts',(23.9132586618791,52.18,-5.19059233489364));
#8912=CARTESIAN_POINT('Ctrl Pts',(24.0369154435099,52.18,-5.25455037291346));
#8913=CARTESIAN_POINT('Ctrl Pts',(24.0935220221885,52.18,-5.28382855453479));
#8914=CARTESIAN_POINT('Ctrl Pts',(22.9666652182944,52.58,-5.52154290475833));
#8915=CARTESIAN_POINT('Ctrl Pts',(22.9666652182944,52.18,-5.52154290475833));
#8916=CARTESIAN_POINT('Ctrl Pts',(23.073792710344,52.58,-5.42290246260424));
#8917=CARTESIAN_POINT('Ctrl Pts',(23.073792710344,52.18,-5.42290246260424));
#8918=CARTESIAN_POINT('Ctrl Pts',(23.2817957477674,52.58,-5.23137822183001));
#8919=CARTESIAN_POINT('Ctrl Pts',(23.2817957477674,52.18,-5.23137822183001));
#8920=CARTESIAN_POINT('Ctrl Pts',(23.5621359021975,52.58,-5.19897296529838));
#8921=CARTESIAN_POINT('Ctrl Pts',(23.5621359021975,52.18,-5.19897296529838));
#8922=CARTESIAN_POINT('Ctrl Pts',(23.6980928878196,52.58,-5.18325733938205));
#8923=CARTESIAN_POINT('Ctrl Pts',(23.6980928878196,52.18,-5.18325733938205));
#8924=CARTESIAN_POINT('',(22.9666652182944,52.58,-5.52154290475833));
#8925=CARTESIAN_POINT('Ctrl Pts',(22.9666652182944,52.58,-5.52154290475833));
#8926=CARTESIAN_POINT('Ctrl Pts',(23.073792710344,52.58,-5.42290246260424));
#8927=CARTESIAN_POINT('Ctrl Pts',(23.2817957477674,52.58,-5.23137822183001));
#8928=CARTESIAN_POINT('Ctrl Pts',(23.5621359021975,52.58,-5.19897296529838));
#8929=CARTESIAN_POINT('Ctrl Pts',(23.6980928878196,52.58,-5.18325733938205));
#8930=CARTESIAN_POINT('',(22.9666652182944,52.18,-5.52154290475833));
#8931=CARTESIAN_POINT('',(22.9666652182944,52.58,-5.52154290475833));
#8932=CARTESIAN_POINT('Ctrl Pts',(22.9666652182944,52.18,-5.52154290475833));
#8933=CARTESIAN_POINT('Ctrl Pts',(23.073792710344,52.18,-5.42290246260424));
#8934=CARTESIAN_POINT('Ctrl Pts',(23.2817957477674,52.18,-5.23137822183001));
#8935=CARTESIAN_POINT('Ctrl Pts',(23.5621359021975,52.18,-5.19897296529838));
#8936=CARTESIAN_POINT('Ctrl Pts',(23.6980928878196,52.18,-5.18325733938205));
#8937=CARTESIAN_POINT('Origin',(22.5415219764121,52.58,-5.11468577184665));
#8938=CARTESIAN_POINT('',(22.5415219764121,52.58,-5.11468577184665));
#8939=CARTESIAN_POINT('',(30.2656567904198,52.58,-12.5065928635284));
#8940=CARTESIAN_POINT('',(22.5415219764121,52.18,-5.11468577184665));
#8941=CARTESIAN_POINT('',(22.5415219764121,52.58,-5.11468577184665));
#8942=CARTESIAN_POINT('',(22.5415219764121,52.18,-5.11468577184665));
#8943=CARTESIAN_POINT('Ctrl Pts',(23.0375220279105,52.58,-4.73982858457553));
#8944=CARTESIAN_POINT('Ctrl Pts',(23.0375220279105,52.18,-4.73982858457553));
#8945=CARTESIAN_POINT('Ctrl Pts',(22.9452620258887,52.58,-4.78878085433468));
#8946=CARTESIAN_POINT('Ctrl Pts',(22.9452620258887,52.18,-4.78878085433468));
#8947=CARTESIAN_POINT('Ctrl Pts',(22.7598613416336,52.58,-4.88715267430327));
#8948=CARTESIAN_POINT('Ctrl Pts',(22.7598613416336,52.18,-4.88715267430327));
#8949=CARTESIAN_POINT('Ctrl Pts',(22.6145318768499,52.58,-5.03860160451801));
#8950=CARTESIAN_POINT('Ctrl Pts',(22.6145318768499,52.18,-5.03860160451801));
#8951=CARTESIAN_POINT('Ctrl Pts',(22.5415219764121,52.58,-5.11468577184665));
#8952=CARTESIAN_POINT('Ctrl Pts',(22.5415219764121,52.18,-5.11468577184665));
#8953=CARTESIAN_POINT('',(23.0375220279105,52.58,-4.73982858457553));
#8954=CARTESIAN_POINT('Ctrl Pts',(23.0375220279105,52.58,-4.73982858457553));
#8955=CARTESIAN_POINT('Ctrl Pts',(22.9452620258887,52.58,-4.78878085433468));
#8956=CARTESIAN_POINT('Ctrl Pts',(22.7598613416336,52.58,-4.88715267430327));
#8957=CARTESIAN_POINT('Ctrl Pts',(22.6145318768499,52.58,-5.03860160451801));
#8958=CARTESIAN_POINT('Ctrl Pts',(22.5415219764121,52.58,-5.11468577184665));
#8959=CARTESIAN_POINT('',(23.0375220279105,52.18,-4.73982858457553));
#8960=CARTESIAN_POINT('',(23.0375220279105,52.58,-4.73982858457553));
#8961=CARTESIAN_POINT('Ctrl Pts',(23.0375220279105,52.18,-4.73982858457553));
#8962=CARTESIAN_POINT('Ctrl Pts',(22.9452620258887,52.18,-4.78878085433468));
#8963=CARTESIAN_POINT('Ctrl Pts',(22.7598613416336,52.18,-4.88715267430327));
#8964=CARTESIAN_POINT('Ctrl Pts',(22.6145318768499,52.18,-5.03860160451801));
#8965=CARTESIAN_POINT('Ctrl Pts',(22.5415219764121,52.18,-5.11468577184665));
#8966=CARTESIAN_POINT('Ctrl Pts',(23.7483789424308,52.58,-4.607257125759));
#8967=CARTESIAN_POINT('Ctrl Pts',(23.7483789424308,52.18,-4.607257125759));
#8968=CARTESIAN_POINT('Ctrl Pts',(23.6168314823851,52.58,-4.61086459764412));
#8969=CARTESIAN_POINT('Ctrl Pts',(23.6168314823851,52.18,-4.61086459764412));
#8970=CARTESIAN_POINT('Ctrl Pts',(23.3725623870932,52.58,-4.61756327425378));
#8971=CARTESIAN_POINT('Ctrl Pts',(23.3725623870932,52.18,-4.61756327425378));
#8972=CARTESIAN_POINT('Ctrl Pts',(23.1433127219815,52.58,-4.70122269222484));
#8973=CARTESIAN_POINT('Ctrl Pts',(23.1433127219815,52.18,-4.70122269222484));
#8974=CARTESIAN_POINT('Ctrl Pts',(23.0375220279105,52.58,-4.73982858457553));
#8975=CARTESIAN_POINT('Ctrl Pts',(23.0375220279105,52.18,-4.73982858457553));
#8976=CARTESIAN_POINT('',(23.7483789424308,52.58,-4.607257125759));
#8977=CARTESIAN_POINT('Ctrl Pts',(23.7483789424308,52.58,-4.607257125759));
#8978=CARTESIAN_POINT('Ctrl Pts',(23.6168314823851,52.58,-4.61086459764412));
#8979=CARTESIAN_POINT('Ctrl Pts',(23.3725623870932,52.58,-4.61756327425378));
#8980=CARTESIAN_POINT('Ctrl Pts',(23.1433127219815,52.58,-4.70122269222484));
#8981=CARTESIAN_POINT('Ctrl Pts',(23.0375220279105,52.58,-4.73982858457553));
#8982=CARTESIAN_POINT('',(23.7483789424308,52.18,-4.607257125759));
#8983=CARTESIAN_POINT('',(23.7483789424308,52.58,-4.607257125759));
#8984=CARTESIAN_POINT('Ctrl Pts',(23.7483789424308,52.18,-4.607257125759));
#8985=CARTESIAN_POINT('Ctrl Pts',(23.6168314823851,52.18,-4.61086459764412));
#8986=CARTESIAN_POINT('Ctrl Pts',(23.3725623870932,52.18,-4.61756327425378));
#8987=CARTESIAN_POINT('Ctrl Pts',(23.1433127219815,52.18,-4.70122269222484));
#8988=CARTESIAN_POINT('Ctrl Pts',(23.0375220279105,52.18,-4.73982858457553));
#8989=CARTESIAN_POINT('Ctrl Pts',(24.4066645602591,52.58,-4.72382861175525));
#8990=CARTESIAN_POINT('Ctrl Pts',(24.4066645602591,52.18,-4.72382861175525));
#8991=CARTESIAN_POINT('Ctrl Pts',(24.3039214385557,52.58,-4.68984243819508));
#8992=CARTESIAN_POINT('Ctrl Pts',(24.3039214385557,52.18,-4.68984243819508));
#8993=CARTESIAN_POINT('Ctrl Pts',(24.0902484779937,52.58,-4.61916202472922));
#8994=CARTESIAN_POINT('Ctrl Pts',(24.0902484779937,52.18,-4.61916202472922));
#8995=CARTESIAN_POINT('Ctrl Pts',(23.8652095198575,52.58,-4.61132550880052));
#8996=CARTESIAN_POINT('Ctrl Pts',(23.8652095198575,52.18,-4.61132550880052));
#8997=CARTESIAN_POINT('Ctrl Pts',(23.7483789424308,52.58,-4.607257125759));
#8998=CARTESIAN_POINT('Ctrl Pts',(23.7483789424308,52.18,-4.607257125759));
#8999=CARTESIAN_POINT('Ctrl Pts',(24.4066645602591,52.58,-4.72382861175525));
#9000=CARTESIAN_POINT('Ctrl Pts',(24.3039214385557,52.58,-4.68984243819508));
#9001=CARTESIAN_POINT('Ctrl Pts',(24.0902484779937,52.58,-4.61916202472922));
#9002=CARTESIAN_POINT('Ctrl Pts',(23.8652095198575,52.58,-4.61132550880052));
#9003=CARTESIAN_POINT('Ctrl Pts',(23.7483789424308,52.58,-4.607257125759));
#9004=CARTESIAN_POINT('Ctrl Pts',(24.4066645602591,52.18,-4.72382861175525));
#9005=CARTESIAN_POINT('Ctrl Pts',(24.3039214385557,52.18,-4.68984243819508));
#9006=CARTESIAN_POINT('Ctrl Pts',(24.0902484779937,52.18,-4.61916202472922));
#9007=CARTESIAN_POINT('Ctrl Pts',(23.8652095198575,52.18,-4.61132550880052));
#9008=CARTESIAN_POINT('Ctrl Pts',(23.7483789424308,52.18,-4.607257125759));
#9009=CARTESIAN_POINT('Origin',(30.2626644519053,52.18,-6.28040003576266));
#9010=CARTESIAN_POINT('Ctrl Pts',(28.5255219439872,52.58,-5.33868568935382));
#9011=CARTESIAN_POINT('Ctrl Pts',(28.5255219439872,52.18,-5.33868568935382));
#9012=CARTESIAN_POINT('Ctrl Pts',(28.5130098930808,52.58,-5.22691306120227));
#9013=CARTESIAN_POINT('Ctrl Pts',(28.5130098930808,52.18,-5.22691306120227));
#9014=CARTESIAN_POINT('Ctrl Pts',(28.4880152459118,52.58,-5.00363092906453));
#9015=CARTESIAN_POINT('Ctrl Pts',(28.4880152459118,52.18,-5.00363092906453));
#9016=CARTESIAN_POINT('Ctrl Pts',(28.3118078658126,52.58,-4.86427938356234));
#9017=CARTESIAN_POINT('Ctrl Pts',(28.3118078658126,52.18,-4.86427938356234));
#9018=CARTESIAN_POINT('Ctrl Pts',(28.2238080005057,52.58,-4.79468571939456));
#9019=CARTESIAN_POINT('Ctrl Pts',(28.2238080005057,52.18,-4.79468571939456));
#9020=CARTESIAN_POINT('',(28.5255219439872,52.58,-5.33868568935382));
#9021=CARTESIAN_POINT('',(28.2238080005057,52.58,-4.79468571939456));
#9022=CARTESIAN_POINT('Ctrl Pts',(28.5255219439872,52.58,-5.33868568935382));
#9023=CARTESIAN_POINT('Ctrl Pts',(28.5130098930808,52.58,-5.22691306120227));
#9024=CARTESIAN_POINT('Ctrl Pts',(28.4880152459118,52.58,-5.00363092906453));
#9025=CARTESIAN_POINT('Ctrl Pts',(28.3118078658126,52.58,-4.86427938356234));
#9026=CARTESIAN_POINT('Ctrl Pts',(28.2238080005057,52.58,-4.79468571939456));
#9027=CARTESIAN_POINT('',(28.5255219439872,52.18,-5.33868568935382));
#9028=CARTESIAN_POINT('',(28.5255219439872,52.58,-5.33868568935382));
#9029=CARTESIAN_POINT('',(28.2238080005057,52.18,-4.79468571939456));
#9030=CARTESIAN_POINT('Ctrl Pts',(28.5255219439872,52.18,-5.33868568935382));
#9031=CARTESIAN_POINT('Ctrl Pts',(28.5130098930808,52.18,-5.22691306120227));
#9032=CARTESIAN_POINT('Ctrl Pts',(28.4880152459118,52.18,-5.00363092906453));
#9033=CARTESIAN_POINT('Ctrl Pts',(28.3118078658126,52.18,-4.86427938356234));
#9034=CARTESIAN_POINT('Ctrl Pts',(28.2238080005057,52.18,-4.79468571939456));
#9035=CARTESIAN_POINT('',(28.2238080005057,52.58,-4.79468571939456));
#9036=CARTESIAN_POINT('Origin',(28.5255219439872,52.58,-5.4575430134772));
#9037=CARTESIAN_POINT('',(28.5255219439872,52.58,-5.4575430134772));
#9038=CARTESIAN_POINT('',(28.5255219439872,52.58,-3.5189715067386));
#9039=CARTESIAN_POINT('',(28.5255219439872,52.18,-5.4575430134772));
#9040=CARTESIAN_POINT('',(28.5255219439872,52.58,-5.4575430134772));
#9041=CARTESIAN_POINT('',(28.5255219439872,52.18,-5.4575430134772));
#9042=CARTESIAN_POINT('Ctrl Pts',(28.3792366485007,52.58,-5.85982847013461));
#9043=CARTESIAN_POINT('Ctrl Pts',(28.3792366485007,52.18,-5.85982847013461));
#9044=CARTESIAN_POINT('Ctrl Pts',(28.4218842149012,52.58,-5.80266448609113));
#9045=CARTESIAN_POINT('Ctrl Pts',(28.4218842149012,52.18,-5.80266448609113));
#9046=CARTESIAN_POINT('Ctrl Pts',(28.5107702611448,52.58,-5.68352332616102));
#9047=CARTESIAN_POINT('Ctrl Pts',(28.5107702611448,52.18,-5.68352332616102));
#9048=CARTESIAN_POINT('Ctrl Pts',(28.5204740418075,52.58,-5.53487158169181));
#9049=CARTESIAN_POINT('Ctrl Pts',(28.5204740418075,52.18,-5.53487158169181));
#9050=CARTESIAN_POINT('Ctrl Pts',(28.5255219439872,52.58,-5.4575430134772));
#9051=CARTESIAN_POINT('Ctrl Pts',(28.5255219439872,52.18,-5.4575430134772));
#9052=CARTESIAN_POINT('',(28.3792366485007,52.58,-5.85982847013461));
#9053=CARTESIAN_POINT('Ctrl Pts',(28.3792366485007,52.58,-5.85982847013461));
#9054=CARTESIAN_POINT('Ctrl Pts',(28.4218842149012,52.58,-5.80266448609113));
#9055=CARTESIAN_POINT('Ctrl Pts',(28.5107702611448,52.58,-5.68352332616102));
#9056=CARTESIAN_POINT('Ctrl Pts',(28.5204740418075,52.58,-5.53487158169181));
#9057=CARTESIAN_POINT('Ctrl Pts',(28.5255219439872,52.58,-5.4575430134772));
#9058=CARTESIAN_POINT('',(28.3792366485007,52.18,-5.85982847013461));
#9059=CARTESIAN_POINT('',(28.3792366485007,52.58,-5.85982847013461));
#9060=CARTESIAN_POINT('Ctrl Pts',(28.3792366485007,52.18,-5.85982847013461));
#9061=CARTESIAN_POINT('Ctrl Pts',(28.4218842149012,52.18,-5.80266448609113));
#9062=CARTESIAN_POINT('Ctrl Pts',(28.5107702611448,52.18,-5.68352332616102));
#9063=CARTESIAN_POINT('Ctrl Pts',(28.5204740418075,52.18,-5.53487158169181));
#9064=CARTESIAN_POINT('Ctrl Pts',(28.5255219439872,52.18,-5.4575430134772));
#9065=CARTESIAN_POINT('Ctrl Pts',(27.9495217303641,52.58,-6.11582863130557));
#9066=CARTESIAN_POINT('Ctrl Pts',(27.9495217303641,52.18,-6.11582863130557));
#9067=CARTESIAN_POINT('Ctrl Pts',(28.0356092314749,52.58,-6.0827168069533));
#9068=CARTESIAN_POINT('Ctrl Pts',(28.0356092314749,52.18,-6.0827168069533));
#9069=CARTESIAN_POINT('Ctrl Pts',(28.1937883603738,52.58,-6.02187638918399));
#9070=CARTESIAN_POINT('Ctrl Pts',(28.1937883603738,52.18,-6.02187638918399));
#9071=CARTESIAN_POINT('Ctrl Pts',(28.3211777392673,52.58,-5.91056134838639));
#9072=CARTESIAN_POINT('Ctrl Pts',(28.3211777392673,52.18,-5.91056134838639));
#9073=CARTESIAN_POINT('Ctrl Pts',(28.3792366485007,52.58,-5.85982847013461));
#9074=CARTESIAN_POINT('Ctrl Pts',(28.3792366485007,52.18,-5.85982847013461));
#9075=CARTESIAN_POINT('',(27.9495217303641,52.58,-6.11582863130557));
#9076=CARTESIAN_POINT('Ctrl Pts',(27.9495217303641,52.58,-6.11582863130557));
#9077=CARTESIAN_POINT('Ctrl Pts',(28.0356092314749,52.58,-6.0827168069533));
#9078=CARTESIAN_POINT('Ctrl Pts',(28.1937883603738,52.58,-6.02187638918399));
#9079=CARTESIAN_POINT('Ctrl Pts',(28.3211777392673,52.58,-5.91056134838639));
#9080=CARTESIAN_POINT('Ctrl Pts',(28.3792366485007,52.58,-5.85982847013461));
#9081=CARTESIAN_POINT('',(27.9495217303641,52.18,-6.11582863130557));
#9082=CARTESIAN_POINT('',(27.9495217303641,52.58,-6.11582863130557));
#9083=CARTESIAN_POINT('Ctrl Pts',(27.9495217303641,52.18,-6.11582863130557));
#9084=CARTESIAN_POINT('Ctrl Pts',(28.0356092314749,52.18,-6.0827168069533));
#9085=CARTESIAN_POINT('Ctrl Pts',(28.1937883603738,52.18,-6.02187638918399));
#9086=CARTESIAN_POINT('Ctrl Pts',(28.3211777392673,52.18,-5.91056134838639));
#9087=CARTESIAN_POINT('Ctrl Pts',(28.3792366485007,52.18,-5.85982847013461));
#9088=CARTESIAN_POINT('Origin',(27.6523794631369,52.58,-6.22097152271258));
#9089=CARTESIAN_POINT('',(27.6523794631369,52.58,-6.22097152271258));
#9090=CARTESIAN_POINT('',(40.7653688510517,52.58,-1.58097993854407));
#9091=CARTESIAN_POINT('',(27.6523794631369,52.18,-6.22097152271258));
#9092=CARTESIAN_POINT('',(27.6523794631369,52.58,-6.22097152271258));
#9093=CARTESIAN_POINT('',(27.6523794631369,52.18,-6.22097152271258));
#9094=CARTESIAN_POINT('Ctrl Pts',(27.3666645984061,52.58,-6.35125714340198));
#9095=CARTESIAN_POINT('Ctrl Pts',(27.3666645984061,52.18,-6.35125714340198));
#9096=CARTESIAN_POINT('Ctrl Pts',(27.401867512701,52.58,-6.33075827988169));
#9097=CARTESIAN_POINT('Ctrl Pts',(27.401867512701,52.18,-6.33075827988169));
#9098=CARTESIAN_POINT('Ctrl Pts',(27.4926456650792,52.58,-6.27789762917993));
#9099=CARTESIAN_POINT('Ctrl Pts',(27.4926456650792,52.18,-6.27789762917993));
#9100=CARTESIAN_POINT('Ctrl Pts',(27.591723240353,52.58,-6.24258825403738));
#9101=CARTESIAN_POINT('Ctrl Pts',(27.591723240353,52.18,-6.24258825403738));
#9102=CARTESIAN_POINT('Ctrl Pts',(27.6523794631369,52.58,-6.22097152271258));
#9103=CARTESIAN_POINT('Ctrl Pts',(27.6523794631369,52.18,-6.22097152271258));
#9104=CARTESIAN_POINT('',(27.3666645984061,52.58,-6.35125714340198));
#9105=CARTESIAN_POINT('Ctrl Pts',(27.3666645984061,52.58,-6.35125714340198));
#9106=CARTESIAN_POINT('Ctrl Pts',(27.401867512701,52.58,-6.33075827988169));
#9107=CARTESIAN_POINT('Ctrl Pts',(27.4926456650792,52.58,-6.27789762917993));
#9108=CARTESIAN_POINT('Ctrl Pts',(27.591723240353,52.58,-6.24258825403738));
#9109=CARTESIAN_POINT('Ctrl Pts',(27.6523794631369,52.58,-6.22097152271258));
#9110=CARTESIAN_POINT('',(27.3666645984061,52.18,-6.35125714340198));
#9111=CARTESIAN_POINT('',(27.3666645984061,52.58,-6.35125714340198));
#9112=CARTESIAN_POINT('Ctrl Pts',(27.3666645984061,52.18,-6.35125714340198));
#9113=CARTESIAN_POINT('Ctrl Pts',(27.401867512701,52.18,-6.33075827988169));
#9114=CARTESIAN_POINT('Ctrl Pts',(27.4926456650792,52.18,-6.27789762917993));
#9115=CARTESIAN_POINT('Ctrl Pts',(27.591723240353,52.18,-6.24258825403738));
#9116=CARTESIAN_POINT('Ctrl Pts',(27.6523794631369,52.18,-6.22097152271258));
#9117=CARTESIAN_POINT('Ctrl Pts',(27.29580778879,52.58,-6.47697138586032));
#9118=CARTESIAN_POINT('Ctrl Pts',(27.29580778879,52.18,-6.47697138586032));
#9119=CARTESIAN_POINT('Ctrl Pts',(27.2993588505671,52.58,-6.45302057944623));
#9120=CARTESIAN_POINT('Ctrl Pts',(27.2993588505671,52.18,-6.45302057944623));
#9121=CARTESIAN_POINT('Ctrl Pts',(27.3068746409318,52.58,-6.40232891273602));
#9122=CARTESIAN_POINT('Ctrl Pts',(27.3068746409318,52.18,-6.40232891273602));
#9123=CARTESIAN_POINT('Ctrl Pts',(27.3460164940274,52.58,-6.3688944736253));
#9124=CARTESIAN_POINT('Ctrl Pts',(27.3460164940274,52.18,-6.3688944736253));
#9125=CARTESIAN_POINT('Ctrl Pts',(27.3666645984061,52.58,-6.35125714340198));
#9126=CARTESIAN_POINT('Ctrl Pts',(27.3666645984061,52.18,-6.35125714340198));
#9127=CARTESIAN_POINT('',(27.29580778879,52.58,-6.47697138586032));
#9128=CARTESIAN_POINT('Ctrl Pts',(27.29580778879,52.58,-6.47697138586032));
#9129=CARTESIAN_POINT('Ctrl Pts',(27.2993588505671,52.58,-6.45302057944623));
#9130=CARTESIAN_POINT('Ctrl Pts',(27.3068746409318,52.58,-6.40232891273602));
#9131=CARTESIAN_POINT('Ctrl Pts',(27.3460164940274,52.58,-6.3688944736253));
#9132=CARTESIAN_POINT('Ctrl Pts',(27.3666645984061,52.58,-6.35125714340198));
#9133=CARTESIAN_POINT('',(27.29580778879,52.18,-6.47697138586032));
#9134=CARTESIAN_POINT('',(27.29580778879,52.58,-6.47697138586032));
#9135=CARTESIAN_POINT('Ctrl Pts',(27.29580778879,52.18,-6.47697138586032));
#9136=CARTESIAN_POINT('Ctrl Pts',(27.2993588505671,52.18,-6.45302057944623));
#9137=CARTESIAN_POINT('Ctrl Pts',(27.3068746409318,52.18,-6.40232891273602));
#9138=CARTESIAN_POINT('Ctrl Pts',(27.3460164940274,52.18,-6.3688944736253));
#9139=CARTESIAN_POINT('Ctrl Pts',(27.3666645984061,52.18,-6.35125714340198));
#9140=CARTESIAN_POINT('Origin',(27.29580778879,52.58,-6.51354300775516));
#9141=CARTESIAN_POINT('',(27.29580778879,52.58,-6.51354300775516));
#9142=CARTESIAN_POINT('',(27.29580778879,52.58,-4.04697150387757));
#9143=CARTESIAN_POINT('',(27.29580778879,52.18,-6.51354300775516));
#9144=CARTESIAN_POINT('',(27.29580778879,52.58,-6.51354300775516));
#9145=CARTESIAN_POINT('',(27.29580778879,52.18,-6.51354300775516));
#9146=CARTESIAN_POINT('Ctrl Pts',(27.3689510325797,52.58,-6.63925695219028));
#9147=CARTESIAN_POINT('Ctrl Pts',(27.3689510325797,52.18,-6.63925695219028));
#9148=CARTESIAN_POINT('Ctrl Pts',(27.3476254370884,52.58,-6.62251071851246));
#9149=CARTESIAN_POINT('Ctrl Pts',(27.3476254370884,52.18,-6.62251071851246));
#9150=CARTESIAN_POINT('Ctrl Pts',(27.3064398447857,52.58,-6.59016913381253));
#9151=CARTESIAN_POINT('Ctrl Pts',(27.3064398447857,52.18,-6.59016913381253));
#9152=CARTESIAN_POINT('Ctrl Pts',(27.299266721716,52.58,-6.53847182966107));
#9153=CARTESIAN_POINT('Ctrl Pts',(27.299266721716,52.18,-6.53847182966107));
#9154=CARTESIAN_POINT('Ctrl Pts',(27.29580778879,52.58,-6.51354300775516));
#9155=CARTESIAN_POINT('Ctrl Pts',(27.29580778879,52.18,-6.51354300775516));
#9156=CARTESIAN_POINT('',(27.3689510325797,52.58,-6.63925695219028));
#9157=CARTESIAN_POINT('Ctrl Pts',(27.3689510325797,52.58,-6.63925695219028));
#9158=CARTESIAN_POINT('Ctrl Pts',(27.3476254370884,52.58,-6.62251071851246));
#9159=CARTESIAN_POINT('Ctrl Pts',(27.3064398447857,52.58,-6.59016913381253));
#9160=CARTESIAN_POINT('Ctrl Pts',(27.299266721716,52.58,-6.53847182966107));
#9161=CARTESIAN_POINT('Ctrl Pts',(27.29580778879,52.58,-6.51354300775516));
#9162=CARTESIAN_POINT('',(27.3689510325797,52.18,-6.63925695219028));
#9163=CARTESIAN_POINT('',(27.3689510325797,52.58,-6.63925695219028));
#9164=CARTESIAN_POINT('Ctrl Pts',(27.3689510325797,52.18,-6.63925695219028));
#9165=CARTESIAN_POINT('Ctrl Pts',(27.3476254370884,52.18,-6.62251071851246));
#9166=CARTESIAN_POINT('Ctrl Pts',(27.3064398447857,52.18,-6.59016913381253));
#9167=CARTESIAN_POINT('Ctrl Pts',(27.299266721716,52.18,-6.53847182966107));
#9168=CARTESIAN_POINT('Ctrl Pts',(27.29580778879,52.18,-6.51354300775516));
#9169=CARTESIAN_POINT('Ctrl Pts',(27.5883795718558,52.58,-6.68725716867435));
#9170=CARTESIAN_POINT('Ctrl Pts',(27.5883795718558,52.18,-6.68725716867435));
#9171=CARTESIAN_POINT('Ctrl Pts',(27.5449211390861,52.58,-6.6865730440406));
#9172=CARTESIAN_POINT('Ctrl Pts',(27.5449211390861,52.18,-6.6865730440406));
#9173=CARTESIAN_POINT('Ctrl Pts',(27.4682475181394,52.58,-6.68536604439737));
#9174=CARTESIAN_POINT('Ctrl Pts',(27.4682475181394,52.18,-6.68536604439737));
#9175=CARTESIAN_POINT('Ctrl Pts',(27.3989645660731,52.58,-6.6531939689488));
#9176=CARTESIAN_POINT('Ctrl Pts',(27.3989645660731,52.18,-6.6531939689488));
#9177=CARTESIAN_POINT('Ctrl Pts',(27.3689510325797,52.58,-6.63925695219028));
#9178=CARTESIAN_POINT('Ctrl Pts',(27.3689510325797,52.18,-6.63925695219028));
#9179=CARTESIAN_POINT('',(27.5883795718558,52.58,-6.68725716867435));
#9180=CARTESIAN_POINT('Ctrl Pts',(27.5883795718558,52.58,-6.68725716867435));
#9181=CARTESIAN_POINT('Ctrl Pts',(27.5449211390861,52.58,-6.6865730440406));
#9182=CARTESIAN_POINT('Ctrl Pts',(27.4682475181394,52.58,-6.68536604439737));
#9183=CARTESIAN_POINT('Ctrl Pts',(27.3989645660731,52.58,-6.6531939689488));
#9184=CARTESIAN_POINT('Ctrl Pts',(27.3689510325797,52.58,-6.63925695219028));
#9185=CARTESIAN_POINT('',(27.5883795718558,52.18,-6.68725716867435));
#9186=CARTESIAN_POINT('',(27.5883795718558,52.58,-6.68725716867435));
#9187=CARTESIAN_POINT('Ctrl Pts',(27.5883795718558,52.18,-6.68725716867435));
#9188=CARTESIAN_POINT('Ctrl Pts',(27.5449211390861,52.18,-6.6865730440406));
#9189=CARTESIAN_POINT('Ctrl Pts',(27.4682475181394,52.18,-6.68536604439737));
#9190=CARTESIAN_POINT('Ctrl Pts',(27.3989645660731,52.18,-6.6531939689488));
#9191=CARTESIAN_POINT('Ctrl Pts',(27.3689510325797,52.18,-6.63925695219028));
#9192=CARTESIAN_POINT('Ctrl Pts',(27.8763796786673,52.58,-6.6484000066756));
#9193=CARTESIAN_POINT('Ctrl Pts',(27.8763796786673,52.18,-6.6484000066756));
#9194=CARTESIAN_POINT('Ctrl Pts',(27.8312690545529,52.58,-6.65972693335894));
#9195=CARTESIAN_POINT('Ctrl Pts',(27.8312690545529,52.18,-6.65972693335894));
#9196=CARTESIAN_POINT('Ctrl Pts',(27.7367599541981,52.58,-6.68345743302822));
#9197=CARTESIAN_POINT('Ctrl Pts',(27.7367599541981,52.18,-6.68345743302822));
#9198=CARTESIAN_POINT('Ctrl Pts',(27.6393134070652,52.58,-6.68595285130986));
#9199=CARTESIAN_POINT('Ctrl Pts',(27.6393134070652,52.18,-6.68595285130986));
#9200=CARTESIAN_POINT('Ctrl Pts',(27.5883795718558,52.58,-6.68725716867435));
#9201=CARTESIAN_POINT('Ctrl Pts',(27.5883795718558,52.18,-6.68725716867435));
#9202=CARTESIAN_POINT('',(27.8763796786673,52.58,-6.6484000066756));
#9203=CARTESIAN_POINT('Ctrl Pts',(27.8763796786673,52.58,-6.6484000066756));
#9204=CARTESIAN_POINT('Ctrl Pts',(27.8312690545529,52.58,-6.65972693335894));
#9205=CARTESIAN_POINT('Ctrl Pts',(27.7367599541981,52.58,-6.68345743302822));
#9206=CARTESIAN_POINT('Ctrl Pts',(27.6393134070652,52.58,-6.68595285130986));
#9207=CARTESIAN_POINT('Ctrl Pts',(27.5883795718558,52.58,-6.68725716867435));
#9208=CARTESIAN_POINT('',(27.8763796786673,52.18,-6.6484000066756));
#9209=CARTESIAN_POINT('',(27.8763796786673,52.58,-6.6484000066756));
#9210=CARTESIAN_POINT('Ctrl Pts',(27.8763796786673,52.18,-6.6484000066756));
#9211=CARTESIAN_POINT('Ctrl Pts',(27.8312690545529,52.18,-6.65972693335894));
#9212=CARTESIAN_POINT('Ctrl Pts',(27.7367599541981,52.18,-6.68345743302822));
#9213=CARTESIAN_POINT('Ctrl Pts',(27.6393134070652,52.18,-6.68595285130986));
#9214=CARTESIAN_POINT('Ctrl Pts',(27.5883795718558,52.18,-6.68725716867435));
#9215=CARTESIAN_POINT('Ctrl Pts',(28.1689502696402,52.58,-6.50439995326984));
#9216=CARTESIAN_POINT('Ctrl Pts',(28.1689502696402,52.18,-6.50439995326984));
#9217=CARTESIAN_POINT('Ctrl Pts',(28.1180927254817,52.58,-6.53588854764562));
#9218=CARTESIAN_POINT('Ctrl Pts',(28.1180927254817,52.18,-6.53588854764562));
#9219=CARTESIAN_POINT('Ctrl Pts',(28.0251826236276,52.58,-6.59341410376707));
#9220=CARTESIAN_POINT('Ctrl Pts',(28.0251826236276,52.18,-6.59341410376707));
#9221=CARTESIAN_POINT('Ctrl Pts',(27.9227446839887,52.58,-6.63126713553764));
#9222=CARTESIAN_POINT('Ctrl Pts',(27.9227446839887,52.18,-6.63126713553764));
#9223=CARTESIAN_POINT('Ctrl Pts',(27.8763796786673,52.58,-6.6484000066756));
#9224=CARTESIAN_POINT('Ctrl Pts',(27.8763796786673,52.18,-6.6484000066756));
#9225=CARTESIAN_POINT('',(28.1689502696402,52.58,-6.50439995326984));
#9226=CARTESIAN_POINT('Ctrl Pts',(28.1689502696402,52.58,-6.50439995326984));
#9227=CARTESIAN_POINT('Ctrl Pts',(28.1180927254817,52.58,-6.53588854764562));
#9228=CARTESIAN_POINT('Ctrl Pts',(28.0251826236276,52.58,-6.59341410376707));
#9229=CARTESIAN_POINT('Ctrl Pts',(27.9227446839887,52.58,-6.63126713553764));
#9230=CARTESIAN_POINT('Ctrl Pts',(27.8763796786673,52.58,-6.6484000066756));
#9231=CARTESIAN_POINT('',(28.1689502696402,52.18,-6.50439995326984));
#9232=CARTESIAN_POINT('',(28.1689502696402,52.58,-6.50439995326984));
#9233=CARTESIAN_POINT('Ctrl Pts',(28.1689502696402,52.18,-6.50439995326984));
#9234=CARTESIAN_POINT('Ctrl Pts',(28.1180927254817,52.18,-6.53588854764562));
#9235=CARTESIAN_POINT('Ctrl Pts',(28.0251826236276,52.18,-6.59341410376707));
#9236=CARTESIAN_POINT('Ctrl Pts',(27.9227446839887,52.18,-6.63126713553764));
#9237=CARTESIAN_POINT('Ctrl Pts',(27.8763796786673,52.18,-6.6484000066756));
#9238=CARTESIAN_POINT('Origin',(28.4935214023001,52.58,-6.8929712752341));
#9239=CARTESIAN_POINT('',(28.4935214023001,52.58,-6.8929712752341));
#9240=CARTESIAN_POINT('',(32.7401793311579,52.58,-11.9770016134322));
#9241=CARTESIAN_POINT('',(28.4935214023001,52.18,-6.8929712752341));
#9242=CARTESIAN_POINT('',(28.4935214023001,52.58,-6.8929712752341));
#9243=CARTESIAN_POINT('',(28.4935214023001,52.18,-6.8929712752341));
#9244=CARTESIAN_POINT('Ctrl Pts',(28.0638076762564,52.58,-7.13068577446925));
#9245=CARTESIAN_POINT('Ctrl Pts',(28.0638076762564,52.18,-7.13068577446925));
#9246=CARTESIAN_POINT('Ctrl Pts',(28.1435036316578,52.58,-7.09995645092023));
#9247=CARTESIAN_POINT('Ctrl Pts',(28.1435036316578,52.18,-7.09995645092023));
#9248=CARTESIAN_POINT('Ctrl Pts',(28.2977540252602,52.58,-7.04048028015716));
#9249=CARTESIAN_POINT('Ctrl Pts',(28.2977540252602,52.18,-7.04048028015716));
#9250=CARTESIAN_POINT('Ctrl Pts',(28.4297319853623,52.58,-6.94103604250741));
#9251=CARTESIAN_POINT('Ctrl Pts',(28.4297319853623,52.18,-6.94103604250741));
#9252=CARTESIAN_POINT('Ctrl Pts',(28.4935214023001,52.58,-6.8929712752341));
#9253=CARTESIAN_POINT('Ctrl Pts',(28.4935214023001,52.18,-6.8929712752341));
#9254=CARTESIAN_POINT('',(28.0638076762564,52.58,-7.13068577446925));
#9255=CARTESIAN_POINT('Ctrl Pts',(28.0638076762564,52.58,-7.13068577446925));
#9256=CARTESIAN_POINT('Ctrl Pts',(28.1435036316578,52.58,-7.09995645092023));
#9257=CARTESIAN_POINT('Ctrl Pts',(28.2977540252602,52.58,-7.04048028015716));
#9258=CARTESIAN_POINT('Ctrl Pts',(28.4297319853623,52.58,-6.94103604250741));
#9259=CARTESIAN_POINT('Ctrl Pts',(28.4935214023001,52.58,-6.8929712752341));
#9260=CARTESIAN_POINT('',(28.0638076762564,52.18,-7.13068577446925));
#9261=CARTESIAN_POINT('',(28.0638076762564,52.58,-7.13068577446925));
#9262=CARTESIAN_POINT('Ctrl Pts',(28.0638076762564,52.18,-7.13068577446925));
#9263=CARTESIAN_POINT('Ctrl Pts',(28.1435036316578,52.18,-7.09995645092023));
#9264=CARTESIAN_POINT('Ctrl Pts',(28.2977540252602,52.18,-7.04048028015716));
#9265=CARTESIAN_POINT('Ctrl Pts',(28.4297319853623,52.18,-6.94103604250741));
#9266=CARTESIAN_POINT('Ctrl Pts',(28.4935214023001,52.18,-6.8929712752341));
#9267=CARTESIAN_POINT('Ctrl Pts',(27.5426651934989,52.58,-7.21754270591724));
#9268=CARTESIAN_POINT('Ctrl Pts',(27.5426651934989,52.18,-7.21754270591724));
#9269=CARTESIAN_POINT('Ctrl Pts',(27.6316586136267,52.58,-7.21397499000056));
#9270=CARTESIAN_POINT('Ctrl Pts',(27.6316586136267,52.18,-7.21397499000056));
#9271=CARTESIAN_POINT('Ctrl Pts',(27.8090197424999,52.58,-7.20686464272351));
#9272=CARTESIAN_POINT('Ctrl Pts',(27.8090197424999,52.18,-7.20686464272351));
#9273=CARTESIAN_POINT('Ctrl Pts',(27.9790783479539,52.58,-7.15601893779007));
#9274=CARTESIAN_POINT('Ctrl Pts',(27.9790783479539,52.18,-7.15601893779007));
#9275=CARTESIAN_POINT('Ctrl Pts',(28.0638076762564,52.58,-7.13068577446925));
#9276=CARTESIAN_POINT('Ctrl Pts',(28.0638076762564,52.18,-7.13068577446925));
#9277=CARTESIAN_POINT('',(27.5426651934989,52.58,-7.21754270591724));
#9278=CARTESIAN_POINT('Ctrl Pts',(27.5426651934989,52.58,-7.21754270591724));
#9279=CARTESIAN_POINT('Ctrl Pts',(27.6316586136267,52.58,-7.21397499000056));
#9280=CARTESIAN_POINT('Ctrl Pts',(27.8090197424999,52.58,-7.20686464272351));
#9281=CARTESIAN_POINT('Ctrl Pts',(27.9790783479539,52.58,-7.15601893779007));
#9282=CARTESIAN_POINT('Ctrl Pts',(28.0638076762564,52.58,-7.13068577446925));
#9283=CARTESIAN_POINT('',(27.5426651934989,52.18,-7.21754270591724));
#9284=CARTESIAN_POINT('',(27.5426651934989,52.58,-7.21754270591724));
#9285=CARTESIAN_POINT('Ctrl Pts',(27.5426651934989,52.18,-7.21754270591724));
#9286=CARTESIAN_POINT('Ctrl Pts',(27.6316586136267,52.18,-7.21397499000056));
#9287=CARTESIAN_POINT('Ctrl Pts',(27.8090197424999,52.18,-7.20686464272351));
#9288=CARTESIAN_POINT('Ctrl Pts',(27.9790783479539,52.18,-7.15601893779007));
#9289=CARTESIAN_POINT('Ctrl Pts',(28.0638076762564,52.18,-7.13068577446925));
#9290=CARTESIAN_POINT('Ctrl Pts',(27.0123793582328,52.58,-7.12839993634212));
#9291=CARTESIAN_POINT('Ctrl Pts',(27.0123793582328,52.18,-7.12839993634212));
#9292=CARTESIAN_POINT('Ctrl Pts',(27.0947893194291,52.58,-7.1543858370763));
#9293=CARTESIAN_POINT('Ctrl Pts',(27.0947893194291,52.18,-7.1543858370763));
#9294=CARTESIAN_POINT('Ctrl Pts',(27.2672982218527,52.58,-7.20878216428076));
#9295=CARTESIAN_POINT('Ctrl Pts',(27.2672982218527,52.18,-7.20878216428076));
#9296=CARTESIAN_POINT('Ctrl Pts',(27.4481886833941,52.58,-7.21453702446062));
#9297=CARTESIAN_POINT('Ctrl Pts',(27.4481886833941,52.18,-7.21453702446062));
#9298=CARTESIAN_POINT('Ctrl Pts',(27.5426651934989,52.58,-7.21754270591724));
#9299=CARTESIAN_POINT('Ctrl Pts',(27.5426651934989,52.18,-7.21754270591724));
#9300=CARTESIAN_POINT('',(27.0123793582328,52.58,-7.12839993634212));
#9301=CARTESIAN_POINT('Ctrl Pts',(27.0123793582328,52.58,-7.12839993634212));
#9302=CARTESIAN_POINT('Ctrl Pts',(27.0947893194291,52.58,-7.1543858370763));
#9303=CARTESIAN_POINT('Ctrl Pts',(27.2672982218527,52.58,-7.20878216428076));
#9304=CARTESIAN_POINT('Ctrl Pts',(27.4481886833941,52.58,-7.21453702446062));
#9305=CARTESIAN_POINT('Ctrl Pts',(27.5426651934989,52.58,-7.21754270591724));
#9306=CARTESIAN_POINT('',(27.0123793582328,52.18,-7.12839993634212));
#9307=CARTESIAN_POINT('',(27.0123793582328,52.58,-7.12839993634212));
#9308=CARTESIAN_POINT('Ctrl Pts',(27.0123793582328,52.18,-7.12839993634212));
#9309=CARTESIAN_POINT('Ctrl Pts',(27.0947893194291,52.18,-7.1543858370763));
#9310=CARTESIAN_POINT('Ctrl Pts',(27.2672982218527,52.18,-7.20878216428076));
#9311=CARTESIAN_POINT('Ctrl Pts',(27.4481886833941,52.18,-7.21453702446062));
#9312=CARTESIAN_POINT('Ctrl Pts',(27.5426651934989,52.18,-7.21754270591724));
#9313=CARTESIAN_POINT('Ctrl Pts',(26.6512360076316,52.58,-6.87697160043704));
#9314=CARTESIAN_POINT('Ctrl Pts',(26.6512360076316,52.18,-6.87697160043704));
#9315=CARTESIAN_POINT('Ctrl Pts',(26.7000507733251,52.58,-6.92867254198056));
#9316=CARTESIAN_POINT('Ctrl Pts',(26.7000507733251,52.18,-6.92867254198056));
#9317=CARTESIAN_POINT('Ctrl Pts',(26.8027789261233,52.58,-7.03747450276515));
#9318=CARTESIAN_POINT('Ctrl Pts',(26.8027789261233,52.18,-7.03747450276515));
#9319=CARTESIAN_POINT('Ctrl Pts',(26.9402384099209,52.58,-7.09710492927607));
#9320=CARTESIAN_POINT('Ctrl Pts',(26.9402384099209,52.18,-7.09710492927607));
#9321=CARTESIAN_POINT('Ctrl Pts',(27.0123793582328,52.58,-7.12839993634212));
#9322=CARTESIAN_POINT('Ctrl Pts',(27.0123793582328,52.18,-7.12839993634212));
#9323=CARTESIAN_POINT('',(26.6512360076316,52.58,-6.87697160043704));
#9324=CARTESIAN_POINT('Ctrl Pts',(26.6512360076316,52.58,-6.87697160043704));
#9325=CARTESIAN_POINT('Ctrl Pts',(26.7000507733251,52.58,-6.92867254198056));
#9326=CARTESIAN_POINT('Ctrl Pts',(26.8027789261233,52.58,-7.03747450276515));
#9327=CARTESIAN_POINT('Ctrl Pts',(26.9402384099209,52.58,-7.09710492927607));
#9328=CARTESIAN_POINT('Ctrl Pts',(27.0123793582328,52.58,-7.12839993634212));
#9329=CARTESIAN_POINT('',(26.6512360076316,52.18,-6.87697160043704));
#9330=CARTESIAN_POINT('',(26.6512360076316,52.58,-6.87697160043704));
#9331=CARTESIAN_POINT('Ctrl Pts',(26.6512360076316,52.18,-6.87697160043704));
#9332=CARTESIAN_POINT('Ctrl Pts',(26.7000507733251,52.18,-6.92867254198056));
#9333=CARTESIAN_POINT('Ctrl Pts',(26.8027789261233,52.18,-7.03747450276515));
#9334=CARTESIAN_POINT('Ctrl Pts',(26.9402384099209,52.18,-7.09710492927607));
#9335=CARTESIAN_POINT('Ctrl Pts',(27.0123793582328,52.18,-7.12839993634212));
#9336=CARTESIAN_POINT('Ctrl Pts',(26.5232362250693,52.58,-6.50439995326984));
#9337=CARTESIAN_POINT('Ctrl Pts',(26.5232362250693,52.18,-6.50439995326984));
#9338=CARTESIAN_POINT('Ctrl Pts',(26.5284685060857,52.58,-6.57236713811359));
#9339=CARTESIAN_POINT('Ctrl Pts',(26.5284685060857,52.18,-6.57236713811359));
#9340=CARTESIAN_POINT('Ctrl Pts',(26.5388842261214,52.58,-6.70766705161668));
#9341=CARTESIAN_POINT('Ctrl Pts',(26.5388842261214,52.18,-6.70766705161668));
#9342=CARTESIAN_POINT('Ctrl Pts',(26.6139026740774,52.58,-6.82071345207131));
#9343=CARTESIAN_POINT('Ctrl Pts',(26.6139026740774,52.18,-6.82071345207131));
#9344=CARTESIAN_POINT('Ctrl Pts',(26.6512360076316,52.58,-6.87697160043704));
#9345=CARTESIAN_POINT('Ctrl Pts',(26.6512360076316,52.18,-6.87697160043704));
#9346=CARTESIAN_POINT('',(26.5232362250693,52.58,-6.50439995326984));
#9347=CARTESIAN_POINT('Ctrl Pts',(26.5232362250693,52.58,-6.50439995326984));
#9348=CARTESIAN_POINT('Ctrl Pts',(26.5284685060857,52.58,-6.57236713811359));
#9349=CARTESIAN_POINT('Ctrl Pts',(26.5388842261214,52.58,-6.70766705161668));
#9350=CARTESIAN_POINT('Ctrl Pts',(26.6139026740774,52.58,-6.82071345207131));
#9351=CARTESIAN_POINT('Ctrl Pts',(26.6512360076316,52.58,-6.87697160043704));
#9352=CARTESIAN_POINT('',(26.5232362250693,52.18,-6.50439995326984));
#9353=CARTESIAN_POINT('',(26.5232362250693,52.58,-6.50439995326984));
#9354=CARTESIAN_POINT('Ctrl Pts',(26.5232362250693,52.18,-6.50439995326984));
#9355=CARTESIAN_POINT('Ctrl Pts',(26.5284685060857,52.18,-6.57236713811359));
#9356=CARTESIAN_POINT('Ctrl Pts',(26.5388842261214,52.18,-6.70766705161668));
#9357=CARTESIAN_POINT('Ctrl Pts',(26.6139026740774,52.18,-6.82071345207131));
#9358=CARTESIAN_POINT('Ctrl Pts',(26.6512360076316,52.18,-6.87697160043704));
#9359=CARTESIAN_POINT('Origin',(26.5232362250693,52.58,-6.39011430540073));
#9360=CARTESIAN_POINT('',(26.5232362250693,52.58,-6.39011430540073));
#9361=CARTESIAN_POINT('',(26.5232362250693,52.58,-3.98525715270036));
#9362=CARTESIAN_POINT('',(26.5232362250693,52.18,-6.39011430540073));
#9363=CARTESIAN_POINT('',(26.5232362250693,52.58,-6.39011430540073));
#9364=CARTESIAN_POINT('',(26.5232362250693,52.18,-6.39011430540073));
#9365=CARTESIAN_POINT('Ctrl Pts',(26.6626646022208,52.58,-6.00611436166751));
#9366=CARTESIAN_POINT('Ctrl Pts',(26.6626646022208,52.18,-6.00611436166751));
#9367=CARTESIAN_POINT('Ctrl Pts',(26.6220122521155,52.58,-6.06110779785522));
#9368=CARTESIAN_POINT('Ctrl Pts',(26.6220122521155,52.18,-6.06110779785522));
#9369=CARTESIAN_POINT('Ctrl Pts',(26.5377506649841,52.58,-6.17509466953637));
#9370=CARTESIAN_POINT('Ctrl Pts',(26.5377506649841,52.18,-6.17509466953637));
#9371=CARTESIAN_POINT('Ctrl Pts',(26.5281862490855,52.58,-6.31678372098117));
#9372=CARTESIAN_POINT('Ctrl Pts',(26.5281862490855,52.18,-6.31678372098117));
#9373=CARTESIAN_POINT('Ctrl Pts',(26.5232362250693,52.58,-6.39011430540073));
#9374=CARTESIAN_POINT('Ctrl Pts',(26.5232362250693,52.18,-6.39011430540073));
#9375=CARTESIAN_POINT('',(26.6626646022208,52.58,-6.00611436166751));
#9376=CARTESIAN_POINT('Ctrl Pts',(26.6626646022208,52.58,-6.00611436166751));
#9377=CARTESIAN_POINT('Ctrl Pts',(26.6220122521155,52.58,-6.06110779785522));
#9378=CARTESIAN_POINT('Ctrl Pts',(26.5377506649841,52.58,-6.17509466953637));
#9379=CARTESIAN_POINT('Ctrl Pts',(26.5281862490855,52.58,-6.31678372098117));
#9380=CARTESIAN_POINT('Ctrl Pts',(26.5232362250693,52.58,-6.39011430540073));
#9381=CARTESIAN_POINT('',(26.6626646022208,52.18,-6.00611436166751));
#9382=CARTESIAN_POINT('',(26.6626646022208,52.58,-6.00611436166751));
#9383=CARTESIAN_POINT('Ctrl Pts',(26.6626646022208,52.18,-6.00611436166751));
#9384=CARTESIAN_POINT('Ctrl Pts',(26.6220122521155,52.18,-6.06110779785522));
#9385=CARTESIAN_POINT('Ctrl Pts',(26.5377506649841,52.18,-6.17509466953637));
#9386=CARTESIAN_POINT('Ctrl Pts',(26.5281862490855,52.18,-6.31678372098117));
#9387=CARTESIAN_POINT('Ctrl Pts',(26.5232362250693,52.18,-6.39011430540073));
#9388=CARTESIAN_POINT('Ctrl Pts',(27.0946647624381,52.58,-5.75011420049655));
#9389=CARTESIAN_POINT('Ctrl Pts',(27.0946647624381,52.18,-5.75011420049655));
#9390=CARTESIAN_POINT('Ctrl Pts',(27.0067490739339,52.58,-5.78379879668037));
#9391=CARTESIAN_POINT('Ctrl Pts',(27.0067490739339,52.18,-5.78379879668037));
#9392=CARTESIAN_POINT('Ctrl Pts',(26.8478417801355,52.58,-5.84468358429144));
#9393=CARTESIAN_POINT('Ctrl Pts',(26.8478417801355,52.18,-5.84468358429144));
#9394=CARTESIAN_POINT('Ctrl Pts',(26.7198463685359,52.58,-5.95626536249856));
#9395=CARTESIAN_POINT('Ctrl Pts',(26.7198463685359,52.18,-5.95626536249856));
#9396=CARTESIAN_POINT('Ctrl Pts',(26.6626646022208,52.58,-6.00611436166751));
#9397=CARTESIAN_POINT('Ctrl Pts',(26.6626646022208,52.18,-6.00611436166751));
#9398=CARTESIAN_POINT('',(27.0946647624381,52.58,-5.75011420049655));
#9399=CARTESIAN_POINT('Ctrl Pts',(27.0946647624381,52.58,-5.75011420049655));
#9400=CARTESIAN_POINT('Ctrl Pts',(27.0067490739339,52.58,-5.78379879668037));
#9401=CARTESIAN_POINT('Ctrl Pts',(26.8478417801355,52.58,-5.84468358429144));
#9402=CARTESIAN_POINT('Ctrl Pts',(26.7198463685359,52.58,-5.95626536249856));
#9403=CARTESIAN_POINT('Ctrl Pts',(26.6626646022208,52.58,-6.00611436166751));
#9404=CARTESIAN_POINT('',(27.0946647624381,52.18,-5.75011420049655));
#9405=CARTESIAN_POINT('',(27.0946647624381,52.58,-5.75011420049655));
#9406=CARTESIAN_POINT('Ctrl Pts',(27.0946647624381,52.18,-5.75011420049655));
#9407=CARTESIAN_POINT('Ctrl Pts',(27.0067490739339,52.18,-5.78379879668037));
#9408=CARTESIAN_POINT('Ctrl Pts',(26.8478417801355,52.18,-5.84468358429144));
#9409=CARTESIAN_POINT('Ctrl Pts',(26.7198463685359,52.18,-5.95626536249856));
#9410=CARTESIAN_POINT('Ctrl Pts',(26.6626646022208,52.18,-6.00611436166751));
#9411=CARTESIAN_POINT('Origin',(27.3872365455039,52.58,-5.64497160711276));
#9412=CARTESIAN_POINT('',(27.3872365455039,52.58,-5.64497160711276));
#9413=CARTESIAN_POINT('',(40.4915532389004,52.58,-0.93562531531286));
#9414=CARTESIAN_POINT('',(27.3872365455039,52.18,-5.64497160711276));
#9415=CARTESIAN_POINT('',(27.3872365455039,52.58,-5.64497160711276));
#9416=CARTESIAN_POINT('',(27.3872365455039,52.18,-5.64497160711276));
#9417=CARTESIAN_POINT('Ctrl Pts',(27.6729502181418,52.58,-5.51697152652728));
#9418=CARTESIAN_POINT('Ctrl Pts',(27.6729502181418,52.18,-5.51697152652728));
#9419=CARTESIAN_POINT('Ctrl Pts',(27.637806020558,52.58,-5.53779780331088));
#9420=CARTESIAN_POINT('Ctrl Pts',(27.637806020558,52.18,-5.53779780331088));
#9421=CARTESIAN_POINT('Ctrl Pts',(27.5476044016948,52.58,-5.59125083424993));
#9422=CARTESIAN_POINT('Ctrl Pts',(27.5476044016948,52.18,-5.59125083424993));
#9423=CARTESIAN_POINT('Ctrl Pts',(27.4480206496072,52.58,-5.62460986425626));
#9424=CARTESIAN_POINT('Ctrl Pts',(27.4480206496072,52.18,-5.62460986425626));
#9425=CARTESIAN_POINT('Ctrl Pts',(27.3872365455039,52.58,-5.64497160711276));
#9426=CARTESIAN_POINT('Ctrl Pts',(27.3872365455039,52.18,-5.64497160711276));
#9427=CARTESIAN_POINT('',(27.6729502181418,52.58,-5.51697152652728));
#9428=CARTESIAN_POINT('Ctrl Pts',(27.6729502181418,52.58,-5.51697152652728));
#9429=CARTESIAN_POINT('Ctrl Pts',(27.637806020558,52.58,-5.53779780331088));
#9430=CARTESIAN_POINT('Ctrl Pts',(27.5476044016948,52.58,-5.59125083424993));
#9431=CARTESIAN_POINT('Ctrl Pts',(27.4480206496072,52.58,-5.62460986425626));
#9432=CARTESIAN_POINT('Ctrl Pts',(27.3872365455039,52.58,-5.64497160711276));
#9433=CARTESIAN_POINT('',(27.6729502181418,52.18,-5.51697152652728));
#9434=CARTESIAN_POINT('',(27.6729502181418,52.58,-5.51697152652728));
#9435=CARTESIAN_POINT('Ctrl Pts',(27.6729502181418,52.18,-5.51697152652728));
#9436=CARTESIAN_POINT('Ctrl Pts',(27.637806020558,52.18,-5.53779780331088));
#9437=CARTESIAN_POINT('Ctrl Pts',(27.5476044016948,52.18,-5.59125083424993));
#9438=CARTESIAN_POINT('Ctrl Pts',(27.4480206496072,52.18,-5.62460986425626));
#9439=CARTESIAN_POINT('Ctrl Pts',(27.3872365455039,52.18,-5.64497160711276));
#9440=CARTESIAN_POINT('Ctrl Pts',(27.7438070277579,52.58,-5.37068563499438));
#9441=CARTESIAN_POINT('Ctrl Pts',(27.7438070277579,52.18,-5.37068563499438));
#9442=CARTESIAN_POINT('Ctrl Pts',(27.7409245322924,52.58,-5.39958351992226));
#9443=CARTESIAN_POINT('Ctrl Pts',(27.7409245322924,52.18,-5.39958351992226));
#9444=CARTESIAN_POINT('Ctrl Pts',(27.7351932249724,52.58,-5.45704160143572));
#9445=CARTESIAN_POINT('Ctrl Pts',(27.7351932249724,52.18,-5.45704160143572));
#9446=CARTESIAN_POINT('Ctrl Pts',(27.6936164364206,52.58,-5.49707330861593));
#9447=CARTESIAN_POINT('Ctrl Pts',(27.6936164364206,52.18,-5.49707330861593));
#9448=CARTESIAN_POINT('Ctrl Pts',(27.6729502181418,52.58,-5.51697152652728));
#9449=CARTESIAN_POINT('Ctrl Pts',(27.6729502181418,52.18,-5.51697152652728));
#9450=CARTESIAN_POINT('',(27.7438070277579,52.58,-5.37068563499438));
#9451=CARTESIAN_POINT('Ctrl Pts',(27.7438070277579,52.58,-5.37068563499438));
#9452=CARTESIAN_POINT('Ctrl Pts',(27.7409245322924,52.58,-5.39958351992226));
#9453=CARTESIAN_POINT('Ctrl Pts',(27.7351932249724,52.58,-5.45704160143572));
#9454=CARTESIAN_POINT('Ctrl Pts',(27.6936164364206,52.58,-5.49707330861593));
#9455=CARTESIAN_POINT('Ctrl Pts',(27.6729502181418,52.58,-5.51697152652728));
#9456=CARTESIAN_POINT('',(27.7438070277579,52.18,-5.37068563499438));
#9457=CARTESIAN_POINT('',(27.7438070277579,52.58,-5.37068563499438));
#9458=CARTESIAN_POINT('Ctrl Pts',(27.7438070277579,52.18,-5.37068563499438));
#9459=CARTESIAN_POINT('Ctrl Pts',(27.7409245322924,52.18,-5.39958351992226));
#9460=CARTESIAN_POINT('Ctrl Pts',(27.7351932249724,52.18,-5.45704160143572));
#9461=CARTESIAN_POINT('Ctrl Pts',(27.6936164364206,52.18,-5.49707330861593));
#9462=CARTESIAN_POINT('Ctrl Pts',(27.6729502181418,52.18,-5.51697152652728));
#9463=CARTESIAN_POINT('Origin',(27.7438070277579,52.58,-5.33411431112277));
#9464=CARTESIAN_POINT('',(27.7438070277579,52.58,-5.33411431112277));
#9465=CARTESIAN_POINT('',(27.7438070277579,52.58,-3.45725715556138));
#9466=CARTESIAN_POINT('',(27.7438070277579,52.18,-5.33411431112277));
#9467=CARTESIAN_POINT('',(27.7438070277579,52.58,-5.33411431112277));
#9468=CARTESIAN_POINT('',(27.7438070277579,52.18,-5.33411431112277));
#9469=CARTESIAN_POINT('Ctrl Pts',(27.6523794631369,52.58,-5.19240009584415));
#9470=CARTESIAN_POINT('Ctrl Pts',(27.6523794631369,52.18,-5.19240009584415));
#9471=CARTESIAN_POINT('Ctrl Pts',(27.6790323888114,52.58,-5.2102057356474));
#9472=CARTESIAN_POINT('Ctrl Pts',(27.6790323888114,52.18,-5.2102057356474));
#9473=CARTESIAN_POINT('Ctrl Pts',(27.7302432892464,52.58,-5.24441747128503));
#9474=CARTESIAN_POINT('Ctrl Pts',(27.7302432892464,52.18,-5.24441747128503));
#9475=CARTESIAN_POINT('Ctrl Pts',(27.7394107905541,52.58,-5.30504204730537));
#9476=CARTESIAN_POINT('Ctrl Pts',(27.7394107905541,52.18,-5.30504204730537));
#9477=CARTESIAN_POINT('Ctrl Pts',(27.7438070277579,52.58,-5.33411431112277));
#9478=CARTESIAN_POINT('Ctrl Pts',(27.7438070277579,52.18,-5.33411431112277));
#9479=CARTESIAN_POINT('',(27.6523794631369,52.58,-5.19240009584415));
#9480=CARTESIAN_POINT('Ctrl Pts',(27.6523794631369,52.58,-5.19240009584415));
#9481=CARTESIAN_POINT('Ctrl Pts',(27.6790323888114,52.58,-5.2102057356474));
#9482=CARTESIAN_POINT('Ctrl Pts',(27.7302432892464,52.58,-5.24441747128503));
#9483=CARTESIAN_POINT('Ctrl Pts',(27.7394107905541,52.58,-5.30504204730537));
#9484=CARTESIAN_POINT('Ctrl Pts',(27.7438070277579,52.58,-5.33411431112277));
#9485=CARTESIAN_POINT('',(27.6523794631369,52.18,-5.19240009584415));
#9486=CARTESIAN_POINT('',(27.6523794631369,52.58,-5.19240009584415));
#9487=CARTESIAN_POINT('Ctrl Pts',(27.6523794631369,52.18,-5.19240009584415));
#9488=CARTESIAN_POINT('Ctrl Pts',(27.6790323888114,52.18,-5.2102057356474));
#9489=CARTESIAN_POINT('Ctrl Pts',(27.7302432892464,52.18,-5.24441747128503));
#9490=CARTESIAN_POINT('Ctrl Pts',(27.7394107905541,52.18,-5.30504204730537));
#9491=CARTESIAN_POINT('Ctrl Pts',(27.7438070277579,52.18,-5.33411431112277));
#9492=CARTESIAN_POINT('Ctrl Pts',(27.3826648692496,52.58,-5.14211433925616));
#9493=CARTESIAN_POINT('Ctrl Pts',(27.3826648692496,52.18,-5.14211433925616));
#9494=CARTESIAN_POINT('Ctrl Pts',(27.4355713866003,52.58,-5.1427901094472));
#9495=CARTESIAN_POINT('Ctrl Pts',(27.4355713866003,52.18,-5.1427901094472));
#9496=CARTESIAN_POINT('Ctrl Pts',(27.528648235927,52.58,-5.14397897167817));
#9497=CARTESIAN_POINT('Ctrl Pts',(27.528648235927,52.18,-5.14397897167817));
#9498=CARTESIAN_POINT('Ctrl Pts',(27.615077927568,52.58,-5.1778024689872));
#9499=CARTESIAN_POINT('Ctrl Pts',(27.615077927568,52.18,-5.1778024689872));
#9500=CARTESIAN_POINT('Ctrl Pts',(27.6523794631369,52.58,-5.19240009584415));
#9501=CARTESIAN_POINT('Ctrl Pts',(27.6523794631369,52.18,-5.19240009584415));
#9502=CARTESIAN_POINT('',(27.3826648692496,52.58,-5.14211433925616));
#9503=CARTESIAN_POINT('Ctrl Pts',(27.3826648692496,52.58,-5.14211433925616));
#9504=CARTESIAN_POINT('Ctrl Pts',(27.4355713866003,52.58,-5.1427901094472));
#9505=CARTESIAN_POINT('Ctrl Pts',(27.528648235927,52.58,-5.14397897167817));
#9506=CARTESIAN_POINT('Ctrl Pts',(27.615077927568,52.58,-5.1778024689872));
#9507=CARTESIAN_POINT('Ctrl Pts',(27.6523794631369,52.58,-5.19240009584415));
#9508=CARTESIAN_POINT('',(27.3826648692496,52.18,-5.14211433925616));
#9509=CARTESIAN_POINT('',(27.3826648692496,52.58,-5.14211433925616));
#9510=CARTESIAN_POINT('Ctrl Pts',(27.3826648692496,52.18,-5.14211433925616));
#9511=CARTESIAN_POINT('Ctrl Pts',(27.4355713866003,52.18,-5.1427901094472));
#9512=CARTESIAN_POINT('Ctrl Pts',(27.528648235927,52.18,-5.14397897167817));
#9513=CARTESIAN_POINT('Ctrl Pts',(27.615077927568,52.18,-5.1778024689872));
#9514=CARTESIAN_POINT('Ctrl Pts',(27.6523794631369,52.18,-5.19240009584415));
#9515=CARTESIAN_POINT('Ctrl Pts',(27.0489503840812,52.58,-5.19468563594806));
#9516=CARTESIAN_POINT('Ctrl Pts',(27.0489503840812,52.18,-5.19468563594806));
#9517=CARTESIAN_POINT('Ctrl Pts',(27.1023162265967,52.58,-5.17935426253248));
#9518=CARTESIAN_POINT('Ctrl Pts',(27.1023162265967,52.18,-5.17935426253248));
#9519=CARTESIAN_POINT('Ctrl Pts',(27.2113555179492,52.58,-5.14802856778288));
#9520=CARTESIAN_POINT('Ctrl Pts',(27.2113555179492,52.18,-5.14802856778288));
#9521=CARTESIAN_POINT('Ctrl Pts',(27.3247617441243,52.58,-5.14411336798287));
#9522=CARTESIAN_POINT('Ctrl Pts',(27.3247617441243,52.18,-5.14411336798287));
#9523=CARTESIAN_POINT('Ctrl Pts',(27.3826648692496,52.58,-5.14211433925616));
#9524=CARTESIAN_POINT('Ctrl Pts',(27.3826648692496,52.18,-5.14211433925616));
#9525=CARTESIAN_POINT('',(27.0489503840812,52.58,-5.19468563594806));
#9526=CARTESIAN_POINT('Ctrl Pts',(27.0489503840812,52.58,-5.19468563594806));
#9527=CARTESIAN_POINT('Ctrl Pts',(27.1023162265967,52.58,-5.17935426253248));
#9528=CARTESIAN_POINT('Ctrl Pts',(27.2113555179492,52.58,-5.14802856778288));
#9529=CARTESIAN_POINT('Ctrl Pts',(27.3247617441243,52.58,-5.14411336798287));
#9530=CARTESIAN_POINT('Ctrl Pts',(27.3826648692496,52.58,-5.14211433925616));
#9531=CARTESIAN_POINT('',(27.0489503840812,52.18,-5.19468563594806));
#9532=CARTESIAN_POINT('',(27.0489503840812,52.58,-5.19468563594806));
#9533=CARTESIAN_POINT('Ctrl Pts',(27.0489503840812,52.18,-5.19468563594806));
#9534=CARTESIAN_POINT('Ctrl Pts',(27.1023162265967,52.18,-5.17935426253248));
#9535=CARTESIAN_POINT('Ctrl Pts',(27.2113555179492,52.18,-5.14802856778288));
#9536=CARTESIAN_POINT('Ctrl Pts',(27.3247617441243,52.18,-5.14411336798287));
#9537=CARTESIAN_POINT('Ctrl Pts',(27.3826648692496,52.18,-5.14211433925616));
#9538=CARTESIAN_POINT('Ctrl Pts',(26.7289509276755,52.58,-5.36611425676334));
#9539=CARTESIAN_POINT('Ctrl Pts',(26.7289509276755,52.18,-5.36611425676334));
#9540=CARTESIAN_POINT('Ctrl Pts',(26.7818689950177,52.58,-5.3298002866719));
#9541=CARTESIAN_POINT('Ctrl Pts',(26.7818689950177,52.18,-5.3298002866719));
#9542=CARTESIAN_POINT('Ctrl Pts',(26.8822911223975,52.58,-5.26088760120657));
#9543=CARTESIAN_POINT('Ctrl Pts',(26.8822911223975,52.18,-5.26088760120657));
#9544=CARTESIAN_POINT('Ctrl Pts',(26.995430505613,52.58,-5.21594530732303));
#9545=CARTESIAN_POINT('Ctrl Pts',(26.995430505613,52.18,-5.21594530732303));
#9546=CARTESIAN_POINT('Ctrl Pts',(27.0489503840812,52.58,-5.19468563594806));
#9547=CARTESIAN_POINT('Ctrl Pts',(27.0489503840812,52.18,-5.19468563594806));
#9548=CARTESIAN_POINT('',(26.7289509276755,52.58,-5.36611425676334));
#9549=CARTESIAN_POINT('Ctrl Pts',(26.7289509276755,52.58,-5.36611425676334));
#9550=CARTESIAN_POINT('Ctrl Pts',(26.7818689950177,52.58,-5.3298002866719));
#9551=CARTESIAN_POINT('Ctrl Pts',(26.8822911223975,52.58,-5.26088760120657));
#9552=CARTESIAN_POINT('Ctrl Pts',(26.995430505613,52.58,-5.21594530732303));
#9553=CARTESIAN_POINT('Ctrl Pts',(27.0489503840812,52.58,-5.19468563594806));
#9554=CARTESIAN_POINT('',(26.7289509276755,52.18,-5.36611425676334));
#9555=CARTESIAN_POINT('',(26.7289509276755,52.58,-5.36611425676334));
#9556=CARTESIAN_POINT('Ctrl Pts',(26.7289509276755,52.18,-5.36611425676334));
#9557=CARTESIAN_POINT('Ctrl Pts',(26.7818689950177,52.18,-5.3298002866719));
#9558=CARTESIAN_POINT('Ctrl Pts',(26.8822911223975,52.18,-5.26088760120657));
#9559=CARTESIAN_POINT('Ctrl Pts',(26.995430505613,52.18,-5.21594530732303));
#9560=CARTESIAN_POINT('Ctrl Pts',(27.0489503840812,52.18,-5.19468563594806));
#9561=CARTESIAN_POINT('Origin',(26.3906647662528,52.58,-4.97297155656802));
#9562=CARTESIAN_POINT('',(26.3906647662528,52.58,-4.97297155656802));
#9563=CARTESIAN_POINT('',(31.7481159889594,52.58,-11.199187937993));
#9564=CARTESIAN_POINT('',(26.3906647662528,52.18,-4.97297155656802));
#9565=CARTESIAN_POINT('',(26.3906647662528,52.58,-4.97297155656802));
#9566=CARTESIAN_POINT('',(26.3906647662528,52.18,-4.97297155656802));
#9567=CARTESIAN_POINT('Ctrl Pts',(26.8500937919028,52.58,-4.70097142257678));
#9568=CARTESIAN_POINT('Ctrl Pts',(26.8500937919028,52.18,-4.70097142257678));
#9569=CARTESIAN_POINT('Ctrl Pts',(26.7629526853606,52.58,-4.73463610606507));
#9570=CARTESIAN_POINT('Ctrl Pts',(26.7629526853606,52.18,-4.73463610606507));
#9571=CARTESIAN_POINT('Ctrl Pts',(26.5945193400167,52.58,-4.79970591622557));
#9572=CARTESIAN_POINT('Ctrl Pts',(26.5945193400167,52.18,-4.79970591622557));
#9573=CARTESIAN_POINT('Ctrl Pts',(26.4570247859838,52.58,-4.9165690383437));
#9574=CARTESIAN_POINT('Ctrl Pts',(26.4570247859838,52.18,-4.9165690383437));
#9575=CARTESIAN_POINT('Ctrl Pts',(26.3906647662528,52.58,-4.97297155656802));
#9576=CARTESIAN_POINT('Ctrl Pts',(26.3906647662528,52.18,-4.97297155656802));
#9577=CARTESIAN_POINT('',(26.8500937919028,52.58,-4.70097142257678));
#9578=CARTESIAN_POINT('Ctrl Pts',(26.8500937919028,52.58,-4.70097142257678));
#9579=CARTESIAN_POINT('Ctrl Pts',(26.7629526853606,52.58,-4.73463610606507));
#9580=CARTESIAN_POINT('Ctrl Pts',(26.5945193400167,52.58,-4.79970591622557));
#9581=CARTESIAN_POINT('Ctrl Pts',(26.4570247859838,52.58,-4.9165690383437));
#9582=CARTESIAN_POINT('Ctrl Pts',(26.3906647662528,52.58,-4.97297155656802));
#9583=CARTESIAN_POINT('',(26.8500937919028,52.18,-4.70097142257678));
#9584=CARTESIAN_POINT('',(26.8500937919028,52.58,-4.70097142257678));
#9585=CARTESIAN_POINT('Ctrl Pts',(26.8500937919028,52.18,-4.70097142257678));
#9586=CARTESIAN_POINT('Ctrl Pts',(26.7629526853606,52.18,-4.73463610606507));
#9587=CARTESIAN_POINT('Ctrl Pts',(26.5945193400167,52.18,-4.79970591622557));
#9588=CARTESIAN_POINT('Ctrl Pts',(26.4570247859838,52.18,-4.9165690383437));
#9589=CARTESIAN_POINT('Ctrl Pts',(26.3906647662528,52.18,-4.97297155656802));
#9590=CARTESIAN_POINT('Ctrl Pts',(27.4558081130393,52.58,-4.607257125759));
#9591=CARTESIAN_POINT('Ctrl Pts',(27.4558081130393,52.18,-4.607257125759));
#9592=CARTESIAN_POINT('Ctrl Pts',(27.3497822004075,52.58,-4.61066321190953));
#9593=CARTESIAN_POINT('Ctrl Pts',(27.3497822004075,52.18,-4.61066321190953));
#9594=CARTESIAN_POINT('Ctrl Pts',(27.1440039324953,52.58,-4.6172738459613));
#9595=CARTESIAN_POINT('Ctrl Pts',(27.1440039324953,52.18,-4.6172738459613));
#9596=CARTESIAN_POINT('Ctrl Pts',(26.9460521886701,52.58,-4.67364509334859));
#9597=CARTESIAN_POINT('Ctrl Pts',(26.9460521886701,52.18,-4.67364509334859));
#9598=CARTESIAN_POINT('Ctrl Pts',(26.8500937919028,52.58,-4.70097142257678));
#9599=CARTESIAN_POINT('Ctrl Pts',(26.8500937919028,52.18,-4.70097142257678));
#9600=CARTESIAN_POINT('',(27.4558081130393,52.58,-4.607257125759));
#9601=CARTESIAN_POINT('Ctrl Pts',(27.4558081130393,52.58,-4.607257125759));
#9602=CARTESIAN_POINT('Ctrl Pts',(27.3497822004075,52.58,-4.61066321190953));
#9603=CARTESIAN_POINT('Ctrl Pts',(27.1440039324953,52.58,-4.6172738459613));
#9604=CARTESIAN_POINT('Ctrl Pts',(26.9460521886701,52.58,-4.67364509334859));
#9605=CARTESIAN_POINT('Ctrl Pts',(26.8500937919028,52.58,-4.70097142257678));
#9606=CARTESIAN_POINT('',(27.4558081130393,52.18,-4.607257125759));
#9607=CARTESIAN_POINT('',(27.4558081130393,52.58,-4.607257125759));
#9608=CARTESIAN_POINT('Ctrl Pts',(27.4558081130393,52.18,-4.607257125759));
#9609=CARTESIAN_POINT('Ctrl Pts',(27.3497822004075,52.18,-4.61066321190953));
#9610=CARTESIAN_POINT('Ctrl Pts',(27.1440039324953,52.18,-4.6172738459613));
#9611=CARTESIAN_POINT('Ctrl Pts',(26.9460521886701,52.18,-4.67364509334859));
#9612=CARTESIAN_POINT('Ctrl Pts',(26.8500937919028,52.18,-4.70097142257678));
#9613=CARTESIAN_POINT('Ctrl Pts',(28.2238080005057,52.58,-4.79468571939456));
#9614=CARTESIAN_POINT('Ctrl Pts',(28.2238080005057,52.18,-4.79468571939456));
#9615=CARTESIAN_POINT('Ctrl Pts',(28.1114924176484,52.58,-4.74009370694136));
#9616=CARTESIAN_POINT('Ctrl Pts',(28.1114924176484,52.18,-4.74009370694136));
#9617=CARTESIAN_POINT('Ctrl Pts',(27.8695359747744,52.58,-4.62248857320583));
#9618=CARTESIAN_POINT('Ctrl Pts',(27.8695359747744,52.18,-4.62248857320583));
#9619=CARTESIAN_POINT('Ctrl Pts',(27.6001472548764,52.58,-4.61257099087844));
#9620=CARTESIAN_POINT('Ctrl Pts',(27.6001472548764,52.18,-4.61257099087844));
#9621=CARTESIAN_POINT('Ctrl Pts',(27.4558081130393,52.58,-4.607257125759));
#9622=CARTESIAN_POINT('Ctrl Pts',(27.4558081130393,52.18,-4.607257125759));
#9623=CARTESIAN_POINT('Ctrl Pts',(28.2238080005057,52.58,-4.79468571939456));
#9624=CARTESIAN_POINT('Ctrl Pts',(28.1114924176484,52.58,-4.74009370694136));
#9625=CARTESIAN_POINT('Ctrl Pts',(27.8695359747744,52.58,-4.62248857320583));
#9626=CARTESIAN_POINT('Ctrl Pts',(27.6001472548764,52.58,-4.61257099087844));
#9627=CARTESIAN_POINT('Ctrl Pts',(27.4558081130393,52.58,-4.607257125759));
#9628=CARTESIAN_POINT('Ctrl Pts',(28.2238080005057,52.18,-4.79468571939456));
#9629=CARTESIAN_POINT('Ctrl Pts',(28.1114924176484,52.18,-4.74009370694136));
#9630=CARTESIAN_POINT('Ctrl Pts',(27.8695359747744,52.18,-4.62248857320583));
#9631=CARTESIAN_POINT('Ctrl Pts',(27.6001472548764,52.18,-4.61257099087844));
#9632=CARTESIAN_POINT('Ctrl Pts',(27.4558081130393,52.18,-4.607257125759));
#9633=CARTESIAN_POINT('Origin',(30.2626644519053,52.18,-6.28040003576266));
#9634=CARTESIAN_POINT('Ctrl Pts',(34.3083788852103,52.58,-7.79125708141315));
#9635=CARTESIAN_POINT('Ctrl Pts',(34.3083788852103,52.18,-7.79125708141315));
#9636=CARTESIAN_POINT('Ctrl Pts',(34.4211606404738,52.58,-7.8385470512546));
#9637=CARTESIAN_POINT('Ctrl Pts',(34.4211606404738,52.18,-7.8385470512546));
#9638=CARTESIAN_POINT('Ctrl Pts',(34.6606902747268,52.58,-7.93898305842169));
#9639=CARTESIAN_POINT('Ctrl Pts',(34.6606902747268,52.18,-7.93898305842169));
#9640=CARTESIAN_POINT('Ctrl Pts',(34.9205746198278,52.58,-7.94850459431821));
#9641=CARTESIAN_POINT('Ctrl Pts',(34.9205746198278,52.18,-7.94850459431821));
#9642=CARTESIAN_POINT('Ctrl Pts',(35.0580932597525,52.58,-7.95354294576633));
#9643=CARTESIAN_POINT('Ctrl Pts',(35.0580932597525,52.18,-7.95354294576633));
#9644=CARTESIAN_POINT('',(34.5368842460861,52.58,-7.88039999999999));
#9645=CARTESIAN_POINT('',(35.0580932597525,52.5746211777559,-7.95354294576633));
#9646=CARTESIAN_POINT('Ctrl Pts',(34.5368842460859,52.58,-7.88039999999994));
#9647=CARTESIAN_POINT('Ctrl Pts',(34.7033571922191,52.58,-7.93579603076736));
#9648=CARTESIAN_POINT('Ctrl Pts',(34.8827655743054,52.5755710760972,-7.94711936203723));
#9649=CARTESIAN_POINT('Ctrl Pts',(35.0580932597525,52.5746211777559,-7.95354294576633));
#9650=CARTESIAN_POINT('',(34.3083788852103,52.58,-7.79125708141315));
#9651=CARTESIAN_POINT('Ctrl Pts',(34.3083788852103,52.58,-7.79125708141315));
#9652=CARTESIAN_POINT('Ctrl Pts',(34.3840922419808,52.58,-7.82300408118191));
#9653=CARTESIAN_POINT('Ctrl Pts',(34.4598055987514,52.58,-7.85475108095073));
#9654=CARTESIAN_POINT('Ctrl Pts',(34.5368842460861,52.58,-7.88039999999999));
#9655=CARTESIAN_POINT('',(34.3083788852103,52.18,-7.79125708141315));
#9656=CARTESIAN_POINT('',(34.3083788852103,52.58,-7.79125708141315));
#9657=CARTESIAN_POINT('',(35.0580932597525,52.18,-7.95354294576633));
#9658=CARTESIAN_POINT('Ctrl Pts',(34.3083788852103,52.18,-7.79125708141315));
#9659=CARTESIAN_POINT('Ctrl Pts',(34.4211606404738,52.18,-7.8385470512546));
#9660=CARTESIAN_POINT('Ctrl Pts',(34.6606902747268,52.18,-7.93898305842169));
#9661=CARTESIAN_POINT('Ctrl Pts',(34.9205746198278,52.18,-7.94850459431821));
#9662=CARTESIAN_POINT('Ctrl Pts',(35.0580932597525,52.18,-7.95354294576633));
#9663=CARTESIAN_POINT('',(35.0580932597525,52.58,-7.95354294576633));
#9664=CARTESIAN_POINT('Ctrl Pts',(35.638663957537,52.58,-6.65068584480273));
#9665=CARTESIAN_POINT('Ctrl Pts',(35.638663957537,52.18,-6.65068584480273));
#9666=CARTESIAN_POINT('Ctrl Pts',(35.6358749162479,52.58,-6.75911044446784));
#9667=CARTESIAN_POINT('Ctrl Pts',(35.6358749162479,52.18,-6.75911044446784));
#9668=CARTESIAN_POINT('Ctrl Pts',(35.6308663562085,52.58,-6.95381932858668));
#9669=CARTESIAN_POINT('Ctrl Pts',(35.6308663562085,52.18,-6.95381932858668));
#9670=CARTESIAN_POINT('Ctrl Pts',(35.5349031104052,52.58,-7.1223069112157));
#9671=CARTESIAN_POINT('Ctrl Pts',(35.5349031104052,52.18,-7.1223069112157));
#9672=CARTESIAN_POINT('Ctrl Pts',(35.4923774699576,52.58,-7.19697135486591));
#9673=CARTESIAN_POINT('Ctrl Pts',(35.4923774699576,52.18,-7.19697135486591));
#9674=CARTESIAN_POINT('',(35.638663957537,52.58,-6.65068584480273));
#9675=CARTESIAN_POINT('',(35.4923774699576,52.58,-7.19697135486591));
#9676=CARTESIAN_POINT('Ctrl Pts',(35.638663957537,52.58,-6.65068584480273));
#9677=CARTESIAN_POINT('Ctrl Pts',(35.6358749162479,52.58,-6.75911044446784));
#9678=CARTESIAN_POINT('Ctrl Pts',(35.6308663562085,52.58,-6.95381932858668));
#9679=CARTESIAN_POINT('Ctrl Pts',(35.5349031104052,52.58,-7.1223069112157));
#9680=CARTESIAN_POINT('Ctrl Pts',(35.4923774699576,52.58,-7.19697135486591));
#9681=CARTESIAN_POINT('',(35.638663957537,52.18,-6.65068584480273));
#9682=CARTESIAN_POINT('',(35.638663957537,52.58,-6.65068584480273));
#9683=CARTESIAN_POINT('',(35.4923774699576,52.18,-7.19697135486591));
#9684=CARTESIAN_POINT('Ctrl Pts',(35.638663957537,52.18,-6.65068584480273));
#9685=CARTESIAN_POINT('Ctrl Pts',(35.6358749162479,52.18,-6.75911044446784));
#9686=CARTESIAN_POINT('Ctrl Pts',(35.6308663562085,52.18,-6.95381932858668));
#9687=CARTESIAN_POINT('Ctrl Pts',(35.5349031104052,52.18,-7.1223069112157));
#9688=CARTESIAN_POINT('Ctrl Pts',(35.4923774699576,52.18,-7.19697135486591));
#9689=CARTESIAN_POINT('',(35.4923774699576,52.58,-7.19697135486591));
#9690=CARTESIAN_POINT('Origin',(35.638663957537,52.58,-5.91468590297687));
#9691=CARTESIAN_POINT('',(35.638663957537,52.58,-5.91468590297687));
#9692=CARTESIAN_POINT('',(35.638663957537,52.58,-3.74754295148843));
#9693=CARTESIAN_POINT('',(35.638663957537,52.18,-5.91468590297687));
#9694=CARTESIAN_POINT('',(35.638663957537,52.58,-5.91468590297687));
#9695=CARTESIAN_POINT('',(35.638663957537,52.18,-5.91468590297687));
#9696=CARTESIAN_POINT('Ctrl Pts',(35.4923774699576,52.58,-5.36382871665942));
#9697=CARTESIAN_POINT('Ctrl Pts',(35.4923774699576,52.18,-5.36382871665942));
#9698=CARTESIAN_POINT('Ctrl Pts',(35.5348953696823,52.58,-5.43888651113706));
#9699=CARTESIAN_POINT('Ctrl Pts',(35.5348953696823,52.18,-5.43888651113706));
#9700=CARTESIAN_POINT('Ctrl Pts',(35.6311929214399,52.58,-5.60888272203479));
#9701=CARTESIAN_POINT('Ctrl Pts',(35.6311929214399,52.18,-5.60888272203479));
#9702=CARTESIAN_POINT('Ctrl Pts',(35.6359867373364,52.58,-5.80510238032152));
#9703=CARTESIAN_POINT('Ctrl Pts',(35.6359867373364,52.18,-5.80510238032152));
#9704=CARTESIAN_POINT('Ctrl Pts',(35.638663957537,52.58,-5.91468590297687));
#9705=CARTESIAN_POINT('Ctrl Pts',(35.638663957537,52.18,-5.91468590297687));
#9706=CARTESIAN_POINT('',(35.4923774699576,52.58,-5.36382871665942));
#9707=CARTESIAN_POINT('Ctrl Pts',(35.4923774699576,52.58,-5.36382871665942));
#9708=CARTESIAN_POINT('Ctrl Pts',(35.5348953696823,52.58,-5.43888651113706));
#9709=CARTESIAN_POINT('Ctrl Pts',(35.6311929214399,52.58,-5.60888272203479));
#9710=CARTESIAN_POINT('Ctrl Pts',(35.6359867373364,52.58,-5.80510238032152));
#9711=CARTESIAN_POINT('Ctrl Pts',(35.638663957537,52.58,-5.91468590297687));
#9712=CARTESIAN_POINT('',(35.4923774699576,52.18,-5.36382871665942));
#9713=CARTESIAN_POINT('',(35.4923774699576,52.58,-5.36382871665942));
#9714=CARTESIAN_POINT('Ctrl Pts',(35.4923774699576,52.18,-5.36382871665942));
#9715=CARTESIAN_POINT('Ctrl Pts',(35.5348953696823,52.18,-5.43888651113706));
#9716=CARTESIAN_POINT('Ctrl Pts',(35.6311929214399,52.18,-5.60888272203479));
#9717=CARTESIAN_POINT('Ctrl Pts',(35.6359867373364,52.18,-5.80510238032152));
#9718=CARTESIAN_POINT('Ctrl Pts',(35.638663957537,52.18,-5.91468590297687));
#9719=CARTESIAN_POINT('Ctrl Pts',(35.0580932597525,52.58,-5.17868566312778));
#9720=CARTESIAN_POINT('Ctrl Pts',(35.0580932597525,52.18,-5.17868566312778));
#9721=CARTESIAN_POINT('Ctrl Pts',(35.1465629662115,52.58,-5.18445066747731));
#9722=CARTESIAN_POINT('Ctrl Pts',(35.1465629662115,52.18,-5.18445066747731));
#9723=CARTESIAN_POINT('Ctrl Pts',(35.3138266055999,52.58,-5.19535016796384));
#9724=CARTESIAN_POINT('Ctrl Pts',(35.3138266055999,52.18,-5.19535016796384));
#9725=CARTESIAN_POINT('Ctrl Pts',(35.4352009128691,52.58,-5.30987757286442));
#9726=CARTESIAN_POINT('Ctrl Pts',(35.4352009128691,52.18,-5.30987757286442));
#9727=CARTESIAN_POINT('Ctrl Pts',(35.4923774699576,52.58,-5.36382871665942));
#9728=CARTESIAN_POINT('Ctrl Pts',(35.4923774699576,52.18,-5.36382871665942));
#9729=CARTESIAN_POINT('',(35.0580932597525,52.58,-5.17868566312778));
#9730=CARTESIAN_POINT('Ctrl Pts',(35.0580932597525,52.58,-5.17868566312778));
#9731=CARTESIAN_POINT('Ctrl Pts',(35.1465629662115,52.58,-5.18445066747731));
#9732=CARTESIAN_POINT('Ctrl Pts',(35.3138266055999,52.58,-5.19535016796384));
#9733=CARTESIAN_POINT('Ctrl Pts',(35.4352009128691,52.58,-5.30987757286442));
#9734=CARTESIAN_POINT('Ctrl Pts',(35.4923774699576,52.58,-5.36382871665942));
#9735=CARTESIAN_POINT('',(35.0580932597525,52.18,-5.17868566312778));
#9736=CARTESIAN_POINT('',(35.0580932597525,52.58,-5.17868566312778));
#9737=CARTESIAN_POINT('Ctrl Pts',(35.0580932597525,52.18,-5.17868566312778));
#9738=CARTESIAN_POINT('Ctrl Pts',(35.1465629662115,52.18,-5.18445066747731));
#9739=CARTESIAN_POINT('Ctrl Pts',(35.3138266055999,52.18,-5.19535016796384));
#9740=CARTESIAN_POINT('Ctrl Pts',(35.4352009128691,52.18,-5.30987757286442));
#9741=CARTESIAN_POINT('Ctrl Pts',(35.4923774699576,52.18,-5.36382871665942));
#9742=CARTESIAN_POINT('Ctrl Pts',(34.6238066653617,52.58,-5.36382871665942));
#9743=CARTESIAN_POINT('Ctrl Pts',(34.6238066653617,52.18,-5.36382871665942));
#9744=CARTESIAN_POINT('Ctrl Pts',(34.680984043197,52.58,-5.30987756608994));
#9745=CARTESIAN_POINT('Ctrl Pts',(34.680984043197,52.18,-5.30987756608994));
#9746=CARTESIAN_POINT('Ctrl Pts',(34.8023595609559,52.58,-5.19535064859254));
#9747=CARTESIAN_POINT('Ctrl Pts',(34.8023595609559,52.18,-5.19535064859254));
#9748=CARTESIAN_POINT('Ctrl Pts',(34.9696236569891,52.58,-5.18445081903435));
#9749=CARTESIAN_POINT('Ctrl Pts',(34.9696236569891,52.18,-5.18445081903435));
#9750=CARTESIAN_POINT('Ctrl Pts',(35.0580932597525,52.58,-5.17868566312778));
#9751=CARTESIAN_POINT('Ctrl Pts',(35.0580932597525,52.18,-5.17868566312778));
#9752=CARTESIAN_POINT('',(34.6238066653617,52.58,-5.36382871665942));
#9753=CARTESIAN_POINT('Ctrl Pts',(34.6238066653617,52.58,-5.36382871665942));
#9754=CARTESIAN_POINT('Ctrl Pts',(34.680984043197,52.58,-5.30987756608994));
#9755=CARTESIAN_POINT('Ctrl Pts',(34.8023595609559,52.58,-5.19535064859254));
#9756=CARTESIAN_POINT('Ctrl Pts',(34.9696236569891,52.58,-5.18445081903435));
#9757=CARTESIAN_POINT('Ctrl Pts',(35.0580932597525,52.58,-5.17868566312778));
#9758=CARTESIAN_POINT('',(34.6238066653617,52.18,-5.36382871665942));
#9759=CARTESIAN_POINT('',(34.6238066653617,52.58,-5.36382871665942));
#9760=CARTESIAN_POINT('Ctrl Pts',(34.6238066653617,52.18,-5.36382871665942));
#9761=CARTESIAN_POINT('Ctrl Pts',(34.680984043197,52.18,-5.30987756608994));
#9762=CARTESIAN_POINT('Ctrl Pts',(34.8023595609559,52.18,-5.19535064859254));
#9763=CARTESIAN_POINT('Ctrl Pts',(34.9696236569891,52.18,-5.18445081903435));
#9764=CARTESIAN_POINT('Ctrl Pts',(35.0580932597525,52.18,-5.17868566312778));
#9765=CARTESIAN_POINT('Ctrl Pts',(34.4775201777823,52.58,-5.91468590297687));
#9766=CARTESIAN_POINT('Ctrl Pts',(34.4775201777823,52.18,-5.91468590297687));
#9767=CARTESIAN_POINT('Ctrl Pts',(34.4801974317461,52.58,-5.80510249138621));
#9768=CARTESIAN_POINT('Ctrl Pts',(34.4801974317461,52.18,-5.80510249138621));
#9769=CARTESIAN_POINT('Ctrl Pts',(34.4849913122738,52.58,-5.60888286108561));
#9770=CARTESIAN_POINT('Ctrl Pts',(34.4849913122738,52.18,-5.60888286108561));
#9771=CARTESIAN_POINT('Ctrl Pts',(34.5812887632837,52.58,-5.43888661108357));
#9772=CARTESIAN_POINT('Ctrl Pts',(34.5812887632837,52.18,-5.43888661108357));
#9773=CARTESIAN_POINT('Ctrl Pts',(34.6238066653617,52.58,-5.36382871665942));
#9774=CARTESIAN_POINT('Ctrl Pts',(34.6238066653617,52.18,-5.36382871665942));
#9775=CARTESIAN_POINT('',(34.4775201777823,52.58,-5.91468590297687));
#9776=CARTESIAN_POINT('Ctrl Pts',(34.4775201777823,52.58,-5.91468590297687));
#9777=CARTESIAN_POINT('Ctrl Pts',(34.4801974317461,52.58,-5.80510249138621));
#9778=CARTESIAN_POINT('Ctrl Pts',(34.4849913122738,52.58,-5.60888286108561));
#9779=CARTESIAN_POINT('Ctrl Pts',(34.5812887632837,52.58,-5.43888661108357));
#9780=CARTESIAN_POINT('Ctrl Pts',(34.6238066653617,52.58,-5.36382871665942));
#9781=CARTESIAN_POINT('',(34.4775201777823,52.18,-5.91468590297687));
#9782=CARTESIAN_POINT('',(34.4775201777823,52.58,-5.91468590297687));
#9783=CARTESIAN_POINT('Ctrl Pts',(34.4775201777823,52.18,-5.91468590297687));
#9784=CARTESIAN_POINT('Ctrl Pts',(34.4801974317461,52.18,-5.80510249138621));
#9785=CARTESIAN_POINT('Ctrl Pts',(34.4849913122738,52.18,-5.60888286108561));
#9786=CARTESIAN_POINT('Ctrl Pts',(34.5812887632837,52.18,-5.43888661108357));
#9787=CARTESIAN_POINT('Ctrl Pts',(34.6238066653617,52.18,-5.36382871665942));
#9788=CARTESIAN_POINT('Origin',(34.4775201777823,52.58,-6.65068584480273));
#9789=CARTESIAN_POINT('',(34.4775201777823,52.58,-6.65068584480273));
#9790=CARTESIAN_POINT('',(34.4775201777823,52.58,-4.11554292240136));
#9791=CARTESIAN_POINT('',(34.4775201777823,52.18,-6.65068584480273));
#9792=CARTESIAN_POINT('',(34.4775201777823,52.58,-6.65068584480273));
#9793=CARTESIAN_POINT('',(34.4775201777823,52.18,-6.65068584480273));
#9794=CARTESIAN_POINT('Ctrl Pts',(34.6238066653617,52.58,-7.19697135486591));
#9795=CARTESIAN_POINT('Ctrl Pts',(34.6238066653617,52.18,-7.19697135486591));
#9796=CARTESIAN_POINT('Ctrl Pts',(34.5812810249141,52.58,-7.1223069112157));
#9797=CARTESIAN_POINT('Ctrl Pts',(34.5812810249141,52.18,-7.1223069112157));
#9798=CARTESIAN_POINT('Ctrl Pts',(34.4853177791108,52.58,-6.95381932858668));
#9799=CARTESIAN_POINT('Ctrl Pts',(34.4853177791108,52.18,-6.95381932858668));
#9800=CARTESIAN_POINT('Ctrl Pts',(34.4803092190714,52.58,-6.75911044446784));
#9801=CARTESIAN_POINT('Ctrl Pts',(34.4803092190714,52.18,-6.75911044446784));
#9802=CARTESIAN_POINT('Ctrl Pts',(34.4775201777823,52.58,-6.65068584480273));
#9803=CARTESIAN_POINT('Ctrl Pts',(34.4775201777823,52.18,-6.65068584480273));
#9804=CARTESIAN_POINT('',(34.6238066653617,52.58,-7.19697135486591));
#9805=CARTESIAN_POINT('Ctrl Pts',(34.6238066653617,52.58,-7.19697135486591));
#9806=CARTESIAN_POINT('Ctrl Pts',(34.5812810249141,52.58,-7.1223069112157));
#9807=CARTESIAN_POINT('Ctrl Pts',(34.4853177791108,52.58,-6.95381932858668));
#9808=CARTESIAN_POINT('Ctrl Pts',(34.4803092190714,52.58,-6.75911044446784));
#9809=CARTESIAN_POINT('Ctrl Pts',(34.4775201777823,52.58,-6.65068584480273));
#9810=CARTESIAN_POINT('',(34.6238066653617,52.18,-7.19697135486591));
#9811=CARTESIAN_POINT('',(34.6238066653617,52.58,-7.19697135486591));
#9812=CARTESIAN_POINT('Ctrl Pts',(34.6238066653617,52.18,-7.19697135486591));
#9813=CARTESIAN_POINT('Ctrl Pts',(34.5812810249141,52.18,-7.1223069112157));
#9814=CARTESIAN_POINT('Ctrl Pts',(34.4853177791108,52.18,-6.95381932858668));
#9815=CARTESIAN_POINT('Ctrl Pts',(34.4803092190714,52.18,-6.75911044446784));
#9816=CARTESIAN_POINT('Ctrl Pts',(34.4775201777823,52.18,-6.65068584480273));
#9817=CARTESIAN_POINT('Ctrl Pts',(35.0580932597525,52.58,-7.38211440839755));
#9818=CARTESIAN_POINT('Ctrl Pts',(35.0580932597525,52.18,-7.38211440839755));
#9819=CARTESIAN_POINT('Ctrl Pts',(34.9696236410121,52.58,-7.37634938929747));
#9820=CARTESIAN_POINT('Ctrl Pts',(34.9696236410121,52.18,-7.37634938929747));
#9821=CARTESIAN_POINT('Ctrl Pts',(34.8023594359431,52.58,-7.36544981325417));
#9822=CARTESIAN_POINT('Ctrl Pts',(34.8023594359431,52.18,-7.36544981325417));
#9823=CARTESIAN_POINT('Ctrl Pts',(34.6809840237315,52.58,-7.25092264983319));
#9824=CARTESIAN_POINT('Ctrl Pts',(34.6809840237315,52.18,-7.25092264983319));
#9825=CARTESIAN_POINT('Ctrl Pts',(34.6238066653617,52.58,-7.19697135486591));
#9826=CARTESIAN_POINT('Ctrl Pts',(34.6238066653617,52.18,-7.19697135486591));
#9827=CARTESIAN_POINT('',(35.0580932597525,52.58,-7.38211440839755));
#9828=CARTESIAN_POINT('Ctrl Pts',(35.0580932597525,52.58,-7.38211440839755));
#9829=CARTESIAN_POINT('Ctrl Pts',(34.9696236410121,52.58,-7.37634938929747));
#9830=CARTESIAN_POINT('Ctrl Pts',(34.8023594359431,52.58,-7.36544981325417));
#9831=CARTESIAN_POINT('Ctrl Pts',(34.6809840237315,52.58,-7.25092264983319));
#9832=CARTESIAN_POINT('Ctrl Pts',(34.6238066653617,52.58,-7.19697135486591));
#9833=CARTESIAN_POINT('',(35.0580932597525,52.18,-7.38211440839755));
#9834=CARTESIAN_POINT('',(35.0580932597525,52.58,-7.38211440839755));
#9835=CARTESIAN_POINT('Ctrl Pts',(35.0580932597525,52.18,-7.38211440839755));
#9836=CARTESIAN_POINT('Ctrl Pts',(34.9696236410121,52.18,-7.37634938929747));
#9837=CARTESIAN_POINT('Ctrl Pts',(34.8023594359431,52.18,-7.36544981325417));
#9838=CARTESIAN_POINT('Ctrl Pts',(34.6809840237315,52.18,-7.25092264983319));
#9839=CARTESIAN_POINT('Ctrl Pts',(34.6238066653617,52.18,-7.19697135486591));
#9840=CARTESIAN_POINT('Ctrl Pts',(35.4923774699576,52.58,-7.19697135486591));
#9841=CARTESIAN_POINT('Ctrl Pts',(35.4923774699576,52.18,-7.19697135486591));
#9842=CARTESIAN_POINT('Ctrl Pts',(35.4352009226019,52.58,-7.25092257085964));
#9843=CARTESIAN_POINT('Ctrl Pts',(35.4352009226019,52.18,-7.25092257085964));
#9844=CARTESIAN_POINT('Ctrl Pts',(35.3138266681067,52.58,-7.36545009872173));
#9845=CARTESIAN_POINT('Ctrl Pts',(35.3138266681067,52.18,-7.36545009872173));
#9846=CARTESIAN_POINT('Ctrl Pts',(35.1465629742001,52.58,-7.37634947245127));
#9847=CARTESIAN_POINT('Ctrl Pts',(35.1465629742001,52.18,-7.37634947245127));
#9848=CARTESIAN_POINT('Ctrl Pts',(35.0580932597525,52.58,-7.38211440839755));
#9849=CARTESIAN_POINT('Ctrl Pts',(35.0580932597525,52.18,-7.38211440839755));
#9850=CARTESIAN_POINT('Ctrl Pts',(35.4923774699576,52.58,-7.19697135486591));
#9851=CARTESIAN_POINT('Ctrl Pts',(35.4352009226019,52.58,-7.25092257085964));
#9852=CARTESIAN_POINT('Ctrl Pts',(35.3138266681067,52.58,-7.36545009872173));
#9853=CARTESIAN_POINT('Ctrl Pts',(35.1465629742001,52.58,-7.37634947245127));
#9854=CARTESIAN_POINT('Ctrl Pts',(35.0580932597525,52.58,-7.38211440839755));
#9855=CARTESIAN_POINT('Ctrl Pts',(35.4923774699576,52.18,-7.19697135486591));
#9856=CARTESIAN_POINT('Ctrl Pts',(35.4352009226019,52.18,-7.25092257085964));
#9857=CARTESIAN_POINT('Ctrl Pts',(35.3138266681067,52.18,-7.36545009872173));
#9858=CARTESIAN_POINT('Ctrl Pts',(35.1465629742001,52.18,-7.37634947245127));
#9859=CARTESIAN_POINT('Ctrl Pts',(35.0580932597525,52.18,-7.38211440839755));
#9860=CARTESIAN_POINT('Ctrl Pts',(33.837521264971,52.58,-7.33411419191348));
#9861=CARTESIAN_POINT('Ctrl Pts',(33.837521264971,52.18,-7.33411419191348));
#9862=CARTESIAN_POINT('Ctrl Pts',(33.8977402976153,52.58,-7.42718722603443));
#9863=CARTESIAN_POINT('Ctrl Pts',(33.8977402976153,52.18,-7.42718722603443));
#9864=CARTESIAN_POINT('Ctrl Pts',(34.0196206031494,52.58,-7.61556238480947));
#9865=CARTESIAN_POINT('Ctrl Pts',(34.0196206031494,52.18,-7.61556238480947));
#9866=CARTESIAN_POINT('Ctrl Pts',(34.2113697857886,52.58,-7.73223198897577));
#9867=CARTESIAN_POINT('Ctrl Pts',(34.2113697857886,52.18,-7.73223198897577));
#9868=CARTESIAN_POINT('Ctrl Pts',(34.3083788852103,52.58,-7.79125708141315));
#9869=CARTESIAN_POINT('Ctrl Pts',(34.3083788852103,52.18,-7.79125708141315));
#9870=CARTESIAN_POINT('',(33.837521264971,52.58,-7.33411419191348));
#9871=CARTESIAN_POINT('Ctrl Pts',(33.837521264971,52.58,-7.33411419191348));
#9872=CARTESIAN_POINT('Ctrl Pts',(33.8977402976153,52.58,-7.42718722603443));
#9873=CARTESIAN_POINT('Ctrl Pts',(34.0196206031494,52.58,-7.61556238480947));
#9874=CARTESIAN_POINT('Ctrl Pts',(34.2113697857886,52.58,-7.73223198897577));
#9875=CARTESIAN_POINT('Ctrl Pts',(34.3083788852103,52.58,-7.79125708141315));
#9876=CARTESIAN_POINT('',(33.837521264971,52.18,-7.33411419191348));
#9877=CARTESIAN_POINT('',(33.837521264971,52.58,-7.33411419191348));
#9878=CARTESIAN_POINT('Ctrl Pts',(33.837521264971,52.18,-7.33411419191348));
#9879=CARTESIAN_POINT('Ctrl Pts',(33.8977402976153,52.18,-7.42718722603443));
#9880=CARTESIAN_POINT('Ctrl Pts',(34.0196206031494,52.18,-7.61556238480947));
#9881=CARTESIAN_POINT('Ctrl Pts',(34.2113697857886,52.18,-7.73223198897577));
#9882=CARTESIAN_POINT('Ctrl Pts',(34.3083788852103,52.18,-7.79125708141315));
#9883=CARTESIAN_POINT('Ctrl Pts',(33.6775209407218,52.58,-6.64611446657169));
#9884=CARTESIAN_POINT('Ctrl Pts',(33.6775209407218,52.18,-6.64611446657169));
#9885=CARTESIAN_POINT('Ctrl Pts',(33.6830103122421,52.58,-6.77083903598971));
#9886=CARTESIAN_POINT('Ctrl Pts',(33.6830103122421,52.18,-6.77083903598971));
#9887=CARTESIAN_POINT('Ctrl Pts',(33.6935521081637,52.58,-7.0103602548323));
#9888=CARTESIAN_POINT('Ctrl Pts',(33.6935521081637,52.18,-7.0103602548323));
#9889=CARTESIAN_POINT('Ctrl Pts',(33.7908762089292,52.58,-7.2292200543508));
#9890=CARTESIAN_POINT('Ctrl Pts',(33.7908762089292,52.18,-7.2292200543508));
#9891=CARTESIAN_POINT('Ctrl Pts',(33.837521264971,52.58,-7.33411419191348));
#9892=CARTESIAN_POINT('Ctrl Pts',(33.837521264971,52.18,-7.33411419191348));
#9893=CARTESIAN_POINT('',(33.6775209407218,52.58,-6.64611446657169));
#9894=CARTESIAN_POINT('Ctrl Pts',(33.6775209407218,52.58,-6.64611446657169));
#9895=CARTESIAN_POINT('Ctrl Pts',(33.6830103122421,52.58,-6.77083903598971));
#9896=CARTESIAN_POINT('Ctrl Pts',(33.6935521081637,52.58,-7.0103602548323));
#9897=CARTESIAN_POINT('Ctrl Pts',(33.7908762089292,52.58,-7.2292200543508));
#9898=CARTESIAN_POINT('Ctrl Pts',(33.837521264971,52.58,-7.33411419191348));
#9899=CARTESIAN_POINT('',(33.6775209407218,52.18,-6.64611446657169));
#9900=CARTESIAN_POINT('',(33.6775209407218,52.58,-6.64611446657169));
#9901=CARTESIAN_POINT('Ctrl Pts',(33.6775209407218,52.18,-6.64611446657169));
#9902=CARTESIAN_POINT('Ctrl Pts',(33.6830103122421,52.18,-6.77083903598971));
#9903=CARTESIAN_POINT('Ctrl Pts',(33.6935521081637,52.18,-7.0103602548323));
#9904=CARTESIAN_POINT('Ctrl Pts',(33.7908762089292,52.18,-7.2292200543508));
#9905=CARTESIAN_POINT('Ctrl Pts',(33.837521264971,52.18,-7.33411419191348));
#9906=CARTESIAN_POINT('Origin',(33.6775209407218,52.58,-5.91011422672259));
#9907=CARTESIAN_POINT('',(33.6775209407218,52.58,-5.91011422672259));
#9908=CARTESIAN_POINT('',(33.6775209407218,52.58,-3.74525711336129));
#9909=CARTESIAN_POINT('',(33.6775209407218,52.18,-5.91011422672259));
#9910=CARTESIAN_POINT('',(33.6775209407218,52.58,-5.91011422672259));
#9911=CARTESIAN_POINT('',(33.6775209407218,52.18,-5.91011422672259));
#9912=CARTESIAN_POINT('Ctrl Pts',(33.837521264971,52.58,-5.22668587961185));
#9913=CARTESIAN_POINT('Ctrl Pts',(33.837521264971,52.18,-5.22668587961185));
#9914=CARTESIAN_POINT('Ctrl Pts',(33.7908731525175,52.58,-5.33119062722963));
#9915=CARTESIAN_POINT('Ctrl Pts',(33.7908731525175,52.18,-5.33119062722963));
#9916=CARTESIAN_POINT('Ctrl Pts',(33.6938506961525,52.58,-5.548547917426));
#9917=CARTESIAN_POINT('Ctrl Pts',(33.6938506961525,52.18,-5.548547917426));
#9918=CARTESIAN_POINT('Ctrl Pts',(33.6831017994278,52.58,-5.78654529186691));
#9919=CARTESIAN_POINT('Ctrl Pts',(33.6831017994278,52.18,-5.78654529186691));
#9920=CARTESIAN_POINT('Ctrl Pts',(33.6775209407218,52.58,-5.91011422672259));
#9921=CARTESIAN_POINT('Ctrl Pts',(33.6775209407218,52.18,-5.91011422672259));
#9922=CARTESIAN_POINT('',(33.837521264971,52.58,-5.22668587961185));
#9923=CARTESIAN_POINT('Ctrl Pts',(33.837521264971,52.58,-5.22668587961185));
#9924=CARTESIAN_POINT('Ctrl Pts',(33.7908731525175,52.58,-5.33119062722963));
#9925=CARTESIAN_POINT('Ctrl Pts',(33.6938506961525,52.58,-5.548547917426));
#9926=CARTESIAN_POINT('Ctrl Pts',(33.6831017994278,52.58,-5.78654529186691));
#9927=CARTESIAN_POINT('Ctrl Pts',(33.6775209407218,52.58,-5.91011422672259));
#9928=CARTESIAN_POINT('',(33.837521264971,52.18,-5.22668587961185));
#9929=CARTESIAN_POINT('',(33.837521264971,52.58,-5.22668587961185));
#9930=CARTESIAN_POINT('Ctrl Pts',(33.837521264971,52.18,-5.22668587961185));
#9931=CARTESIAN_POINT('Ctrl Pts',(33.7908731525175,52.18,-5.33119062722963));
#9932=CARTESIAN_POINT('Ctrl Pts',(33.6938506961525,52.18,-5.548547917426));
#9933=CARTESIAN_POINT('Ctrl Pts',(33.6831017994278,52.18,-5.78654529186691));
#9934=CARTESIAN_POINT('Ctrl Pts',(33.6775209407218,52.18,-5.91011422672259));
#9935=CARTESIAN_POINT('Ctrl Pts',(34.3083788852103,52.58,-4.76954299011218));
#9936=CARTESIAN_POINT('Ctrl Pts',(34.3083788852103,52.18,-4.76954299011218));
#9937=CARTESIAN_POINT('Ctrl Pts',(34.2113697857886,52.58,-4.82856808254955));
#9938=CARTESIAN_POINT('Ctrl Pts',(34.2113697857886,52.18,-4.82856808254955));
#9939=CARTESIAN_POINT('Ctrl Pts',(34.0196206031494,52.58,-4.94523768671585));
#9940=CARTESIAN_POINT('Ctrl Pts',(34.0196206031494,52.18,-4.94523768671585));
#9941=CARTESIAN_POINT('Ctrl Pts',(33.8977402976153,52.58,-5.1336128454909));
#9942=CARTESIAN_POINT('Ctrl Pts',(33.8977402976153,52.18,-5.1336128454909));
#9943=CARTESIAN_POINT('Ctrl Pts',(33.837521264971,52.58,-5.22668587961185));
#9944=CARTESIAN_POINT('Ctrl Pts',(33.837521264971,52.18,-5.22668587961185));
#9945=CARTESIAN_POINT('',(34.3083788852103,52.58,-4.76954299011218));
#9946=CARTESIAN_POINT('Ctrl Pts',(34.3083788852103,52.58,-4.76954299011218));
#9947=CARTESIAN_POINT('Ctrl Pts',(34.2113697857886,52.58,-4.82856808254955));
#9948=CARTESIAN_POINT('Ctrl Pts',(34.0196206031494,52.58,-4.94523768671585));
#9949=CARTESIAN_POINT('Ctrl Pts',(33.8977402976153,52.58,-5.1336128454909));
#9950=CARTESIAN_POINT('Ctrl Pts',(33.837521264971,52.58,-5.22668587961185));
#9951=CARTESIAN_POINT('',(34.3083788852103,52.18,-4.76954299011218));
#9952=CARTESIAN_POINT('',(34.3083788852103,52.58,-4.76954299011218));
#9953=CARTESIAN_POINT('Ctrl Pts',(34.3083788852103,52.18,-4.76954299011218));
#9954=CARTESIAN_POINT('Ctrl Pts',(34.2113697857886,52.18,-4.82856808254955));
#9955=CARTESIAN_POINT('Ctrl Pts',(34.0196206031494,52.18,-4.94523768671585));
#9956=CARTESIAN_POINT('Ctrl Pts',(33.8977402976153,52.18,-5.1336128454909));
#9957=CARTESIAN_POINT('Ctrl Pts',(33.837521264971,52.18,-5.22668587961185));
#9958=CARTESIAN_POINT('Ctrl Pts',(35.0580932597525,52.58,-4.607257125759));
#9959=CARTESIAN_POINT('Ctrl Pts',(35.0580932597525,52.18,-4.607257125759));
#9960=CARTESIAN_POINT('Ctrl Pts',(34.9205746198278,52.58,-4.61229547720712));
#9961=CARTESIAN_POINT('Ctrl Pts',(34.9205746198278,52.18,-4.61229547720712));
#9962=CARTESIAN_POINT('Ctrl Pts',(34.6606902747268,52.58,-4.62181701310364));
#9963=CARTESIAN_POINT('Ctrl Pts',(34.6606902747268,52.18,-4.62181701310364));
#9964=CARTESIAN_POINT('Ctrl Pts',(34.4211606404738,52.58,-4.72225302027073));
#9965=CARTESIAN_POINT('Ctrl Pts',(34.4211606404738,52.18,-4.72225302027073));
#9966=CARTESIAN_POINT('Ctrl Pts',(34.3083788852103,52.58,-4.76954299011218));
#9967=CARTESIAN_POINT('Ctrl Pts',(34.3083788852103,52.18,-4.76954299011218));
#9968=CARTESIAN_POINT('',(35.0580932597525,52.58,-4.607257125759));
#9969=CARTESIAN_POINT('Ctrl Pts',(35.0580932597525,52.58,-4.607257125759));
#9970=CARTESIAN_POINT('Ctrl Pts',(34.9205746198278,52.58,-4.61229547720712));
#9971=CARTESIAN_POINT('Ctrl Pts',(34.6606902747268,52.58,-4.62181701310364));
#9972=CARTESIAN_POINT('Ctrl Pts',(34.4211606404738,52.58,-4.72225302027073));
#9973=CARTESIAN_POINT('Ctrl Pts',(34.3083788852103,52.58,-4.76954299011218));
#9974=CARTESIAN_POINT('',(35.0580932597525,52.18,-4.607257125759));
#9975=CARTESIAN_POINT('',(35.0580932597525,52.58,-4.607257125759));
#9976=CARTESIAN_POINT('Ctrl Pts',(35.0580932597525,52.18,-4.607257125759));
#9977=CARTESIAN_POINT('Ctrl Pts',(34.9205746198278,52.18,-4.61229547720712));
#9978=CARTESIAN_POINT('Ctrl Pts',(34.6606902747268,52.18,-4.62181701310364));
#9979=CARTESIAN_POINT('Ctrl Pts',(34.4211606404738,52.18,-4.72225302027073));
#9980=CARTESIAN_POINT('Ctrl Pts',(34.3083788852103,52.18,-4.76954299011218));
#9981=CARTESIAN_POINT('Ctrl Pts',(35.8146645526297,52.58,-4.76954299011218));
#9982=CARTESIAN_POINT('Ctrl Pts',(35.8146645526297,52.18,-4.76954299011218));
#9983=CARTESIAN_POINT('Ctrl Pts',(35.7009177441382,52.58,-4.72225485079034));
#9984=CARTESIAN_POINT('Ctrl Pts',(35.7009177441382,52.18,-4.72225485079034));
#9985=CARTESIAN_POINT('Ctrl Pts',(35.4590421605945,52.58,-4.62169953460298));
#9986=CARTESIAN_POINT('Ctrl Pts',(35.4590421605945,52.18,-4.62169953460298));
#9987=CARTESIAN_POINT('Ctrl Pts',(35.1969378174717,52.58,-4.6122583861793));
#9988=CARTESIAN_POINT('Ctrl Pts',(35.1969378174717,52.18,-4.6122583861793));
#9989=CARTESIAN_POINT('Ctrl Pts',(35.0580932597525,52.58,-4.607257125759));
#9990=CARTESIAN_POINT('Ctrl Pts',(35.0580932597525,52.18,-4.607257125759));
#9991=CARTESIAN_POINT('',(35.8146645526297,52.58,-4.76954299011218));
#9992=CARTESIAN_POINT('Ctrl Pts',(35.8146645526297,52.58,-4.76954299011218));
#9993=CARTESIAN_POINT('Ctrl Pts',(35.7009177441382,52.58,-4.72225485079034));
#9994=CARTESIAN_POINT('Ctrl Pts',(35.4590421605945,52.58,-4.62169953460298));
#9995=CARTESIAN_POINT('Ctrl Pts',(35.1969378174717,52.58,-4.6122583861793));
#9996=CARTESIAN_POINT('Ctrl Pts',(35.0580932597525,52.58,-4.607257125759));
#9997=CARTESIAN_POINT('',(35.8146645526297,52.18,-4.76954299011218));
#9998=CARTESIAN_POINT('',(35.8146645526297,52.58,-4.76954299011218));
#9999=CARTESIAN_POINT('Ctrl Pts',(35.8146645526297,52.18,-4.76954299011218));
#10000=CARTESIAN_POINT('Ctrl Pts',(35.7009177441382,52.18,-4.72225485079034));
#10001=CARTESIAN_POINT('Ctrl Pts',(35.4590421605945,52.18,-4.62169953460298));
#10002=CARTESIAN_POINT('Ctrl Pts',(35.1969378174717,52.18,-4.6122583861793));
#10003=CARTESIAN_POINT('Ctrl Pts',(35.0580932597525,52.18,-4.607257125759));
#10004=CARTESIAN_POINT('Ctrl Pts',(36.2855197886832,52.58,-5.22668587961185));
#10005=CARTESIAN_POINT('Ctrl Pts',(36.2855197886832,52.18,-5.22668587961185));
#10006=CARTESIAN_POINT('Ctrl Pts',(36.2257461068594,52.58,-5.13355137866931));
#10007=CARTESIAN_POINT('Ctrl Pts',(36.2257461068594,52.18,-5.13355137866931));
#10008=CARTESIAN_POINT('Ctrl Pts',(36.1044692283636,52.58,-4.9445875870817));
#10009=CARTESIAN_POINT('Ctrl Pts',(36.1044692283636,52.18,-4.9445875870817));
#10010=CARTESIAN_POINT('Ctrl Pts',(35.9121801814627,52.58,-4.82844329565098));
#10011=CARTESIAN_POINT('Ctrl Pts',(35.9121801814627,52.18,-4.82844329565098));
#10012=CARTESIAN_POINT('Ctrl Pts',(35.8146645526297,52.58,-4.76954299011218));
#10013=CARTESIAN_POINT('Ctrl Pts',(35.8146645526297,52.18,-4.76954299011218));
#10014=CARTESIAN_POINT('',(36.2855197886832,52.58,-5.22668587961185));
#10015=CARTESIAN_POINT('Ctrl Pts',(36.2855197886832,52.58,-5.22668587961185));
#10016=CARTESIAN_POINT('Ctrl Pts',(36.2257461068594,52.58,-5.13355137866931));
#10017=CARTESIAN_POINT('Ctrl Pts',(36.1044692283636,52.58,-4.9445875870817));
#10018=CARTESIAN_POINT('Ctrl Pts',(35.9121801814627,52.58,-4.82844329565098));
#10019=CARTESIAN_POINT('Ctrl Pts',(35.8146645526297,52.58,-4.76954299011218));
#10020=CARTESIAN_POINT('',(36.2855197886832,52.18,-5.22668587961185));
#10021=CARTESIAN_POINT('',(36.2855197886832,52.58,-5.22668587961185));
#10022=CARTESIAN_POINT('Ctrl Pts',(36.2855197886832,52.18,-5.22668587961185));
#10023=CARTESIAN_POINT('Ctrl Pts',(36.2257461068594,52.18,-5.13355137866931));
#10024=CARTESIAN_POINT('Ctrl Pts',(36.1044692283636,52.18,-4.9445875870817));
#10025=CARTESIAN_POINT('Ctrl Pts',(35.9121801814627,52.18,-4.82844329565098));
#10026=CARTESIAN_POINT('Ctrl Pts',(35.8146645526297,52.18,-4.76954299011218));
#10027=CARTESIAN_POINT('Ctrl Pts',(36.4432360629447,52.58,-5.91011422672259));
#10028=CARTESIAN_POINT('Ctrl Pts',(36.4432360629447,52.18,-5.91011422672259));
#10029=CARTESIAN_POINT('Ctrl Pts',(36.4377590425338,52.58,-5.78659145258985));
#10030=CARTESIAN_POINT('Ctrl Pts',(36.4377590425338,52.18,-5.78659145258985));
#10031=CARTESIAN_POINT('Ctrl Pts',(36.4272182367296,52.58,-5.54886555842914));
#10032=CARTESIAN_POINT('Ctrl Pts',(36.4272182367296,52.18,-5.54886555842914));
#10033=CARTESIAN_POINT('Ctrl Pts',(36.331501802719,52.58,-5.33123515815135));
#10034=CARTESIAN_POINT('Ctrl Pts',(36.331501802719,52.18,-5.33123515815135));
#10035=CARTESIAN_POINT('Ctrl Pts',(36.2855197886832,52.58,-5.22668587961185));
#10036=CARTESIAN_POINT('Ctrl Pts',(36.2855197886832,52.18,-5.22668587961185));
#10037=CARTESIAN_POINT('',(36.4432360629447,52.58,-5.91011422672259));
#10038=CARTESIAN_POINT('Ctrl Pts',(36.4432360629447,52.58,-5.91011422672259));
#10039=CARTESIAN_POINT('Ctrl Pts',(36.4377590425338,52.58,-5.78659145258985));
#10040=CARTESIAN_POINT('Ctrl Pts',(36.4272182367296,52.58,-5.54886555842914));
#10041=CARTESIAN_POINT('Ctrl Pts',(36.331501802719,52.58,-5.33123515815135));
#10042=CARTESIAN_POINT('Ctrl Pts',(36.2855197886832,52.58,-5.22668587961185));
#10043=CARTESIAN_POINT('',(36.4432360629447,52.18,-5.91011422672259));
#10044=CARTESIAN_POINT('',(36.4432360629447,52.58,-5.91011422672259));
#10045=CARTESIAN_POINT('Ctrl Pts',(36.4432360629447,52.18,-5.91011422672259));
#10046=CARTESIAN_POINT('Ctrl Pts',(36.4377590425338,52.18,-5.78659145258985));
#10047=CARTESIAN_POINT('Ctrl Pts',(36.4272182367296,52.18,-5.54886555842914));
#10048=CARTESIAN_POINT('Ctrl Pts',(36.331501802719,52.18,-5.33123515815135));
#10049=CARTESIAN_POINT('Ctrl Pts',(36.2855197886832,52.18,-5.22668587961185));
#10050=CARTESIAN_POINT('Origin',(36.4432360629447,52.58,-6.64611446657169));
#10051=CARTESIAN_POINT('',(36.4432360629447,52.58,-6.64611446657169));
#10052=CARTESIAN_POINT('',(36.4432360629447,52.58,-4.11325723328584));
#10053=CARTESIAN_POINT('',(36.4432360629447,52.18,-6.64611446657169));
#10054=CARTESIAN_POINT('',(36.4432360629447,52.58,-6.64611446657169));
#10055=CARTESIAN_POINT('',(36.4432360629447,52.18,-6.64611446657169));
#10056=CARTESIAN_POINT('Ctrl Pts',(36.2855197886832,52.58,-7.33411419191348));
#10057=CARTESIAN_POINT('Ctrl Pts',(36.2855197886832,52.18,-7.33411419191348));
#10058=CARTESIAN_POINT('Ctrl Pts',(36.3314975750204,52.58,-7.22917565891119));
#10059=CARTESIAN_POINT('Ctrl Pts',(36.3314975750204,52.18,-7.22917565891119));
#10060=CARTESIAN_POINT('Ctrl Pts',(36.427509045392,52.58,-7.01004151490717));
#10061=CARTESIAN_POINT('Ctrl Pts',(36.427509045392,52.18,-7.01004151490717));
#10062=CARTESIAN_POINT('Ctrl Pts',(36.4378481359694,52.58,-6.77079241992154));
#10063=CARTESIAN_POINT('Ctrl Pts',(36.4378481359694,52.18,-6.77079241992154));
#10064=CARTESIAN_POINT('Ctrl Pts',(36.4432360629447,52.58,-6.64611446657169));
#10065=CARTESIAN_POINT('Ctrl Pts',(36.4432360629447,52.18,-6.64611446657169));
#10066=CARTESIAN_POINT('',(36.2855197886832,52.58,-7.33411419191348));
#10067=CARTESIAN_POINT('Ctrl Pts',(36.2855197886832,52.58,-7.33411419191348));
#10068=CARTESIAN_POINT('Ctrl Pts',(36.3314975750204,52.58,-7.22917565891119));
#10069=CARTESIAN_POINT('Ctrl Pts',(36.427509045392,52.58,-7.01004151490717));
#10070=CARTESIAN_POINT('Ctrl Pts',(36.4378481359694,52.58,-6.77079241992154));
#10071=CARTESIAN_POINT('Ctrl Pts',(36.4432360629447,52.58,-6.64611446657169));
#10072=CARTESIAN_POINT('',(36.2855197886832,52.18,-7.33411419191348));
#10073=CARTESIAN_POINT('',(36.2855197886832,52.58,-7.33411419191348));
#10074=CARTESIAN_POINT('Ctrl Pts',(36.2855197886832,52.18,-7.33411419191348));
#10075=CARTESIAN_POINT('Ctrl Pts',(36.3314975750204,52.18,-7.22917565891119));
#10076=CARTESIAN_POINT('Ctrl Pts',(36.427509045392,52.18,-7.01004151490717));
#10077=CARTESIAN_POINT('Ctrl Pts',(36.4378481359694,52.18,-6.77079241992154));
#10078=CARTESIAN_POINT('Ctrl Pts',(36.4432360629447,52.18,-6.64611446657169));
#10079=CARTESIAN_POINT('Ctrl Pts',(35.8146645526297,52.58,-7.79125708141315));
#10080=CARTESIAN_POINT('Ctrl Pts',(35.8146645526297,52.18,-7.79125708141315));
#10081=CARTESIAN_POINT('Ctrl Pts',(35.9121801989617,52.58,-7.73235689424554));
#10082=CARTESIAN_POINT('Ctrl Pts',(35.9121801989617,52.18,-7.73235689424554));
#10083=CARTESIAN_POINT('Ctrl Pts',(36.1044693980315,52.58,-7.61621276515915));
#10084=CARTESIAN_POINT('Ctrl Pts',(36.1044693980315,52.18,-7.61621276515915));
#10085=CARTESIAN_POINT('Ctrl Pts',(36.2257461376658,52.58,-7.42724882481314));
#10086=CARTESIAN_POINT('Ctrl Pts',(36.2257461376658,52.18,-7.42724882481314));
#10087=CARTESIAN_POINT('Ctrl Pts',(36.2855197886832,52.58,-7.33411419191348));
#10088=CARTESIAN_POINT('Ctrl Pts',(36.2855197886832,52.18,-7.33411419191348));
#10089=CARTESIAN_POINT('',(35.8146645526297,52.58,-7.79125708141315));
#10090=CARTESIAN_POINT('Ctrl Pts',(35.8146645526297,52.58,-7.79125708141315));
#10091=CARTESIAN_POINT('Ctrl Pts',(35.9121801989617,52.58,-7.73235689424554));
#10092=CARTESIAN_POINT('Ctrl Pts',(36.1044693980315,52.58,-7.61621276515915));
#10093=CARTESIAN_POINT('Ctrl Pts',(36.2257461376658,52.58,-7.42724882481314));
#10094=CARTESIAN_POINT('Ctrl Pts',(36.2855197886832,52.58,-7.33411419191348));
#10095=CARTESIAN_POINT('',(35.8146645526297,52.18,-7.79125708141315));
#10096=CARTESIAN_POINT('',(35.8146645526297,52.58,-7.79125708141315));
#10097=CARTESIAN_POINT('Ctrl Pts',(35.8146645526297,52.18,-7.79125708141315));
#10098=CARTESIAN_POINT('Ctrl Pts',(35.9121801989617,52.18,-7.73235689424554));
#10099=CARTESIAN_POINT('Ctrl Pts',(36.1044693980315,52.18,-7.61621276515915));
#10100=CARTESIAN_POINT('Ctrl Pts',(36.2257461376658,52.18,-7.42724882481314));
#10101=CARTESIAN_POINT('Ctrl Pts',(36.2855197886832,52.18,-7.33411419191348));
#10102=CARTESIAN_POINT('Ctrl Pts',(35.0580932597525,52.58,-7.95354294576633));
#10103=CARTESIAN_POINT('Ctrl Pts',(35.0580932597525,52.18,-7.95354294576633));
#10104=CARTESIAN_POINT('Ctrl Pts',(35.1969378288913,52.58,-7.94854183514404));
#10105=CARTESIAN_POINT('Ctrl Pts',(35.1969378288913,52.18,-7.94854183514404));
#10106=CARTESIAN_POINT('Ctrl Pts',(35.459042235599,52.58,-7.93910096798831));
#10107=CARTESIAN_POINT('Ctrl Pts',(35.459042235599,52.18,-7.93910096798831));
#10108=CARTESIAN_POINT('Ctrl Pts',(35.700917754155,52.58,-7.83854536442192));
#10109=CARTESIAN_POINT('Ctrl Pts',(35.700917754155,52.18,-7.83854536442192));
#10110=CARTESIAN_POINT('Ctrl Pts',(35.8146645526297,52.58,-7.79125708141315));
#10111=CARTESIAN_POINT('Ctrl Pts',(35.8146645526297,52.18,-7.79125708141315));
#10112=CARTESIAN_POINT('',(35.5842217225242,52.58,-7.88039999999993));
#10113=CARTESIAN_POINT('Ctrl Pts',(35.0580932597525,52.5746211777559,-7.95354294576633));
#10114=CARTESIAN_POINT('Ctrl Pts',(35.2350478542398,52.5755637163604,-7.94716913145265));
#10115=CARTESIAN_POINT('Ctrl Pts',(35.4160712330499,52.58,-7.93589644391856));
#10116=CARTESIAN_POINT('Ctrl Pts',(35.5842217225242,52.58,-7.88039999999994));
#10117=CARTESIAN_POINT('Ctrl Pts',(35.0580932597525,52.18,-7.95354294576633));
#10118=CARTESIAN_POINT('Ctrl Pts',(35.1969378288913,52.18,-7.94854183514404));
#10119=CARTESIAN_POINT('Ctrl Pts',(35.459042235599,52.18,-7.93910096798831));
#10120=CARTESIAN_POINT('Ctrl Pts',(35.700917754155,52.18,-7.83854536442192));
#10121=CARTESIAN_POINT('Ctrl Pts',(35.8146645526297,52.18,-7.79125708141315));
#10122=CARTESIAN_POINT('Ctrl Pts',(35.5842217225242,52.58,-7.88039999999993));
#10123=CARTESIAN_POINT('Ctrl Pts',(35.6619384174229,52.58,-7.854750355961));
#10124=CARTESIAN_POINT('Ctrl Pts',(35.7383014850263,52.58,-7.82300371868708));
#10125=CARTESIAN_POINT('Ctrl Pts',(35.8146645526297,52.58,-7.79125708141315));
#10126=CARTESIAN_POINT('Origin',(30.2626644519053,52.18,-6.28040003576266));
#10127=CARTESIAN_POINT('Ctrl Pts',(38.6649491290458,52.58,-7.79125708141315));
#10128=CARTESIAN_POINT('Ctrl Pts',(38.6649491290458,52.18,-7.79125708141315));
#10129=CARTESIAN_POINT('Ctrl Pts',(38.7777308843092,52.58,-7.8385470512546));
#10130=CARTESIAN_POINT('Ctrl Pts',(38.7777308843092,52.18,-7.8385470512546));
#10131=CARTESIAN_POINT('Ctrl Pts',(39.0172605185623,52.58,-7.93898305842169));
#10132=CARTESIAN_POINT('Ctrl Pts',(39.0172605185623,52.18,-7.93898305842169));
#10133=CARTESIAN_POINT('Ctrl Pts',(39.2771448636633,52.58,-7.94850459431821));
#10134=CARTESIAN_POINT('Ctrl Pts',(39.2771448636633,52.18,-7.94850459431821));
#10135=CARTESIAN_POINT('Ctrl Pts',(39.414663503588,52.58,-7.95354294576633));
#10136=CARTESIAN_POINT('Ctrl Pts',(39.414663503588,52.18,-7.95354294576633));
#10137=CARTESIAN_POINT('',(38.8934544899215,52.58,-7.88039999999999));
#10138=CARTESIAN_POINT('',(39.414663503588,52.5746211777559,-7.95354294576633));
#10139=CARTESIAN_POINT('Ctrl Pts',(38.8934544899214,52.58,-7.88039999999993));
#10140=CARTESIAN_POINT('Ctrl Pts',(39.0599274360546,52.58,-7.93579603076736));
#10141=CARTESIAN_POINT('Ctrl Pts',(39.2393358181408,52.5755710760972,-7.94711936203723));
#10142=CARTESIAN_POINT('Ctrl Pts',(39.414663503588,52.5746211777559,-7.95354294576633));
#10143=CARTESIAN_POINT('',(38.6649491290458,52.58,-7.79125708141315));
#10144=CARTESIAN_POINT('Ctrl Pts',(38.6649491290458,52.58,-7.79125708141315));
#10145=CARTESIAN_POINT('Ctrl Pts',(38.7406624858162,52.58,-7.82300408118191));
#10146=CARTESIAN_POINT('Ctrl Pts',(38.8163758425869,52.58,-7.85475108095073));
#10147=CARTESIAN_POINT('Ctrl Pts',(38.8934544899215,52.58,-7.88039999999999));
#10148=CARTESIAN_POINT('',(38.6649491290458,52.18,-7.79125708141315));
#10149=CARTESIAN_POINT('',(38.6649491290458,52.58,-7.79125708141315));
#10150=CARTESIAN_POINT('',(39.414663503588,52.18,-7.95354294576633));
#10151=CARTESIAN_POINT('Ctrl Pts',(38.6649491290458,52.18,-7.79125708141315));
#10152=CARTESIAN_POINT('Ctrl Pts',(38.7777308843092,52.18,-7.8385470512546));
#10153=CARTESIAN_POINT('Ctrl Pts',(39.0172605185623,52.18,-7.93898305842169));
#10154=CARTESIAN_POINT('Ctrl Pts',(39.2771448636633,52.18,-7.94850459431821));
#10155=CARTESIAN_POINT('Ctrl Pts',(39.414663503588,52.18,-7.95354294576633));
#10156=CARTESIAN_POINT('',(39.414663503588,52.58,-7.95354294576633));
#10157=CARTESIAN_POINT('Ctrl Pts',(39.9952342013724,52.58,-6.65068584480273));
#10158=CARTESIAN_POINT('Ctrl Pts',(39.9952342013724,52.18,-6.65068584480273));
#10159=CARTESIAN_POINT('Ctrl Pts',(39.9924451600833,52.58,-6.75911044446784));
#10160=CARTESIAN_POINT('Ctrl Pts',(39.9924451600833,52.18,-6.75911044446784));
#10161=CARTESIAN_POINT('Ctrl Pts',(39.987436600044,52.58,-6.95381932858668));
#10162=CARTESIAN_POINT('Ctrl Pts',(39.987436600044,52.18,-6.95381932858668));
#10163=CARTESIAN_POINT('Ctrl Pts',(39.8914733542407,52.58,-7.1223069112157));
#10164=CARTESIAN_POINT('Ctrl Pts',(39.8914733542407,52.18,-7.1223069112157));
#10165=CARTESIAN_POINT('Ctrl Pts',(39.8489477137931,52.58,-7.19697135486591));
#10166=CARTESIAN_POINT('Ctrl Pts',(39.8489477137931,52.18,-7.19697135486591));
#10167=CARTESIAN_POINT('',(39.9952342013724,52.58,-6.65068584480273));
#10168=CARTESIAN_POINT('',(39.8489477137931,52.58,-7.19697135486591));
#10169=CARTESIAN_POINT('Ctrl Pts',(39.9952342013724,52.58,-6.65068584480273));
#10170=CARTESIAN_POINT('Ctrl Pts',(39.9924451600833,52.58,-6.75911044446784));
#10171=CARTESIAN_POINT('Ctrl Pts',(39.987436600044,52.58,-6.95381932858668));
#10172=CARTESIAN_POINT('Ctrl Pts',(39.8914733542407,52.58,-7.1223069112157));
#10173=CARTESIAN_POINT('Ctrl Pts',(39.8489477137931,52.58,-7.19697135486591));
#10174=CARTESIAN_POINT('',(39.9952342013724,52.18,-6.65068584480273));
#10175=CARTESIAN_POINT('',(39.9952342013724,52.58,-6.65068584480273));
#10176=CARTESIAN_POINT('',(39.8489477137931,52.18,-7.19697135486591));
#10177=CARTESIAN_POINT('Ctrl Pts',(39.9952342013724,52.18,-6.65068584480273));
#10178=CARTESIAN_POINT('Ctrl Pts',(39.9924451600833,52.18,-6.75911044446784));
#10179=CARTESIAN_POINT('Ctrl Pts',(39.987436600044,52.18,-6.95381932858668));
#10180=CARTESIAN_POINT('Ctrl Pts',(39.8914733542407,52.18,-7.1223069112157));
#10181=CARTESIAN_POINT('Ctrl Pts',(39.8489477137931,52.18,-7.19697135486591));
#10182=CARTESIAN_POINT('',(39.8489477137931,52.58,-7.19697135486591));
#10183=CARTESIAN_POINT('Origin',(39.9952342013724,52.58,-5.91468590297687));
#10184=CARTESIAN_POINT('',(39.9952342013724,52.58,-5.91468590297687));
#10185=CARTESIAN_POINT('',(39.9952342013724,52.58,-3.74754295148843));
#10186=CARTESIAN_POINT('',(39.9952342013724,52.18,-5.91468590297687));
#10187=CARTESIAN_POINT('',(39.9952342013724,52.58,-5.91468590297687));
#10188=CARTESIAN_POINT('',(39.9952342013724,52.18,-5.91468590297687));
#10189=CARTESIAN_POINT('Ctrl Pts',(39.8489477137931,52.58,-5.36382871665942));
#10190=CARTESIAN_POINT('Ctrl Pts',(39.8489477137931,52.18,-5.36382871665942));
#10191=CARTESIAN_POINT('Ctrl Pts',(39.8914656135177,52.58,-5.43888651113706));
#10192=CARTESIAN_POINT('Ctrl Pts',(39.8914656135177,52.18,-5.43888651113706));
#10193=CARTESIAN_POINT('Ctrl Pts',(39.9877631652753,52.58,-5.60888272203479));
#10194=CARTESIAN_POINT('Ctrl Pts',(39.9877631652753,52.18,-5.60888272203479));
#10195=CARTESIAN_POINT('Ctrl Pts',(39.9925569811719,52.58,-5.80510238032152));
#10196=CARTESIAN_POINT('Ctrl Pts',(39.9925569811719,52.18,-5.80510238032152));
#10197=CARTESIAN_POINT('Ctrl Pts',(39.9952342013724,52.58,-5.91468590297687));
#10198=CARTESIAN_POINT('Ctrl Pts',(39.9952342013724,52.18,-5.91468590297687));
#10199=CARTESIAN_POINT('',(39.8489477137931,52.58,-5.36382871665942));
#10200=CARTESIAN_POINT('Ctrl Pts',(39.8489477137931,52.58,-5.36382871665942));
#10201=CARTESIAN_POINT('Ctrl Pts',(39.8914656135177,52.58,-5.43888651113706));
#10202=CARTESIAN_POINT('Ctrl Pts',(39.9877631652753,52.58,-5.60888272203479));
#10203=CARTESIAN_POINT('Ctrl Pts',(39.9925569811719,52.58,-5.80510238032152));
#10204=CARTESIAN_POINT('Ctrl Pts',(39.9952342013724,52.58,-5.91468590297687));
#10205=CARTESIAN_POINT('',(39.8489477137931,52.18,-5.36382871665942));
#10206=CARTESIAN_POINT('',(39.8489477137931,52.58,-5.36382871665942));
#10207=CARTESIAN_POINT('Ctrl Pts',(39.8489477137931,52.18,-5.36382871665942));
#10208=CARTESIAN_POINT('Ctrl Pts',(39.8914656135177,52.18,-5.43888651113706));
#10209=CARTESIAN_POINT('Ctrl Pts',(39.9877631652753,52.18,-5.60888272203479));
#10210=CARTESIAN_POINT('Ctrl Pts',(39.9925569811719,52.18,-5.80510238032152));
#10211=CARTESIAN_POINT('Ctrl Pts',(39.9952342013724,52.18,-5.91468590297687));
#10212=CARTESIAN_POINT('Ctrl Pts',(39.414663503588,52.58,-5.17868566312778));
#10213=CARTESIAN_POINT('Ctrl Pts',(39.414663503588,52.18,-5.17868566312778));
#10214=CARTESIAN_POINT('Ctrl Pts',(39.503133210047,52.58,-5.18445066747731));
#10215=CARTESIAN_POINT('Ctrl Pts',(39.503133210047,52.18,-5.18445066747731));
#10216=CARTESIAN_POINT('Ctrl Pts',(39.6703968494354,52.58,-5.19535016796384));
#10217=CARTESIAN_POINT('Ctrl Pts',(39.6703968494354,52.18,-5.19535016796384));
#10218=CARTESIAN_POINT('Ctrl Pts',(39.7917711567045,52.58,-5.30987757286442));
#10219=CARTESIAN_POINT('Ctrl Pts',(39.7917711567045,52.18,-5.30987757286442));
#10220=CARTESIAN_POINT('Ctrl Pts',(39.8489477137931,52.58,-5.36382871665942));
#10221=CARTESIAN_POINT('Ctrl Pts',(39.8489477137931,52.18,-5.36382871665942));
#10222=CARTESIAN_POINT('',(39.414663503588,52.58,-5.17868566312778));
#10223=CARTESIAN_POINT('Ctrl Pts',(39.414663503588,52.58,-5.17868566312778));
#10224=CARTESIAN_POINT('Ctrl Pts',(39.503133210047,52.58,-5.18445066747731));
#10225=CARTESIAN_POINT('Ctrl Pts',(39.6703968494354,52.58,-5.19535016796384));
#10226=CARTESIAN_POINT('Ctrl Pts',(39.7917711567045,52.58,-5.30987757286442));
#10227=CARTESIAN_POINT('Ctrl Pts',(39.8489477137931,52.58,-5.36382871665942));
#10228=CARTESIAN_POINT('',(39.414663503588,52.18,-5.17868566312778));
#10229=CARTESIAN_POINT('',(39.414663503588,52.58,-5.17868566312778));
#10230=CARTESIAN_POINT('Ctrl Pts',(39.414663503588,52.18,-5.17868566312778));
#10231=CARTESIAN_POINT('Ctrl Pts',(39.503133210047,52.18,-5.18445066747731));
#10232=CARTESIAN_POINT('Ctrl Pts',(39.6703968494354,52.18,-5.19535016796384));
#10233=CARTESIAN_POINT('Ctrl Pts',(39.7917711567045,52.18,-5.30987757286442));
#10234=CARTESIAN_POINT('Ctrl Pts',(39.8489477137931,52.18,-5.36382871665942));
#10235=CARTESIAN_POINT('Ctrl Pts',(38.9803769091971,52.58,-5.36382871665942));
#10236=CARTESIAN_POINT('Ctrl Pts',(38.9803769091971,52.18,-5.36382871665942));
#10237=CARTESIAN_POINT('Ctrl Pts',(39.0375542870324,52.58,-5.30987756608994));
#10238=CARTESIAN_POINT('Ctrl Pts',(39.0375542870324,52.18,-5.30987756608994));
#10239=CARTESIAN_POINT('Ctrl Pts',(39.1589298047913,52.58,-5.19535064859254));
#10240=CARTESIAN_POINT('Ctrl Pts',(39.1589298047913,52.18,-5.19535064859254));
#10241=CARTESIAN_POINT('Ctrl Pts',(39.3261939008245,52.58,-5.18445081903435));
#10242=CARTESIAN_POINT('Ctrl Pts',(39.3261939008245,52.18,-5.18445081903435));
#10243=CARTESIAN_POINT('Ctrl Pts',(39.414663503588,52.58,-5.17868566312778));
#10244=CARTESIAN_POINT('Ctrl Pts',(39.414663503588,52.18,-5.17868566312778));
#10245=CARTESIAN_POINT('',(38.9803769091971,52.58,-5.36382871665942));
#10246=CARTESIAN_POINT('Ctrl Pts',(38.9803769091971,52.58,-5.36382871665942));
#10247=CARTESIAN_POINT('Ctrl Pts',(39.0375542870324,52.58,-5.30987756608994));
#10248=CARTESIAN_POINT('Ctrl Pts',(39.1589298047913,52.58,-5.19535064859254));
#10249=CARTESIAN_POINT('Ctrl Pts',(39.3261939008245,52.58,-5.18445081903435));
#10250=CARTESIAN_POINT('Ctrl Pts',(39.414663503588,52.58,-5.17868566312778));
#10251=CARTESIAN_POINT('',(38.9803769091971,52.18,-5.36382871665942));
#10252=CARTESIAN_POINT('',(38.9803769091971,52.58,-5.36382871665942));
#10253=CARTESIAN_POINT('Ctrl Pts',(38.9803769091971,52.18,-5.36382871665942));
#10254=CARTESIAN_POINT('Ctrl Pts',(39.0375542870324,52.18,-5.30987756608994));
#10255=CARTESIAN_POINT('Ctrl Pts',(39.1589298047913,52.18,-5.19535064859254));
#10256=CARTESIAN_POINT('Ctrl Pts',(39.3261939008245,52.18,-5.18445081903435));
#10257=CARTESIAN_POINT('Ctrl Pts',(39.414663503588,52.18,-5.17868566312778));
#10258=CARTESIAN_POINT('Ctrl Pts',(38.8340904216178,52.58,-5.91468590297687));
#10259=CARTESIAN_POINT('Ctrl Pts',(38.8340904216178,52.18,-5.91468590297687));
#10260=CARTESIAN_POINT('Ctrl Pts',(38.8367676755815,52.58,-5.80510249138621));
#10261=CARTESIAN_POINT('Ctrl Pts',(38.8367676755815,52.18,-5.80510249138621));
#10262=CARTESIAN_POINT('Ctrl Pts',(38.8415615561093,52.58,-5.60888286108561));
#10263=CARTESIAN_POINT('Ctrl Pts',(38.8415615561093,52.18,-5.60888286108561));
#10264=CARTESIAN_POINT('Ctrl Pts',(38.9378590071191,52.58,-5.43888661108357));
#10265=CARTESIAN_POINT('Ctrl Pts',(38.9378590071191,52.18,-5.43888661108357));
#10266=CARTESIAN_POINT('Ctrl Pts',(38.9803769091971,52.58,-5.36382871665942));
#10267=CARTESIAN_POINT('Ctrl Pts',(38.9803769091971,52.18,-5.36382871665942));
#10268=CARTESIAN_POINT('',(38.8340904216178,52.58,-5.91468590297687));
#10269=CARTESIAN_POINT('Ctrl Pts',(38.8340904216178,52.58,-5.91468590297687));
#10270=CARTESIAN_POINT('Ctrl Pts',(38.8367676755815,52.58,-5.80510249138621));
#10271=CARTESIAN_POINT('Ctrl Pts',(38.8415615561093,52.58,-5.60888286108561));
#10272=CARTESIAN_POINT('Ctrl Pts',(38.9378590071191,52.58,-5.43888661108357));
#10273=CARTESIAN_POINT('Ctrl Pts',(38.9803769091971,52.58,-5.36382871665942));
#10274=CARTESIAN_POINT('',(38.8340904216178,52.18,-5.91468590297687));
#10275=CARTESIAN_POINT('',(38.8340904216178,52.58,-5.91468590297687));
#10276=CARTESIAN_POINT('Ctrl Pts',(38.8340904216178,52.18,-5.91468590297687));
#10277=CARTESIAN_POINT('Ctrl Pts',(38.8367676755815,52.18,-5.80510249138621));
#10278=CARTESIAN_POINT('Ctrl Pts',(38.8415615561093,52.18,-5.60888286108561));
#10279=CARTESIAN_POINT('Ctrl Pts',(38.9378590071191,52.18,-5.43888661108357));
#10280=CARTESIAN_POINT('Ctrl Pts',(38.9803769091971,52.18,-5.36382871665942));
#10281=CARTESIAN_POINT('Origin',(38.8340904216178,52.58,-6.65068584480273));
#10282=CARTESIAN_POINT('',(38.8340904216178,52.58,-6.65068584480273));
#10283=CARTESIAN_POINT('',(38.8340904216178,52.58,-4.11554292240136));
#10284=CARTESIAN_POINT('',(38.8340904216178,52.18,-6.65068584480273));
#10285=CARTESIAN_POINT('',(38.8340904216178,52.58,-6.65068584480273));
#10286=CARTESIAN_POINT('',(38.8340904216178,52.18,-6.65068584480273));
#10287=CARTESIAN_POINT('Ctrl Pts',(38.9803769091971,52.58,-7.19697135486591));
#10288=CARTESIAN_POINT('Ctrl Pts',(38.9803769091971,52.18,-7.19697135486591));
#10289=CARTESIAN_POINT('Ctrl Pts',(38.9378523854218,52.58,-7.12230681503246));
#10290=CARTESIAN_POINT('Ctrl Pts',(38.9378523854218,52.18,-7.12230681503246));
#10291=CARTESIAN_POINT('Ctrl Pts',(38.8418913972164,52.58,-6.95381855484253));
#10292=CARTESIAN_POINT('Ctrl Pts',(38.8418913972164,52.18,-6.95381855484253));
#10293=CARTESIAN_POINT('Ctrl Pts',(38.8368806737121,52.58,-6.75911031919552));
#10294=CARTESIAN_POINT('Ctrl Pts',(38.8368806737121,52.18,-6.75911031919552));
#10295=CARTESIAN_POINT('Ctrl Pts',(38.8340904216178,52.58,-6.65068584480273));
#10296=CARTESIAN_POINT('Ctrl Pts',(38.8340904216178,52.18,-6.65068584480273));
#10297=CARTESIAN_POINT('',(38.9803769091971,52.58,-7.19697135486591));
#10298=CARTESIAN_POINT('Ctrl Pts',(38.9803769091971,52.58,-7.19697135486591));
#10299=CARTESIAN_POINT('Ctrl Pts',(38.9378523854218,52.58,-7.12230681503246));
#10300=CARTESIAN_POINT('Ctrl Pts',(38.8418913972164,52.58,-6.95381855484253));
#10301=CARTESIAN_POINT('Ctrl Pts',(38.8368806737121,52.58,-6.75911031919552));
#10302=CARTESIAN_POINT('Ctrl Pts',(38.8340904216178,52.58,-6.65068584480273));
#10303=CARTESIAN_POINT('',(38.9803769091971,52.18,-7.19697135486591));
#10304=CARTESIAN_POINT('',(38.9803769091971,52.58,-7.19697135486591));
#10305=CARTESIAN_POINT('Ctrl Pts',(38.9803769091971,52.18,-7.19697135486591));
#10306=CARTESIAN_POINT('Ctrl Pts',(38.9378523854218,52.18,-7.12230681503246));
#10307=CARTESIAN_POINT('Ctrl Pts',(38.8418913972164,52.18,-6.95381855484253));
#10308=CARTESIAN_POINT('Ctrl Pts',(38.8368806737121,52.18,-6.75911031919552));
#10309=CARTESIAN_POINT('Ctrl Pts',(38.8340904216178,52.18,-6.65068584480273));
#10310=CARTESIAN_POINT('Ctrl Pts',(39.414663503588,52.58,-7.38211440839755));
#10311=CARTESIAN_POINT('Ctrl Pts',(39.414663503588,52.18,-7.38211440839755));
#10312=CARTESIAN_POINT('Ctrl Pts',(39.3261938848476,52.58,-7.37634938929747));
#10313=CARTESIAN_POINT('Ctrl Pts',(39.3261938848476,52.18,-7.37634938929747));
#10314=CARTESIAN_POINT('Ctrl Pts',(39.1589296797785,52.58,-7.36544981325417));
#10315=CARTESIAN_POINT('Ctrl Pts',(39.1589296797785,52.18,-7.36544981325417));
#10316=CARTESIAN_POINT('Ctrl Pts',(39.037554267567,52.58,-7.25092264983319));
#10317=CARTESIAN_POINT('Ctrl Pts',(39.037554267567,52.18,-7.25092264983319));
#10318=CARTESIAN_POINT('Ctrl Pts',(38.9803769091971,52.58,-7.19697135486591));
#10319=CARTESIAN_POINT('Ctrl Pts',(38.9803769091971,52.18,-7.19697135486591));
#10320=CARTESIAN_POINT('',(39.414663503588,52.58,-7.38211440839755));
#10321=CARTESIAN_POINT('Ctrl Pts',(39.414663503588,52.58,-7.38211440839755));
#10322=CARTESIAN_POINT('Ctrl Pts',(39.3261938848476,52.58,-7.37634938929747));
#10323=CARTESIAN_POINT('Ctrl Pts',(39.1589296797785,52.58,-7.36544981325417));
#10324=CARTESIAN_POINT('Ctrl Pts',(39.037554267567,52.58,-7.25092264983319));
#10325=CARTESIAN_POINT('Ctrl Pts',(38.9803769091971,52.58,-7.19697135486591));
#10326=CARTESIAN_POINT('',(39.414663503588,52.18,-7.38211440839755));
#10327=CARTESIAN_POINT('',(39.414663503588,52.58,-7.38211440839755));
#10328=CARTESIAN_POINT('Ctrl Pts',(39.414663503588,52.18,-7.38211440839755));
#10329=CARTESIAN_POINT('Ctrl Pts',(39.3261938848476,52.18,-7.37634938929747));
#10330=CARTESIAN_POINT('Ctrl Pts',(39.1589296797785,52.18,-7.36544981325417));
#10331=CARTESIAN_POINT('Ctrl Pts',(39.037554267567,52.18,-7.25092264983319));
#10332=CARTESIAN_POINT('Ctrl Pts',(38.9803769091971,52.18,-7.19697135486591));
#10333=CARTESIAN_POINT('Ctrl Pts',(39.8489477137931,52.58,-7.19697135486591));
#10334=CARTESIAN_POINT('Ctrl Pts',(39.8489477137931,52.18,-7.19697135486591));
#10335=CARTESIAN_POINT('Ctrl Pts',(39.7917711664373,52.58,-7.25092257085964));
#10336=CARTESIAN_POINT('Ctrl Pts',(39.7917711664373,52.18,-7.25092257085964));
#10337=CARTESIAN_POINT('Ctrl Pts',(39.6703969119422,52.58,-7.36545009872173));
#10338=CARTESIAN_POINT('Ctrl Pts',(39.6703969119422,52.18,-7.36545009872173));
#10339=CARTESIAN_POINT('Ctrl Pts',(39.5031332180355,52.58,-7.37634947245127));
#10340=CARTESIAN_POINT('Ctrl Pts',(39.5031332180355,52.18,-7.37634947245127));
#10341=CARTESIAN_POINT('Ctrl Pts',(39.414663503588,52.58,-7.38211440839755));
#10342=CARTESIAN_POINT('Ctrl Pts',(39.414663503588,52.18,-7.38211440839755));
#10343=CARTESIAN_POINT('Ctrl Pts',(39.8489477137931,52.58,-7.19697135486591));
#10344=CARTESIAN_POINT('Ctrl Pts',(39.7917711664373,52.58,-7.25092257085964));
#10345=CARTESIAN_POINT('Ctrl Pts',(39.6703969119422,52.58,-7.36545009872173));
#10346=CARTESIAN_POINT('Ctrl Pts',(39.5031332180355,52.58,-7.37634947245127));
#10347=CARTESIAN_POINT('Ctrl Pts',(39.414663503588,52.58,-7.38211440839755));
#10348=CARTESIAN_POINT('Ctrl Pts',(39.8489477137931,52.18,-7.19697135486591));
#10349=CARTESIAN_POINT('Ctrl Pts',(39.7917711664373,52.18,-7.25092257085964));
#10350=CARTESIAN_POINT('Ctrl Pts',(39.6703969119422,52.18,-7.36545009872173));
#10351=CARTESIAN_POINT('Ctrl Pts',(39.5031332180355,52.18,-7.37634947245127));
#10352=CARTESIAN_POINT('Ctrl Pts',(39.414663503588,52.18,-7.38211440839755));
#10353=CARTESIAN_POINT('Ctrl Pts',(38.1940915088065,52.58,-7.33411419191348));
#10354=CARTESIAN_POINT('Ctrl Pts',(38.1940915088065,52.18,-7.33411419191348));
#10355=CARTESIAN_POINT('Ctrl Pts',(38.2543114719758,52.58,-7.42718709641051));
#10356=CARTESIAN_POINT('Ctrl Pts',(38.2543114719758,52.18,-7.42718709641051));
#10357=CARTESIAN_POINT('Ctrl Pts',(38.3761930346808,52.58,-7.61556102506423));
#10358=CARTESIAN_POINT('Ctrl Pts',(38.3761930346808,52.18,-7.61556102506423));
#10359=CARTESIAN_POINT('Ctrl Pts',(38.5679410877935,52.58,-7.732231728824));
#10360=CARTESIAN_POINT('Ctrl Pts',(38.5679410877935,52.18,-7.732231728824));
#10361=CARTESIAN_POINT('Ctrl Pts',(38.6649491290458,52.58,-7.79125708141315));
#10362=CARTESIAN_POINT('Ctrl Pts',(38.6649491290458,52.18,-7.79125708141315));
#10363=CARTESIAN_POINT('',(38.1940915088065,52.58,-7.33411419191348));
#10364=CARTESIAN_POINT('Ctrl Pts',(38.1940915088065,52.58,-7.33411419191348));
#10365=CARTESIAN_POINT('Ctrl Pts',(38.2543114719758,52.58,-7.42718709641051));
#10366=CARTESIAN_POINT('Ctrl Pts',(38.3761930346808,52.58,-7.61556102506423));
#10367=CARTESIAN_POINT('Ctrl Pts',(38.5679410877935,52.58,-7.732231728824));
#10368=CARTESIAN_POINT('Ctrl Pts',(38.6649491290458,52.58,-7.79125708141315));
#10369=CARTESIAN_POINT('',(38.1940915088065,52.18,-7.33411419191348));
#10370=CARTESIAN_POINT('',(38.1940915088065,52.58,-7.33411419191348));
#10371=CARTESIAN_POINT('Ctrl Pts',(38.1940915088065,52.18,-7.33411419191348));
#10372=CARTESIAN_POINT('Ctrl Pts',(38.2543114719758,52.18,-7.42718709641051));
#10373=CARTESIAN_POINT('Ctrl Pts',(38.3761930346808,52.18,-7.61556102506423));
#10374=CARTESIAN_POINT('Ctrl Pts',(38.5679410877935,52.18,-7.732231728824));
#10375=CARTESIAN_POINT('Ctrl Pts',(38.6649491290458,52.18,-7.79125708141315));
#10376=CARTESIAN_POINT('Ctrl Pts',(38.0340911845572,52.58,-6.64611446657169));
#10377=CARTESIAN_POINT('Ctrl Pts',(38.0340911845572,52.18,-6.64611446657169));
#10378=CARTESIAN_POINT('Ctrl Pts',(38.0395805560775,52.58,-6.77083903598971));
#10379=CARTESIAN_POINT('Ctrl Pts',(38.0395805560775,52.18,-6.77083903598971));
#10380=CARTESIAN_POINT('Ctrl Pts',(38.0501223519991,52.58,-7.0103602548323));
#10381=CARTESIAN_POINT('Ctrl Pts',(38.0501223519991,52.18,-7.0103602548323));
#10382=CARTESIAN_POINT('Ctrl Pts',(38.1474464527646,52.58,-7.2292200543508));
#10383=CARTESIAN_POINT('Ctrl Pts',(38.1474464527646,52.18,-7.2292200543508));
#10384=CARTESIAN_POINT('Ctrl Pts',(38.1940915088065,52.58,-7.33411419191348));
#10385=CARTESIAN_POINT('Ctrl Pts',(38.1940915088065,52.18,-7.33411419191348));
#10386=CARTESIAN_POINT('',(38.0340911845572,52.58,-6.64611446657169));
#10387=CARTESIAN_POINT('Ctrl Pts',(38.0340911845572,52.58,-6.64611446657169));
#10388=CARTESIAN_POINT('Ctrl Pts',(38.0395805560775,52.58,-6.77083903598971));
#10389=CARTESIAN_POINT('Ctrl Pts',(38.0501223519991,52.58,-7.0103602548323));
#10390=CARTESIAN_POINT('Ctrl Pts',(38.1474464527646,52.58,-7.2292200543508));
#10391=CARTESIAN_POINT('Ctrl Pts',(38.1940915088065,52.58,-7.33411419191348));
#10392=CARTESIAN_POINT('',(38.0340911845572,52.18,-6.64611446657169));
#10393=CARTESIAN_POINT('',(38.0340911845572,52.58,-6.64611446657169));
#10394=CARTESIAN_POINT('Ctrl Pts',(38.0340911845572,52.18,-6.64611446657169));
#10395=CARTESIAN_POINT('Ctrl Pts',(38.0395805560775,52.18,-6.77083903598971));
#10396=CARTESIAN_POINT('Ctrl Pts',(38.0501223519991,52.18,-7.0103602548323));
#10397=CARTESIAN_POINT('Ctrl Pts',(38.1474464527646,52.18,-7.2292200543508));
#10398=CARTESIAN_POINT('Ctrl Pts',(38.1940915088065,52.18,-7.33411419191348));
#10399=CARTESIAN_POINT('Origin',(38.0340911845572,52.58,-5.91011422672259));
#10400=CARTESIAN_POINT('',(38.0340911845572,52.58,-5.91011422672259));
#10401=CARTESIAN_POINT('',(38.0340911845572,52.58,-3.74525711336129));
#10402=CARTESIAN_POINT('',(38.0340911845572,52.18,-5.91011422672259));
#10403=CARTESIAN_POINT('',(38.0340911845572,52.58,-5.91011422672259));
#10404=CARTESIAN_POINT('',(38.0340911845572,52.18,-5.91011422672259));
#10405=CARTESIAN_POINT('Ctrl Pts',(38.1940915088065,52.58,-5.22668587961185));
#10406=CARTESIAN_POINT('Ctrl Pts',(38.1940915088065,52.18,-5.22668587961185));
#10407=CARTESIAN_POINT('Ctrl Pts',(38.1474445605883,52.58,-5.33119071600444));
#10408=CARTESIAN_POINT('Ctrl Pts',(38.1474445605883,52.18,-5.33119071600444));
#10409=CARTESIAN_POINT('Ctrl Pts',(38.0504243655324,52.58,-5.54854854965442));
#10410=CARTESIAN_POINT('Ctrl Pts',(38.0504243655324,52.18,-5.54854854965442));
#10411=CARTESIAN_POINT('Ctrl Pts',(38.0396732195945,52.58,-5.78654538359768));
#10412=CARTESIAN_POINT('Ctrl Pts',(38.0396732195945,52.18,-5.78654538359768));
#10413=CARTESIAN_POINT('Ctrl Pts',(38.0340911845572,52.58,-5.91011422672259));
#10414=CARTESIAN_POINT('Ctrl Pts',(38.0340911845572,52.18,-5.91011422672259));
#10415=CARTESIAN_POINT('',(38.1940915088065,52.58,-5.22668587961185));
#10416=CARTESIAN_POINT('Ctrl Pts',(38.1940915088065,52.58,-5.22668587961185));
#10417=CARTESIAN_POINT('Ctrl Pts',(38.1474445605883,52.58,-5.33119071600444));
#10418=CARTESIAN_POINT('Ctrl Pts',(38.0504243655324,52.58,-5.54854854965442));
#10419=CARTESIAN_POINT('Ctrl Pts',(38.0396732195945,52.58,-5.78654538359768));
#10420=CARTESIAN_POINT('Ctrl Pts',(38.0340911845572,52.58,-5.91011422672259));
#10421=CARTESIAN_POINT('',(38.1940915088065,52.18,-5.22668587961185));
#10422=CARTESIAN_POINT('',(38.1940915088065,52.58,-5.22668587961185));
#10423=CARTESIAN_POINT('Ctrl Pts',(38.1940915088065,52.18,-5.22668587961185));
#10424=CARTESIAN_POINT('Ctrl Pts',(38.1474445605883,52.18,-5.33119071600444));
#10425=CARTESIAN_POINT('Ctrl Pts',(38.0504243655324,52.18,-5.54854854965442));
#10426=CARTESIAN_POINT('Ctrl Pts',(38.0396732195945,52.18,-5.78654538359768));
#10427=CARTESIAN_POINT('Ctrl Pts',(38.0340911845572,52.18,-5.91011422672259));
#10428=CARTESIAN_POINT('Ctrl Pts',(38.6649491290458,52.58,-4.76954299011218));
#10429=CARTESIAN_POINT('Ctrl Pts',(38.6649491290458,52.18,-4.76954299011218));
#10430=CARTESIAN_POINT('Ctrl Pts',(38.5679410877935,52.58,-4.82856834270133));
#10431=CARTESIAN_POINT('Ctrl Pts',(38.5679410877935,52.18,-4.82856834270133));
#10432=CARTESIAN_POINT('Ctrl Pts',(38.3761930346808,52.58,-4.9452390464611));
#10433=CARTESIAN_POINT('Ctrl Pts',(38.3761930346808,52.18,-4.9452390464611));
#10434=CARTESIAN_POINT('Ctrl Pts',(38.2543114719758,52.58,-5.13361297511482));
#10435=CARTESIAN_POINT('Ctrl Pts',(38.2543114719758,52.18,-5.13361297511482));
#10436=CARTESIAN_POINT('Ctrl Pts',(38.1940915088065,52.58,-5.22668587961185));
#10437=CARTESIAN_POINT('Ctrl Pts',(38.1940915088065,52.18,-5.22668587961185));
#10438=CARTESIAN_POINT('',(38.6649491290458,52.58,-4.76954299011218));
#10439=CARTESIAN_POINT('Ctrl Pts',(38.6649491290458,52.58,-4.76954299011218));
#10440=CARTESIAN_POINT('Ctrl Pts',(38.5679410877935,52.58,-4.82856834270133));
#10441=CARTESIAN_POINT('Ctrl Pts',(38.3761930346808,52.58,-4.9452390464611));
#10442=CARTESIAN_POINT('Ctrl Pts',(38.2543114719758,52.58,-5.13361297511482));
#10443=CARTESIAN_POINT('Ctrl Pts',(38.1940915088065,52.58,-5.22668587961185));
#10444=CARTESIAN_POINT('',(38.6649491290458,52.18,-4.76954299011218));
#10445=CARTESIAN_POINT('',(38.6649491290458,52.58,-4.76954299011218));
#10446=CARTESIAN_POINT('Ctrl Pts',(38.6649491290458,52.18,-4.76954299011218));
#10447=CARTESIAN_POINT('Ctrl Pts',(38.5679410877935,52.18,-4.82856834270133));
#10448=CARTESIAN_POINT('Ctrl Pts',(38.3761930346808,52.18,-4.9452390464611));
#10449=CARTESIAN_POINT('Ctrl Pts',(38.2543114719758,52.18,-5.13361297511482));
#10450=CARTESIAN_POINT('Ctrl Pts',(38.1940915088065,52.18,-5.22668587961185));
#10451=CARTESIAN_POINT('Ctrl Pts',(39.414663503588,52.58,-4.607257125759));
#10452=CARTESIAN_POINT('Ctrl Pts',(39.414663503588,52.18,-4.607257125759));
#10453=CARTESIAN_POINT('Ctrl Pts',(39.2771448636633,52.58,-4.61229547720712));
#10454=CARTESIAN_POINT('Ctrl Pts',(39.2771448636633,52.18,-4.61229547720712));
#10455=CARTESIAN_POINT('Ctrl Pts',(39.0172605185623,52.58,-4.62181701310364));
#10456=CARTESIAN_POINT('Ctrl Pts',(39.0172605185623,52.18,-4.62181701310364));
#10457=CARTESIAN_POINT('Ctrl Pts',(38.7777308843092,52.58,-4.72225302027073));
#10458=CARTESIAN_POINT('Ctrl Pts',(38.7777308843092,52.18,-4.72225302027073));
#10459=CARTESIAN_POINT('Ctrl Pts',(38.6649491290458,52.58,-4.76954299011218));
#10460=CARTESIAN_POINT('Ctrl Pts',(38.6649491290458,52.18,-4.76954299011218));
#10461=CARTESIAN_POINT('',(39.414663503588,52.58,-4.607257125759));
#10462=CARTESIAN_POINT('Ctrl Pts',(39.414663503588,52.58,-4.607257125759));
#10463=CARTESIAN_POINT('Ctrl Pts',(39.2771448636633,52.58,-4.61229547720712));
#10464=CARTESIAN_POINT('Ctrl Pts',(39.0172605185623,52.58,-4.62181701310364));
#10465=CARTESIAN_POINT('Ctrl Pts',(38.7777308843092,52.58,-4.72225302027073));
#10466=CARTESIAN_POINT('Ctrl Pts',(38.6649491290458,52.58,-4.76954299011218));
#10467=CARTESIAN_POINT('',(39.414663503588,52.18,-4.607257125759));
#10468=CARTESIAN_POINT('',(39.414663503588,52.58,-4.607257125759));
#10469=CARTESIAN_POINT('Ctrl Pts',(39.414663503588,52.18,-4.607257125759));
#10470=CARTESIAN_POINT('Ctrl Pts',(39.2771448636633,52.18,-4.61229547720712));
#10471=CARTESIAN_POINT('Ctrl Pts',(39.0172605185623,52.18,-4.62181701310364));
#10472=CARTESIAN_POINT('Ctrl Pts',(38.7777308843092,52.18,-4.72225302027073));
#10473=CARTESIAN_POINT('Ctrl Pts',(38.6649491290458,52.18,-4.76954299011218));
#10474=CARTESIAN_POINT('Ctrl Pts',(40.1712347964652,52.58,-4.76954299011218));
#10475=CARTESIAN_POINT('Ctrl Pts',(40.1712347964652,52.18,-4.76954299011218));
#10476=CARTESIAN_POINT('Ctrl Pts',(40.0574879879737,52.58,-4.72225485079034));
#10477=CARTESIAN_POINT('Ctrl Pts',(40.0574879879737,52.18,-4.72225485079034));
#10478=CARTESIAN_POINT('Ctrl Pts',(39.8156124044299,52.58,-4.62169953460298));
#10479=CARTESIAN_POINT('Ctrl Pts',(39.8156124044299,52.18,-4.62169953460298));
#10480=CARTESIAN_POINT('Ctrl Pts',(39.5535080613071,52.58,-4.6122583861793));
#10481=CARTESIAN_POINT('Ctrl Pts',(39.5535080613071,52.18,-4.6122583861793));
#10482=CARTESIAN_POINT('Ctrl Pts',(39.414663503588,52.58,-4.607257125759));
#10483=CARTESIAN_POINT('Ctrl Pts',(39.414663503588,52.18,-4.607257125759));
#10484=CARTESIAN_POINT('',(40.1712347964652,52.58,-4.76954299011218));
#10485=CARTESIAN_POINT('Ctrl Pts',(40.1712347964652,52.58,-4.76954299011218));
#10486=CARTESIAN_POINT('Ctrl Pts',(40.0574879879737,52.58,-4.72225485079034));
#10487=CARTESIAN_POINT('Ctrl Pts',(39.8156124044299,52.58,-4.62169953460298));
#10488=CARTESIAN_POINT('Ctrl Pts',(39.5535080613071,52.58,-4.6122583861793));
#10489=CARTESIAN_POINT('Ctrl Pts',(39.414663503588,52.58,-4.607257125759));
#10490=CARTESIAN_POINT('',(40.1712347964652,52.18,-4.76954299011218));
#10491=CARTESIAN_POINT('',(40.1712347964652,52.58,-4.76954299011218));
#10492=CARTESIAN_POINT('Ctrl Pts',(40.1712347964652,52.18,-4.76954299011218));
#10493=CARTESIAN_POINT('Ctrl Pts',(40.0574879879737,52.18,-4.72225485079034));
#10494=CARTESIAN_POINT('Ctrl Pts',(39.8156124044299,52.18,-4.62169953460298));
#10495=CARTESIAN_POINT('Ctrl Pts',(39.5535080613071,52.18,-4.6122583861793));
#10496=CARTESIAN_POINT('Ctrl Pts',(39.414663503588,52.18,-4.607257125759));
#10497=CARTESIAN_POINT('Ctrl Pts',(40.6420900325187,52.58,-5.22668587961185));
#10498=CARTESIAN_POINT('Ctrl Pts',(40.6420900325187,52.18,-5.22668587961185));
#10499=CARTESIAN_POINT('Ctrl Pts',(40.5823163506948,52.58,-5.13355137866931));
#10500=CARTESIAN_POINT('Ctrl Pts',(40.5823163506948,52.18,-5.13355137866931));
#10501=CARTESIAN_POINT('Ctrl Pts',(40.461039472199,52.58,-4.9445875870817));
#10502=CARTESIAN_POINT('Ctrl Pts',(40.461039472199,52.18,-4.9445875870817));
#10503=CARTESIAN_POINT('Ctrl Pts',(40.2687504252982,52.58,-4.82844329565098));
#10504=CARTESIAN_POINT('Ctrl Pts',(40.2687504252982,52.18,-4.82844329565098));
#10505=CARTESIAN_POINT('Ctrl Pts',(40.1712347964652,52.58,-4.76954299011218));
#10506=CARTESIAN_POINT('Ctrl Pts',(40.1712347964652,52.18,-4.76954299011218));
#10507=CARTESIAN_POINT('',(40.6420900325187,52.58,-5.22668587961185));
#10508=CARTESIAN_POINT('Ctrl Pts',(40.6420900325187,52.58,-5.22668587961185));
#10509=CARTESIAN_POINT('Ctrl Pts',(40.5823163506948,52.58,-5.13355137866931));
#10510=CARTESIAN_POINT('Ctrl Pts',(40.461039472199,52.58,-4.9445875870817));
#10511=CARTESIAN_POINT('Ctrl Pts',(40.2687504252982,52.58,-4.82844329565098));
#10512=CARTESIAN_POINT('Ctrl Pts',(40.1712347964652,52.58,-4.76954299011218));
#10513=CARTESIAN_POINT('',(40.6420900325187,52.18,-5.22668587961185));
#10514=CARTESIAN_POINT('',(40.6420900325187,52.58,-5.22668587961185));
#10515=CARTESIAN_POINT('Ctrl Pts',(40.6420900325187,52.18,-5.22668587961185));
#10516=CARTESIAN_POINT('Ctrl Pts',(40.5823163506948,52.18,-5.13355137866931));
#10517=CARTESIAN_POINT('Ctrl Pts',(40.461039472199,52.18,-4.9445875870817));
#10518=CARTESIAN_POINT('Ctrl Pts',(40.2687504252982,52.18,-4.82844329565098));
#10519=CARTESIAN_POINT('Ctrl Pts',(40.1712347964652,52.18,-4.76954299011218));
#10520=CARTESIAN_POINT('Ctrl Pts',(40.7998063067801,52.58,-5.91011422672259));
#10521=CARTESIAN_POINT('Ctrl Pts',(40.7998063067801,52.18,-5.91011422672259));
#10522=CARTESIAN_POINT('Ctrl Pts',(40.7943281082448,52.58,-5.78659154356018));
#10523=CARTESIAN_POINT('Ctrl Pts',(40.7943281082448,52.18,-5.78659154356018));
#10524=CARTESIAN_POINT('Ctrl Pts',(40.7837850509987,52.58,-5.54886618341019));
#10525=CARTESIAN_POINT('Ctrl Pts',(40.7837850509987,52.18,-5.54886618341019));
#10526=CARTESIAN_POINT('Ctrl Pts',(40.6880708829159,52.58,-5.33123524562913));
#10527=CARTESIAN_POINT('Ctrl Pts',(40.6880708829159,52.18,-5.33123524562913));
#10528=CARTESIAN_POINT('Ctrl Pts',(40.6420900325187,52.58,-5.22668587961185));
#10529=CARTESIAN_POINT('Ctrl Pts',(40.6420900325187,52.18,-5.22668587961185));
#10530=CARTESIAN_POINT('',(40.7998063067801,52.58,-5.91011422672259));
#10531=CARTESIAN_POINT('Ctrl Pts',(40.7998063067801,52.58,-5.91011422672259));
#10532=CARTESIAN_POINT('Ctrl Pts',(40.7943281082448,52.58,-5.78659154356018));
#10533=CARTESIAN_POINT('Ctrl Pts',(40.7837850509987,52.58,-5.54886618341019));
#10534=CARTESIAN_POINT('Ctrl Pts',(40.6880708829159,52.58,-5.33123524562913));
#10535=CARTESIAN_POINT('Ctrl Pts',(40.6420900325187,52.58,-5.22668587961185));
#10536=CARTESIAN_POINT('',(40.7998063067801,52.18,-5.91011422672259));
#10537=CARTESIAN_POINT('',(40.7998063067801,52.58,-5.91011422672259));
#10538=CARTESIAN_POINT('Ctrl Pts',(40.7998063067801,52.18,-5.91011422672259));
#10539=CARTESIAN_POINT('Ctrl Pts',(40.7943281082448,52.18,-5.78659154356018));
#10540=CARTESIAN_POINT('Ctrl Pts',(40.7837850509987,52.18,-5.54886618341019));
#10541=CARTESIAN_POINT('Ctrl Pts',(40.6880708829159,52.18,-5.33123524562913));
#10542=CARTESIAN_POINT('Ctrl Pts',(40.6420900325187,52.18,-5.22668587961185));
#10543=CARTESIAN_POINT('Origin',(40.7998063067801,52.58,-6.64611446657169));
#10544=CARTESIAN_POINT('',(40.7998063067801,52.58,-6.64611446657169));
#10545=CARTESIAN_POINT('',(40.7998063067801,52.58,-4.11325723328584));
#10546=CARTESIAN_POINT('',(40.7998063067801,52.18,-6.64611446657169));
#10547=CARTESIAN_POINT('',(40.7998063067801,52.58,-6.64611446657169));
#10548=CARTESIAN_POINT('',(40.7998063067801,52.18,-6.64611446657169));
#10549=CARTESIAN_POINT('Ctrl Pts',(40.6420900325187,52.58,-7.33411419191348));
#10550=CARTESIAN_POINT('Ctrl Pts',(40.6420900325187,52.18,-7.33411419191348));
#10551=CARTESIAN_POINT('Ctrl Pts',(40.6880689803606,52.58,-7.22917574560773));
#10552=CARTESIAN_POINT('Ctrl Pts',(40.6880689803606,52.18,-7.22917574560773));
#10553=CARTESIAN_POINT('Ctrl Pts',(40.7840827203534,52.58,-7.01004213834301));
#10554=CARTESIAN_POINT('Ctrl Pts',(40.7840827203534,52.18,-7.01004213834301));
#10555=CARTESIAN_POINT('Ctrl Pts',(40.7944195605583,52.58,-6.77079251124457));
#10556=CARTESIAN_POINT('Ctrl Pts',(40.7944195605583,52.18,-6.77079251124457));
#10557=CARTESIAN_POINT('Ctrl Pts',(40.7998063067801,52.58,-6.64611446657169));
#10558=CARTESIAN_POINT('Ctrl Pts',(40.7998063067801,52.18,-6.64611446657169));
#10559=CARTESIAN_POINT('',(40.6420900325187,52.58,-7.33411419191348));
#10560=CARTESIAN_POINT('Ctrl Pts',(40.6420900325187,52.58,-7.33411419191348));
#10561=CARTESIAN_POINT('Ctrl Pts',(40.6880689803606,52.58,-7.22917574560773));
#10562=CARTESIAN_POINT('Ctrl Pts',(40.7840827203534,52.58,-7.01004213834301));
#10563=CARTESIAN_POINT('Ctrl Pts',(40.7944195605583,52.58,-6.77079251124457));
#10564=CARTESIAN_POINT('Ctrl Pts',(40.7998063067801,52.58,-6.64611446657169));
#10565=CARTESIAN_POINT('',(40.6420900325187,52.18,-7.33411419191348));
#10566=CARTESIAN_POINT('',(40.6420900325187,52.58,-7.33411419191348));
#10567=CARTESIAN_POINT('Ctrl Pts',(40.6420900325187,52.18,-7.33411419191348));
#10568=CARTESIAN_POINT('Ctrl Pts',(40.6880689803606,52.18,-7.22917574560773));
#10569=CARTESIAN_POINT('Ctrl Pts',(40.7840827203534,52.18,-7.01004213834301));
#10570=CARTESIAN_POINT('Ctrl Pts',(40.7944195605583,52.18,-6.77079251124457));
#10571=CARTESIAN_POINT('Ctrl Pts',(40.7998063067801,52.18,-6.64611446657169));
#10572=CARTESIAN_POINT('Ctrl Pts',(40.1712347964652,52.58,-7.79125708141315));
#10573=CARTESIAN_POINT('Ctrl Pts',(40.1712347964652,52.18,-7.79125708141315));
#10574=CARTESIAN_POINT('Ctrl Pts',(40.2687504427972,52.58,-7.73235689424554));
#10575=CARTESIAN_POINT('Ctrl Pts',(40.2687504427972,52.18,-7.73235689424554));
#10576=CARTESIAN_POINT('Ctrl Pts',(40.461039641867,52.58,-7.61621276515915));
#10577=CARTESIAN_POINT('Ctrl Pts',(40.461039641867,52.18,-7.61621276515915));
#10578=CARTESIAN_POINT('Ctrl Pts',(40.5823163815013,52.58,-7.42724882481314));
#10579=CARTESIAN_POINT('Ctrl Pts',(40.5823163815013,52.18,-7.42724882481314));
#10580=CARTESIAN_POINT('Ctrl Pts',(40.6420900325187,52.58,-7.33411419191348));
#10581=CARTESIAN_POINT('Ctrl Pts',(40.6420900325187,52.18,-7.33411419191348));
#10582=CARTESIAN_POINT('',(40.1712347964652,52.58,-7.79125708141315));
#10583=CARTESIAN_POINT('Ctrl Pts',(40.1712347964652,52.58,-7.79125708141315));
#10584=CARTESIAN_POINT('Ctrl Pts',(40.2687504427972,52.58,-7.73235689424554));
#10585=CARTESIAN_POINT('Ctrl Pts',(40.461039641867,52.58,-7.61621276515915));
#10586=CARTESIAN_POINT('Ctrl Pts',(40.5823163815013,52.58,-7.42724882481314));
#10587=CARTESIAN_POINT('Ctrl Pts',(40.6420900325187,52.58,-7.33411419191348));
#10588=CARTESIAN_POINT('',(40.1712347964652,52.18,-7.79125708141315));
#10589=CARTESIAN_POINT('',(40.1712347964652,52.58,-7.79125708141315));
#10590=CARTESIAN_POINT('Ctrl Pts',(40.1712347964652,52.18,-7.79125708141315));
#10591=CARTESIAN_POINT('Ctrl Pts',(40.2687504427972,52.18,-7.73235689424554));
#10592=CARTESIAN_POINT('Ctrl Pts',(40.461039641867,52.18,-7.61621276515915));
#10593=CARTESIAN_POINT('Ctrl Pts',(40.5823163815013,52.18,-7.42724882481314));
#10594=CARTESIAN_POINT('Ctrl Pts',(40.6420900325187,52.18,-7.33411419191348));
#10595=CARTESIAN_POINT('Ctrl Pts',(39.414663503588,52.58,-7.95354294576633));
#10596=CARTESIAN_POINT('Ctrl Pts',(39.414663503588,52.18,-7.95354294576633));
#10597=CARTESIAN_POINT('Ctrl Pts',(39.5535072283693,52.58,-7.94854164368287));
#10598=CARTESIAN_POINT('Ctrl Pts',(39.5535072283693,52.18,-7.94854164368287));
#10599=CARTESIAN_POINT('Ctrl Pts',(39.8156115058067,52.58,-7.93910036233656));
#10600=CARTESIAN_POINT('Ctrl Pts',(39.8156115058067,52.18,-7.93910036233656));
#10601=CARTESIAN_POINT('Ctrl Pts',(40.0574871995885,52.58,-7.83854537315656));
#10602=CARTESIAN_POINT('Ctrl Pts',(40.0574871995885,52.18,-7.83854537315656));
#10603=CARTESIAN_POINT('Ctrl Pts',(40.1712347964652,52.58,-7.79125708141315));
#10604=CARTESIAN_POINT('Ctrl Pts',(40.1712347964652,52.18,-7.79125708141315));
#10605=CARTESIAN_POINT('',(39.9407903909694,52.58,-7.88039999999988));
#10606=CARTESIAN_POINT('Ctrl Pts',(39.414663503588,52.5746211777559,-7.95354294576633));
#10607=CARTESIAN_POINT('Ctrl Pts',(39.5916175679238,52.5755637553525,-7.94716886777301));
#10608=CARTESIAN_POINT('Ctrl Pts',(39.772640281916,52.58,-7.93589593708628));
#10609=CARTESIAN_POINT('Ctrl Pts',(39.9407903909693,52.58,-7.88039999999994));
#10610=CARTESIAN_POINT('Ctrl Pts',(39.414663503588,52.18,-7.95354294576633));
#10611=CARTESIAN_POINT('Ctrl Pts',(39.5535072283693,52.18,-7.94854164368287));
#10612=CARTESIAN_POINT('Ctrl Pts',(39.8156115058067,52.18,-7.93910036233656));
#10613=CARTESIAN_POINT('Ctrl Pts',(40.0574871995885,52.18,-7.83854537315656));
#10614=CARTESIAN_POINT('Ctrl Pts',(40.1712347964652,52.18,-7.79125708141315));
#10615=CARTESIAN_POINT('Ctrl Pts',(39.9407903909694,52.58,-7.88039999999988));
#10616=CARTESIAN_POINT('Ctrl Pts',(40.0185076084353,52.58,-7.8547503597154));
#10617=CARTESIAN_POINT('Ctrl Pts',(40.0948712024502,52.58,-7.8230037205643));
#10618=CARTESIAN_POINT('Ctrl Pts',(40.1712347964652,52.58,-7.79125708141315));
#10619=CARTESIAN_POINT('Origin',(30.2626644519053,52.18,-6.28040003576266));
#10620=CARTESIAN_POINT('Origin',(31.2729491691001,52.58,-5.35240012207019));
#10621=CARTESIAN_POINT('',(31.2729491691001,52.58,-5.35240012207019));
#10622=CARTESIAN_POINT('',(31.5198065738089,52.58,-7.14440005817401));
#10623=CARTESIAN_POINT('',(31.2437588814196,52.58,-5.14050048827172));
#10624=CARTESIAN_POINT('',(31.2729491691001,52.18,-5.35240012207019));
#10625=CARTESIAN_POINT('',(31.2729491691001,52.58,-5.35240012207019));
#10626=CARTESIAN_POINT('',(31.5198065738089,52.18,-7.14440005817401));
#10627=CARTESIAN_POINT('',(31.2729491691001,52.18,-5.35240012207019));
#10628=CARTESIAN_POINT('',(31.5198065738089,52.58,-7.14440005817401));
#10629=CARTESIAN_POINT('Origin',(30.8889486293204,52.58,-7.14440005817401));
#10630=CARTESIAN_POINT('',(30.8889486293204,52.58,-7.14440005817401));
#10631=CARTESIAN_POINT('',(31.9996032220034,52.58,-1.96135276281496));
#10632=CARTESIAN_POINT('',(30.8889486293204,52.18,-7.14440005817401));
#10633=CARTESIAN_POINT('',(30.8889486293204,52.58,-7.14440005817401));
#10634=CARTESIAN_POINT('',(30.8889486293204,52.18,-7.14440005817401));
#10635=CARTESIAN_POINT('Origin',(30.1620926360495,52.58,-7.14440005817401));
#10636=CARTESIAN_POINT('',(30.1620926360495,52.58,-7.14440005817401));
#10637=CARTESIAN_POINT('',(42.8410463180248,52.58,-7.14440005817401));
#10638=CARTESIAN_POINT('',(30.1620926360495,52.18,-7.14440005817401));
#10639=CARTESIAN_POINT('',(30.1620926360495,52.58,-7.14440005817401));
#10640=CARTESIAN_POINT('',(30.1620926360495,52.18,-7.14440005817401));
#10641=CARTESIAN_POINT('Origin',(29.7826637725241,52.58,-5.35240012207019));
#10642=CARTESIAN_POINT('',(29.7826637725241,52.58,-5.35240012207019));
#10643=CARTESIAN_POINT('',(29.9526353591853,52.58,-6.15515684860421));
#10644=CARTESIAN_POINT('',(29.7826637725241,52.18,-5.35240012207019));
#10645=CARTESIAN_POINT('',(29.7826637725241,52.58,-5.35240012207019));
#10646=CARTESIAN_POINT('',(29.7826637725241,52.18,-5.35240012207019));
#10647=CARTESIAN_POINT('Origin',(29.5266630153067,52.58,-7.14440005817401));
#10648=CARTESIAN_POINT('',(29.5266630153067,52.58,-7.14440005817401));
#10649=CARTESIAN_POINT('',(30.1760790336291,52.58,-2.5985015382326));
#10650=CARTESIAN_POINT('',(29.5266630153067,52.18,-7.14440005817401));
#10651=CARTESIAN_POINT('',(29.5266630153067,52.58,-7.14440005817401));
#10652=CARTESIAN_POINT('',(29.5266630153067,52.18,-7.14440005817401));
#10653=CARTESIAN_POINT('Origin',(28.7449492911704,52.58,-7.14440005817401));
#10654=CARTESIAN_POINT('',(28.7449492911704,52.58,-7.14440005817401));
#10655=CARTESIAN_POINT('',(42.1324746455852,52.58,-7.14440005817401));
#10656=CARTESIAN_POINT('',(28.7449492911704,52.18,-7.14440005817401));
#10657=CARTESIAN_POINT('',(28.7449492911704,52.58,-7.14440005817401));
#10658=CARTESIAN_POINT('',(28.7449492911704,52.18,-7.14440005817401));
#10659=CARTESIAN_POINT('Origin',(29.2935206393607,52.58,-4.68040007152545));
#10660=CARTESIAN_POINT('',(29.2935206393607,52.58,-4.68040007152545));
#10661=CARTESIAN_POINT('',(30.2415845317271,52.58,-0.422012487414304));
#10662=CARTESIAN_POINT('',(29.2935206393607,52.18,-4.68040007152545));
#10663=CARTESIAN_POINT('',(29.2935206393607,52.58,-4.68040007152545));
#10664=CARTESIAN_POINT('',(29.2935206393607,52.18,-4.68040007152545));
#10665=CARTESIAN_POINT('Origin',(30.1392354468711,52.58,-4.68040007152545));
#10666=CARTESIAN_POINT('',(30.1392354468711,52.58,-4.68040007152545));
#10667=CARTESIAN_POINT('',(42.8296177234355,52.58,-4.68040007152545));
#10668=CARTESIAN_POINT('',(30.1392354468711,52.18,-4.68040007152545));
#10669=CARTESIAN_POINT('',(30.1392354468711,52.58,-4.68040007152545));
#10670=CARTESIAN_POINT('',(30.1392354468711,52.18,-4.68040007152545));
#10671=CARTESIAN_POINT('Origin',(30.5095209578879,52.58,-6.4038287381171));
#10672=CARTESIAN_POINT('',(30.5095209578879,52.58,-6.4038287381171));
#10673=CARTESIAN_POINT('',(30.5660163551052,52.58,-6.66677660995638));
#10674=CARTESIAN_POINT('',(30.5095209578879,52.18,-6.4038287381171));
#10675=CARTESIAN_POINT('',(30.5095209578879,52.58,-6.4038287381171));
#10676=CARTESIAN_POINT('',(30.5095209578879,52.18,-6.4038287381171));
#10677=CARTESIAN_POINT('Origin',(30.8752347926505,52.58,-4.68040007152545));
#10678=CARTESIAN_POINT('',(30.8752347926505,52.58,-4.68040007152545));
#10679=CARTESIAN_POINT('',(31.7209349607376,52.58,-0.695032895113013));
#10680=CARTESIAN_POINT('',(30.8752347926505,52.18,-4.68040007152545));
#10681=CARTESIAN_POINT('',(30.8752347926505,52.58,-4.68040007152545));
#10682=CARTESIAN_POINT('',(30.8752347926505,52.18,-4.68040007152545));
#10683=CARTESIAN_POINT('Origin',(31.7255212764151,52.58,-4.68040007152545));
#10684=CARTESIAN_POINT('',(31.7255212764151,52.58,-4.68040007152545));
#10685=CARTESIAN_POINT('',(43.6227606382076,52.58,-4.68040007152545));
#10686=CARTESIAN_POINT('',(31.7255212764151,52.18,-4.68040007152545));
#10687=CARTESIAN_POINT('',(31.7255212764151,52.58,-4.68040007152545));
#10688=CARTESIAN_POINT('',(31.7255212764151,52.18,-4.68040007152545));
#10689=CARTESIAN_POINT('Origin',(32.264948080004,52.58,-7.14440005817401));
#10690=CARTESIAN_POINT('',(32.264948080004,52.58,-7.14440005817401));
#10691=CARTESIAN_POINT('',(32.2155480918579,52.58,-6.91875022149051));
#10692=CARTESIAN_POINT('',(32.264948080004,52.18,-7.14440005817401));
#10693=CARTESIAN_POINT('',(32.264948080004,52.58,-7.14440005817401));
#10694=CARTESIAN_POINT('',(32.264948080004,52.18,-7.14440005817401));
#10695=CARTESIAN_POINT('Origin',(31.5198065738089,52.58,-7.14440005817401));
#10696=CARTESIAN_POINT('',(43.5199032869045,52.58,-7.14440005817401));
#10697=CARTESIAN_POINT('',(31.5198065738089,52.18,-7.14440005817401));
#10698=CARTESIAN_POINT('Origin',(30.2626644519053,52.18,-6.28040003576266));
#10699=CARTESIAN_POINT('Origin',(47.7255203227408,52.58,-7.88039999999988));
#10700=CARTESIAN_POINT('',(47.7255203227408,52.58,-7.88039999999988));
#10701=CARTESIAN_POINT('',(47.7255203227408,52.58,-5.28839993276584));
#10702=CARTESIAN_POINT('',(47.7255203227408,52.58,-4.73039999999993));
#10703=CARTESIAN_POINT('',(47.7255203227408,52.18,-7.88039999999988));
#10704=CARTESIAN_POINT('',(47.7255203227408,52.58,-7.88039999999988));
#10705=CARTESIAN_POINT('',(47.7255203227408,52.18,-5.28839993276584));
#10706=CARTESIAN_POINT('',(47.7255203227408,52.18,-7.88039999999988));
#10707=CARTESIAN_POINT('',(47.7255203227408,52.58,-5.28839993276584));
#10708=CARTESIAN_POINT('Origin',(46.9255210856803,52.58,-7.88039999999988));
#10709=CARTESIAN_POINT('',(46.9255210856803,52.58,-7.88039999999988));
#10710=CARTESIAN_POINT('',(54.52,52.58,-7.88039999999994));
#10711=CARTESIAN_POINT('',(46.9255210856803,52.18,-7.88039999999988));
#10712=CARTESIAN_POINT('',(46.9255210856803,52.58,-7.88039999999988));
#10713=CARTESIAN_POINT('',(46.9255210856803,52.18,-7.88039999999988));
#10714=CARTESIAN_POINT('Origin',(46.9255210856803,52.58,-4.68040007152545));
#10715=CARTESIAN_POINT('',(46.9255210856803,52.58,-4.68040007152545));
#10716=CARTESIAN_POINT('',(46.9255210856803,52.58,-3.13040003576272));
#10717=CARTESIAN_POINT('',(46.9255210856803,52.18,-4.68040007152545));
#10718=CARTESIAN_POINT('',(46.9255210856803,52.58,-4.68040007152545));
#10719=CARTESIAN_POINT('',(46.9255210856803,52.18,-4.68040007152545));
#10720=CARTESIAN_POINT('Origin',(48.927807996691,52.58,-4.68040007152545));
#10721=CARTESIAN_POINT('',(48.927807996691,52.58,-4.68040007152545));
#10722=CARTESIAN_POINT('',(52.2239039983455,52.58,-4.68040007152545));
#10723=CARTESIAN_POINT('',(48.927807996691,52.18,-4.68040007152545));
#10724=CARTESIAN_POINT('',(48.927807996691,52.58,-4.68040007152545));
#10725=CARTESIAN_POINT('',(48.927807996691,52.18,-4.68040007152545));
#10726=CARTESIAN_POINT('Origin',(48.927807996691,52.58,-5.28839993276584));
#10727=CARTESIAN_POINT('',(48.927807996691,52.58,-5.28839993276584));
#10728=CARTESIAN_POINT('',(48.927807996691,52.58,-3.43439996638291));
#10729=CARTESIAN_POINT('',(48.927807996691,52.18,-5.28839993276584));
#10730=CARTESIAN_POINT('',(48.927807996691,52.58,-5.28839993276584));
#10731=CARTESIAN_POINT('',(48.927807996691,52.18,-5.28839993276584));
#10732=CARTESIAN_POINT('Origin',(47.7255203227408,52.58,-5.28839993276584));
#10733=CARTESIAN_POINT('',(51.6227601613704,52.58,-5.28839993276584));
#10734=CARTESIAN_POINT('',(47.7255203227408,52.18,-5.28839993276584));
#10735=CARTESIAN_POINT('Origin',(30.2626644519053,52.18,-6.28040003576266));
#10736=CARTESIAN_POINT('Origin',(20.3289492825873,52.58,-5.35240012207019));
#10737=CARTESIAN_POINT('',(20.3289492825873,52.58,-5.35240012207019));
#10738=CARTESIAN_POINT('',(20.5758066872962,52.58,-7.14440005817401));
#10739=CARTESIAN_POINT('',(20.4016646416816,52.58,-5.88025918712165));
#10740=CARTESIAN_POINT('',(20.3289492825873,52.18,-5.35240012207019));
#10741=CARTESIAN_POINT('',(20.3289492825873,52.58,-5.35240012207019));
#10742=CARTESIAN_POINT('',(20.5758066872962,52.18,-7.14440005817401));
#10743=CARTESIAN_POINT('',(20.3289492825873,52.18,-5.35240012207019));
#10744=CARTESIAN_POINT('',(20.5758066872962,52.58,-7.14440005817401));
#10745=CARTESIAN_POINT('Origin',(19.9449493388541,52.58,-7.14440005817401));
#10746=CARTESIAN_POINT('',(19.9449493388541,52.58,-7.14440005817401));
#10747=CARTESIAN_POINT('',(21.2958355995354,52.58,-0.840263476044227));
#10748=CARTESIAN_POINT('',(19.9449493388541,52.18,-7.14440005817401));
#10749=CARTESIAN_POINT('',(19.9449493388541,52.58,-7.14440005817401));
#10750=CARTESIAN_POINT('',(19.9449493388541,52.18,-7.14440005817401));
#10751=CARTESIAN_POINT('Origin',(19.2180921534903,52.58,-7.14440005817401));
#10752=CARTESIAN_POINT('',(19.2180921534903,52.58,-7.14440005817401));
#10753=CARTESIAN_POINT('',(37.3690460767452,52.58,-7.14440005817401));
#10754=CARTESIAN_POINT('',(19.2180921534903,52.18,-7.14440005817401));
#10755=CARTESIAN_POINT('',(19.2180921534903,52.58,-7.14440005817401));
#10756=CARTESIAN_POINT('',(19.2180921534903,52.18,-7.14440005817401));
#10757=CARTESIAN_POINT('Origin',(18.8386638860114,52.58,-5.35240012207019));
#10758=CARTESIAN_POINT('',(18.8386638860114,52.58,-5.35240012207019));
#10759=CARTESIAN_POINT('',(19.2434263138499,52.58,-7.26405064205727));
#10760=CARTESIAN_POINT('',(18.8386638860114,52.18,-5.35240012207019));
#10761=CARTESIAN_POINT('',(18.8386638860114,52.58,-5.35240012207019));
#10762=CARTESIAN_POINT('',(18.8386638860114,52.18,-5.35240012207019));
#10763=CARTESIAN_POINT('Origin',(18.5826637248404,52.58,-7.14440005817401));
#10764=CARTESIAN_POINT('',(18.5826637248404,52.58,-7.14440005817401));
#10765=CARTESIAN_POINT('',(19.3415178220026,52.58,-1.8324249117263));
#10766=CARTESIAN_POINT('',(18.5826637248404,52.18,-7.14440005817401));
#10767=CARTESIAN_POINT('',(18.5826637248404,52.58,-7.14440005817401));
#10768=CARTESIAN_POINT('',(18.5826637248404,52.18,-7.14440005817401));
#10769=CARTESIAN_POINT('Origin',(17.8009494046576,52.58,-7.14440005817401));
#10770=CARTESIAN_POINT('',(17.8009494046576,52.58,-7.14440005817401));
#10771=CARTESIAN_POINT('',(36.6604747023288,52.58,-7.14440005817401));
#10772=CARTESIAN_POINT('',(17.8009494046576,52.18,-7.14440005817401));
#10773=CARTESIAN_POINT('',(17.8009494046576,52.58,-7.14440005817401));
#10774=CARTESIAN_POINT('',(17.8009494046576,52.18,-7.14440005817401));
#10775=CARTESIAN_POINT('Origin',(18.3495207528479,52.58,-4.68040007152545));
#10776=CARTESIAN_POINT('',(18.3495207528479,52.58,-4.68040007152545));
#10777=CARTESIAN_POINT('',(19.5560016712477,52.58,0.738710818308213));
#10778=CARTESIAN_POINT('',(18.3495207528479,52.18,-4.68040007152545));
#10779=CARTESIAN_POINT('',(18.3495207528479,52.58,-4.68040007152545));
#10780=CARTESIAN_POINT('',(18.3495207528479,52.18,-4.68040007152545));
#10781=CARTESIAN_POINT('Origin',(19.1952349643119,52.58,-4.68040007152545));
#10782=CARTESIAN_POINT('',(19.1952349643119,52.58,-4.68040007152545));
#10783=CARTESIAN_POINT('',(37.3576174821559,52.58,-4.68040007152545));
#10784=CARTESIAN_POINT('',(19.1952349643119,52.18,-4.68040007152545));
#10785=CARTESIAN_POINT('',(19.1952349643119,52.58,-4.68040007152545));
#10786=CARTESIAN_POINT('',(19.1952349643119,52.18,-4.68040007152545));
#10787=CARTESIAN_POINT('Origin',(19.5655204753287,52.58,-6.4038287381171));
#10788=CARTESIAN_POINT('',(19.5655204753287,52.58,-6.4038287381171));
#10789=CARTESIAN_POINT('',(19.8634695823839,52.58,-7.79058035816873));
#10790=CARTESIAN_POINT('',(19.5655204753287,52.18,-6.4038287381171));
#10791=CARTESIAN_POINT('',(19.5655204753287,52.58,-6.4038287381171));
#10792=CARTESIAN_POINT('',(19.5655204753287,52.18,-6.4038287381171));
#10793=CARTESIAN_POINT('Origin',(19.9312349061377,52.58,-4.68040007152545));
#10794=CARTESIAN_POINT('',(19.9312349061377,52.58,-4.68040007152545));
#10795=CARTESIAN_POINT('',(21.0127216084358,52.58,0.416104272465005));
#10796=CARTESIAN_POINT('',(19.9312349061377,52.18,-4.68040007152545));
#10797=CARTESIAN_POINT('',(19.9312349061377,52.58,-4.68040007152545));
#10798=CARTESIAN_POINT('',(19.9312349061377,52.18,-4.68040007152545));
#10799=CARTESIAN_POINT('Origin',(20.7815207938559,52.58,-4.68040007152545));
#10800=CARTESIAN_POINT('',(20.7815207938559,52.58,-4.68040007152545));
#10801=CARTESIAN_POINT('',(38.150760396928,52.58,-4.68040007152545));
#10802=CARTESIAN_POINT('',(20.7815207938559,52.18,-4.68040007152545));
#10803=CARTESIAN_POINT('',(20.7815207938559,52.58,-4.68040007152545));
#10804=CARTESIAN_POINT('',(20.7815207938559,52.18,-4.68040007152545));
#10805=CARTESIAN_POINT('Origin',(21.3209493855841,52.58,-7.14440005817401));
#10806=CARTESIAN_POINT('',(21.3209493855841,52.58,-7.14440005817401));
#10807=CARTESIAN_POINT('',(21.5218166593756,52.58,-8.061920870993));
#10808=CARTESIAN_POINT('',(21.3209493855841,52.18,-7.14440005817401));
#10809=CARTESIAN_POINT('',(21.3209493855841,52.58,-7.14440005817401));
#10810=CARTESIAN_POINT('',(21.3209493855841,52.18,-7.14440005817401));
#10811=CARTESIAN_POINT('Origin',(20.5758066872962,52.58,-7.14440005817401));
#10812=CARTESIAN_POINT('',(38.0479033436481,52.58,-7.14440005817401));
#10813=CARTESIAN_POINT('',(20.5758066872962,52.18,-7.14440005817401));
#10814=CARTESIAN_POINT('Origin',(30.2626644519053,52.18,-6.28040003576266));
#10815=CARTESIAN_POINT('Ctrl Pts',(12.1735208879121,52.58,-7.82782870330798));
#10816=CARTESIAN_POINT('Ctrl Pts',(12.1735208879121,52.18,-7.82782870330798));
#10817=CARTESIAN_POINT('Ctrl Pts',(12.2753745257475,52.58,-7.86445065335802));
#10818=CARTESIAN_POINT('Ctrl Pts',(12.2753745257475,52.18,-7.86445065335802));
#10819=CARTESIAN_POINT('Ctrl Pts',(12.4938190368007,52.58,-7.94299339510496));
#10820=CARTESIAN_POINT('Ctrl Pts',(12.4938190368007,52.18,-7.94299339510496));
#10821=CARTESIAN_POINT('Ctrl Pts',(12.7261107956876,52.58,-7.94987174749471));
#10822=CARTESIAN_POINT('Ctrl Pts',(12.7261107956876,52.18,-7.94987174749471));
#10823=CARTESIAN_POINT('Ctrl Pts',(12.8500923911937,52.58,-7.95354294576633));
#10824=CARTESIAN_POINT('Ctrl Pts',(12.8500923911937,52.18,-7.95354294576633));
#10825=CARTESIAN_POINT('',(12.3253807388317,52.58,-7.88039999999993));
#10826=CARTESIAN_POINT('',(12.8500923911937,52.5746211777559,-7.95354294576633));
#10827=CARTESIAN_POINT('Ctrl Pts',(12.3253807388317,52.58,-7.88039999999994));
#10828=CARTESIAN_POINT('Ctrl Pts',(12.4936007023413,52.58,-7.93416857328701));
#10829=CARTESIAN_POINT('Ctrl Pts',(12.6735673333767,52.5753941372246,-7.94831589182732));
#10830=CARTESIAN_POINT('Ctrl Pts',(12.8500923911937,52.5746211777559,-7.95354294576633));
#10831=CARTESIAN_POINT('',(12.1735208879121,52.58,-7.82782870330798));
#10832=CARTESIAN_POINT('Ctrl Pts',(12.1735208879121,52.58,-7.82782870330798));
#10833=CARTESIAN_POINT('Ctrl Pts',(12.2240185464806,52.58,-7.84598537172987));
#10834=CARTESIAN_POINT('Ctrl Pts',(12.2745162050492,52.58,-7.86414204015175));
#10835=CARTESIAN_POINT('Ctrl Pts',(12.3253807388317,52.58,-7.88039999999993));
#10836=CARTESIAN_POINT('',(12.1735208879121,52.18,-7.82782870330798));
#10837=CARTESIAN_POINT('',(12.1735208879121,52.58,-7.82782870330798));
#10838=CARTESIAN_POINT('',(12.8500923911937,52.18,-7.95354294576633));
#10839=CARTESIAN_POINT('Ctrl Pts',(12.1735208879121,52.18,-7.82782870330798));
#10840=CARTESIAN_POINT('Ctrl Pts',(12.2753745257475,52.18,-7.86445065335802));
#10841=CARTESIAN_POINT('Ctrl Pts',(12.4938190368007,52.18,-7.94299339510496));
#10842=CARTESIAN_POINT('Ctrl Pts',(12.7261107956876,52.18,-7.94987174749471));
#10843=CARTESIAN_POINT('Ctrl Pts',(12.8500923911937,52.18,-7.95354294576633));
#10844=CARTESIAN_POINT('',(12.8500923911937,52.58,-7.95354294576633));
#10845=CARTESIAN_POINT('Ctrl Pts',(13.9198066691764,52.58,-5.04382866420734));
#10846=CARTESIAN_POINT('Ctrl Pts',(13.9198066691764,52.18,-5.04382866420734));
#10847=CARTESIAN_POINT('Ctrl Pts',(13.8574455981275,52.58,-4.97879911081405));
#10848=CARTESIAN_POINT('Ctrl Pts',(13.8574455981275,52.18,-4.97879911081405));
#10849=CARTESIAN_POINT('Ctrl Pts',(13.7263642756805,52.58,-4.84210870903677));
#10850=CARTESIAN_POINT('Ctrl Pts',(13.7263642756805,52.18,-4.84210870903677));
#10851=CARTESIAN_POINT('Ctrl Pts',(13.5533615856572,52.58,-4.76451016327737));
#10852=CARTESIAN_POINT('Ctrl Pts',(13.5533615856572,52.18,-4.76451016327737));
#10853=CARTESIAN_POINT('Ctrl Pts',(13.4626637796767,52.58,-4.72382861175525));
#10854=CARTESIAN_POINT('Ctrl Pts',(13.4626637796767,52.18,-4.72382861175525));
#10855=CARTESIAN_POINT('',(13.9198066691764,52.58,-5.04382866420734));
#10856=CARTESIAN_POINT('',(13.4626637796767,52.58,-4.72382861175525));
#10857=CARTESIAN_POINT('Ctrl Pts',(13.9198066691764,52.58,-5.04382866420734));
#10858=CARTESIAN_POINT('Ctrl Pts',(13.8574455981275,52.58,-4.97879911081405));
#10859=CARTESIAN_POINT('Ctrl Pts',(13.7263642756805,52.58,-4.84210870903677));
#10860=CARTESIAN_POINT('Ctrl Pts',(13.5533615856572,52.58,-4.76451016327737));
#10861=CARTESIAN_POINT('Ctrl Pts',(13.4626637796767,52.58,-4.72382861175525));
#10862=CARTESIAN_POINT('',(13.9198066691764,52.18,-5.04382866420734));
#10863=CARTESIAN_POINT('',(13.9198066691764,52.58,-5.04382866420734));
#10864=CARTESIAN_POINT('',(13.4626637796767,52.18,-4.72382861175525));
#10865=CARTESIAN_POINT('Ctrl Pts',(13.9198066691764,52.18,-5.04382866420734));
#10866=CARTESIAN_POINT('Ctrl Pts',(13.8574455981275,52.18,-4.97879911081405));
#10867=CARTESIAN_POINT('Ctrl Pts',(13.7263642756805,52.18,-4.84210870903677));
#10868=CARTESIAN_POINT('Ctrl Pts',(13.5533615856572,52.18,-4.76451016327737));
#10869=CARTESIAN_POINT('Ctrl Pts',(13.4626637796767,52.18,-4.72382861175525));
#10870=CARTESIAN_POINT('',(13.4626637796767,52.58,-4.72382861175525));
#10871=CARTESIAN_POINT('Ctrl Pts',(14.0843780736335,52.58,-5.50325709381091));
#10872=CARTESIAN_POINT('Ctrl Pts',(14.0843780736335,52.18,-5.50325709381091));
#10873=CARTESIAN_POINT('Ctrl Pts',(14.0773587975562,52.58,-5.41991452417003));
#10874=CARTESIAN_POINT('Ctrl Pts',(14.0773587975562,52.18,-5.41991452417003));
#10875=CARTESIAN_POINT('Ctrl Pts',(14.0632359753709,52.58,-5.25222881434031));
#10876=CARTESIAN_POINT('Ctrl Pts',(14.0632359753709,52.18,-5.25222881434031));
#10877=CARTESIAN_POINT('Ctrl Pts',(13.9678062457275,52.58,-5.11357116819744));
#10878=CARTESIAN_POINT('Ctrl Pts',(13.9678062457275,52.18,-5.11357116819744));
#10879=CARTESIAN_POINT('Ctrl Pts',(13.9198066691764,52.58,-5.04382866420734));
#10880=CARTESIAN_POINT('Ctrl Pts',(13.9198066691764,52.18,-5.04382866420734));
#10881=CARTESIAN_POINT('',(14.0843780736335,52.58,-5.50325709381091));
#10882=CARTESIAN_POINT('Ctrl Pts',(14.0843780736335,52.58,-5.50325709381091));
#10883=CARTESIAN_POINT('Ctrl Pts',(14.0773587975562,52.58,-5.41991452417003));
#10884=CARTESIAN_POINT('Ctrl Pts',(14.0632359753709,52.58,-5.25222881434031));
#10885=CARTESIAN_POINT('Ctrl Pts',(13.9678062457275,52.58,-5.11357116819744));
#10886=CARTESIAN_POINT('Ctrl Pts',(13.9198066691764,52.58,-5.04382866420734));
#10887=CARTESIAN_POINT('',(14.0843780736335,52.18,-5.50325709381091));
#10888=CARTESIAN_POINT('',(14.0843780736335,52.58,-5.50325709381091));
#10889=CARTESIAN_POINT('Ctrl Pts',(14.0843780736335,52.18,-5.50325709381091));
#10890=CARTESIAN_POINT('Ctrl Pts',(14.0773587975562,52.18,-5.41991452417003));
#10891=CARTESIAN_POINT('Ctrl Pts',(14.0632359753709,52.18,-5.25222881434031));
#10892=CARTESIAN_POINT('Ctrl Pts',(13.9678062457275,52.18,-5.11357116819744));
#10893=CARTESIAN_POINT('Ctrl Pts',(13.9198066691764,52.18,-5.04382866420734));
#10894=CARTESIAN_POINT('Origin',(14.0843780736335,52.58,-5.71811425485599));
#10895=CARTESIAN_POINT('',(14.0843780736335,52.58,-5.71811425485599));
#10896=CARTESIAN_POINT('',(14.0843780736335,52.58,-3.64925712742799));
#10897=CARTESIAN_POINT('',(14.0843780736335,52.18,-5.71811425485599));
#10898=CARTESIAN_POINT('',(14.0843780736335,52.58,-5.71811425485599));
#10899=CARTESIAN_POINT('',(14.0843780736335,52.18,-5.71811425485599));
#10900=CARTESIAN_POINT('Ctrl Pts',(13.8740922908194,52.58,-6.18211436071384));
#10901=CARTESIAN_POINT('Ctrl Pts',(13.8740922908194,52.18,-6.18211436071384));
#10902=CARTESIAN_POINT('Ctrl Pts',(13.9354221810036,52.58,-6.11811868533619));
#10903=CARTESIAN_POINT('Ctrl Pts',(13.9354221810036,52.18,-6.11811868533619));
#10904=CARTESIAN_POINT('Ctrl Pts',(14.0598434000903,52.58,-5.98828933258742));
#10905=CARTESIAN_POINT('Ctrl Pts',(14.0598434000903,52.18,-5.98828933258742));
#10906=CARTESIAN_POINT('Ctrl Pts',(14.07612302524,52.58,-5.80901859631584));
#10907=CARTESIAN_POINT('Ctrl Pts',(14.07612302524,52.18,-5.80901859631584));
#10908=CARTESIAN_POINT('Ctrl Pts',(14.0843780736335,52.58,-5.71811425485599));
#10909=CARTESIAN_POINT('Ctrl Pts',(14.0843780736335,52.18,-5.71811425485599));
#10910=CARTESIAN_POINT('',(13.8740922908194,52.58,-6.18211436071384));
#10911=CARTESIAN_POINT('Ctrl Pts',(13.8740922908194,52.58,-6.18211436071384));
#10912=CARTESIAN_POINT('Ctrl Pts',(13.9354221810036,52.58,-6.11811868533619));
#10913=CARTESIAN_POINT('Ctrl Pts',(14.0598434000903,52.58,-5.98828933258742));
#10914=CARTESIAN_POINT('Ctrl Pts',(14.07612302524,52.58,-5.80901859631584));
#10915=CARTESIAN_POINT('Ctrl Pts',(14.0843780736335,52.58,-5.71811425485599));
#10916=CARTESIAN_POINT('',(13.8740922908194,52.18,-6.18211436071384));
#10917=CARTESIAN_POINT('',(13.8740922908194,52.58,-6.18211436071384));
#10918=CARTESIAN_POINT('Ctrl Pts',(13.8740922908194,52.18,-6.18211436071384));
#10919=CARTESIAN_POINT('Ctrl Pts',(13.9354221810036,52.18,-6.11811868533619));
#10920=CARTESIAN_POINT('Ctrl Pts',(14.0598434000903,52.18,-5.98828933258742));
#10921=CARTESIAN_POINT('Ctrl Pts',(14.07612302524,52.18,-5.80901859631584));
#10922=CARTESIAN_POINT('Ctrl Pts',(14.0843780736335,52.18,-5.71811425485599));
#10923=CARTESIAN_POINT('Ctrl Pts',(13.3895208339103,52.58,-6.4038287381171));
#10924=CARTESIAN_POINT('Ctrl Pts',(13.3895208339103,52.18,-6.4038287381171));
#10925=CARTESIAN_POINT('Ctrl Pts',(13.4781528695017,52.58,-6.38327044937061));
#10926=CARTESIAN_POINT('Ctrl Pts',(13.4781528695017,52.18,-6.38327044937061));
#10927=CARTESIAN_POINT('Ctrl Pts',(13.6547676937341,52.58,-6.34230446535309));
#10928=CARTESIAN_POINT('Ctrl Pts',(13.6547676937341,52.18,-6.34230446535309));
#10929=CARTESIAN_POINT('Ctrl Pts',(13.8011634784255,52.58,-6.23538004200929));
#10930=CARTESIAN_POINT('Ctrl Pts',(13.8011634784255,52.18,-6.23538004200929));
#10931=CARTESIAN_POINT('Ctrl Pts',(13.8740922908194,52.58,-6.18211436071384));
#10932=CARTESIAN_POINT('Ctrl Pts',(13.8740922908194,52.18,-6.18211436071384));
#10933=CARTESIAN_POINT('',(13.3895208339103,52.58,-6.4038287381171));
#10934=CARTESIAN_POINT('Ctrl Pts',(13.3895208339103,52.58,-6.4038287381171));
#10935=CARTESIAN_POINT('Ctrl Pts',(13.4781528695017,52.58,-6.38327044937061));
#10936=CARTESIAN_POINT('Ctrl Pts',(13.6547676937341,52.58,-6.34230446535309));
#10937=CARTESIAN_POINT('Ctrl Pts',(13.8011634784255,52.58,-6.23538004200929));
#10938=CARTESIAN_POINT('Ctrl Pts',(13.8740922908194,52.58,-6.18211436071384));
#10939=CARTESIAN_POINT('',(13.3895208339103,52.18,-6.4038287381171));
#10940=CARTESIAN_POINT('',(13.3895208339103,52.58,-6.4038287381171));
#10941=CARTESIAN_POINT('Ctrl Pts',(13.3895208339103,52.18,-6.4038287381171));
#10942=CARTESIAN_POINT('Ctrl Pts',(13.4781528695017,52.18,-6.38327044937061));
#10943=CARTESIAN_POINT('Ctrl Pts',(13.6547676937341,52.18,-6.34230446535309));
#10944=CARTESIAN_POINT('Ctrl Pts',(13.8011634784255,52.18,-6.23538004200929));
#10945=CARTESIAN_POINT('Ctrl Pts',(13.8740922908194,52.18,-6.18211436071384));
#10946=CARTESIAN_POINT('Ctrl Pts',(13.8055208722956,52.58,-6.62325727739322));
#10947=CARTESIAN_POINT('Ctrl Pts',(13.8055208722956,52.18,-6.62325727739322));
#10948=CARTESIAN_POINT('Ctrl Pts',(13.7451742089088,52.58,-6.57281334718083));
#10949=CARTESIAN_POINT('Ctrl Pts',(13.7451742089088,52.18,-6.57281334718083));
#10950=CARTESIAN_POINT('Ctrl Pts',(13.6222321028046,52.58,-6.47004572636439));
#10951=CARTESIAN_POINT('Ctrl Pts',(13.6222321028046,52.18,-6.47004572636439));
#10952=CARTESIAN_POINT('Ctrl Pts',(13.4680314372586,52.58,-6.42616859180748));
#10953=CARTESIAN_POINT('Ctrl Pts',(13.4680314372586,52.18,-6.42616859180748));
#10954=CARTESIAN_POINT('Ctrl Pts',(13.3895208339103,52.58,-6.4038287381171));
#10955=CARTESIAN_POINT('Ctrl Pts',(13.3895208339103,52.18,-6.4038287381171));
#10956=CARTESIAN_POINT('',(13.8055208722956,52.58,-6.62325727739322));
#10957=CARTESIAN_POINT('Ctrl Pts',(13.8055208722956,52.58,-6.62325727739322));
#10958=CARTESIAN_POINT('Ctrl Pts',(13.7451742089088,52.58,-6.57281334718083));
#10959=CARTESIAN_POINT('Ctrl Pts',(13.6222321028046,52.58,-6.47004572636439));
#10960=CARTESIAN_POINT('Ctrl Pts',(13.4680314372586,52.58,-6.42616859180748));
#10961=CARTESIAN_POINT('Ctrl Pts',(13.3895208339103,52.58,-6.4038287381171));
#10962=CARTESIAN_POINT('',(13.8055208722956,52.18,-6.62325727739322));
#10963=CARTESIAN_POINT('',(13.8055208722956,52.58,-6.62325727739322));
#10964=CARTESIAN_POINT('Ctrl Pts',(13.8055208722956,52.18,-6.62325727739322));
#10965=CARTESIAN_POINT('Ctrl Pts',(13.7451742089088,52.18,-6.57281334718083));
#10966=CARTESIAN_POINT('Ctrl Pts',(13.6222321028046,52.18,-6.47004572636439));
#10967=CARTESIAN_POINT('Ctrl Pts',(13.4680314372586,52.18,-6.42616859180748));
#10968=CARTESIAN_POINT('Ctrl Pts',(13.3895208339103,52.18,-6.4038287381171));
#10969=CARTESIAN_POINT('Ctrl Pts',(13.9746638039954,52.58,-6.98897155919063));
#10970=CARTESIAN_POINT('Ctrl Pts',(13.9746638039954,52.18,-6.98897155919063));
#10971=CARTESIAN_POINT('Ctrl Pts',(13.9664310315473,52.58,-6.92232698489682));
#10972=CARTESIAN_POINT('Ctrl Pts',(13.9664310315473,52.18,-6.92232698489682));
#10973=CARTESIAN_POINT('Ctrl Pts',(13.9491907216669,52.58,-6.78276608728606));
#10974=CARTESIAN_POINT('Ctrl Pts',(13.9491907216669,52.18,-6.78276608728606));
#10975=CARTESIAN_POINT('Ctrl Pts',(13.8548244030078,52.58,-6.67799630260857));
#10976=CARTESIAN_POINT('Ctrl Pts',(13.8548244030078,52.18,-6.67799630260857));
#10977=CARTESIAN_POINT('Ctrl Pts',(13.8055208722956,52.58,-6.62325727739322));
#10978=CARTESIAN_POINT('Ctrl Pts',(13.8055208722956,52.18,-6.62325727739322));
#10979=CARTESIAN_POINT('',(13.9746638039954,52.58,-6.98897155919063));
#10980=CARTESIAN_POINT('Ctrl Pts',(13.9746638039954,52.58,-6.98897155919063));
#10981=CARTESIAN_POINT('Ctrl Pts',(13.9664310315473,52.58,-6.92232698489682));
#10982=CARTESIAN_POINT('Ctrl Pts',(13.9491907216669,52.58,-6.78276608728606));
#10983=CARTESIAN_POINT('Ctrl Pts',(13.8548244030078,52.58,-6.67799630260857));
#10984=CARTESIAN_POINT('Ctrl Pts',(13.8055208722956,52.58,-6.62325727739322));
#10985=CARTESIAN_POINT('',(13.9746638039954,52.18,-6.98897155919063));
#10986=CARTESIAN_POINT('',(13.9746638039954,52.58,-6.98897155919063));
#10987=CARTESIAN_POINT('Ctrl Pts',(13.9746638039954,52.18,-6.98897155919063));
#10988=CARTESIAN_POINT('Ctrl Pts',(13.9664310315473,52.18,-6.92232698489682));
#10989=CARTESIAN_POINT('Ctrl Pts',(13.9491907216669,52.18,-6.78276608728606));
#10990=CARTESIAN_POINT('Ctrl Pts',(13.8548244030078,52.18,-6.67799630260857));
#10991=CARTESIAN_POINT('Ctrl Pts',(13.8055208722956,52.18,-6.62325727739322));
#10992=CARTESIAN_POINT('Origin',(13.9746638039954,52.58,-7.17182877459514));
#10993=CARTESIAN_POINT('',(13.9746638039954,52.58,-7.17182877459514));
#10994=CARTESIAN_POINT('',(13.9746638039954,52.58,-4.37611438729756));
#10995=CARTESIAN_POINT('',(13.9746638039954,52.18,-7.17182877459514));
#10996=CARTESIAN_POINT('',(13.9746638039954,52.58,-7.17182877459514));
#10997=CARTESIAN_POINT('',(13.9746638039954,52.18,-7.17182877459514));
#10998=CARTESIAN_POINT('Ctrl Pts',(13.8283780614741,52.58,-7.57411438026416));
#10999=CARTESIAN_POINT('Ctrl Pts',(13.8283780614741,52.18,-7.57411438026416));
#11000=CARTESIAN_POINT('Ctrl Pts',(13.8710439394333,52.58,-7.51308258698758));
#11001=CARTESIAN_POINT('Ctrl Pts',(13.8710439394333,52.18,-7.51308258698758));
#11002=CARTESIAN_POINT('Ctrl Pts',(13.9557019850589,52.58,-7.39198271545172));
#11003=CARTESIAN_POINT('Ctrl Pts',(13.9557019850589,52.18,-7.39198271545172));
#11004=CARTESIAN_POINT('Ctrl Pts',(13.9683768198732,52.58,-7.24482305511449));
#11005=CARTESIAN_POINT('Ctrl Pts',(13.9683768198732,52.18,-7.24482305511449));
#11006=CARTESIAN_POINT('Ctrl Pts',(13.9746638039954,52.58,-7.17182877459514));
#11007=CARTESIAN_POINT('Ctrl Pts',(13.9746638039954,52.18,-7.17182877459514));
#11008=CARTESIAN_POINT('',(13.8283780614741,52.58,-7.57411438026416));
#11009=CARTESIAN_POINT('Ctrl Pts',(13.8283780614741,52.58,-7.57411438026416));
#11010=CARTESIAN_POINT('Ctrl Pts',(13.8710439394333,52.58,-7.51308258698758));
#11011=CARTESIAN_POINT('Ctrl Pts',(13.9557019850589,52.58,-7.39198271545172));
#11012=CARTESIAN_POINT('Ctrl Pts',(13.9683768198732,52.58,-7.24482305511449));
#11013=CARTESIAN_POINT('Ctrl Pts',(13.9746638039954,52.58,-7.17182877459514));
#11014=CARTESIAN_POINT('',(13.8283780614741,52.18,-7.57411438026416));
#11015=CARTESIAN_POINT('',(13.8283780614741,52.58,-7.57411438026416));
#11016=CARTESIAN_POINT('Ctrl Pts',(13.8283780614741,52.18,-7.57411438026416));
#11017=CARTESIAN_POINT('Ctrl Pts',(13.8710439394333,52.18,-7.51308258698758));
#11018=CARTESIAN_POINT('Ctrl Pts',(13.9557019850589,52.18,-7.39198271545172));
#11019=CARTESIAN_POINT('Ctrl Pts',(13.9683768198732,52.18,-7.24482305511449));
#11020=CARTESIAN_POINT('Ctrl Pts',(13.9746638039954,52.18,-7.17182877459514));
#11021=CARTESIAN_POINT('Ctrl Pts',(13.423806617678,52.58,-7.85297143259036));
#11022=CARTESIAN_POINT('Ctrl Pts',(13.423806617678,52.18,-7.85297143259036));
#11023=CARTESIAN_POINT('Ctrl Pts',(13.50391987391,52.58,-7.81776909001857));
#11024=CARTESIAN_POINT('Ctrl Pts',(13.50391987391,52.18,-7.81776909001857));
#11025=CARTESIAN_POINT('Ctrl Pts',(13.6567866189482,52.58,-7.7505983397612));
#11026=CARTESIAN_POINT('Ctrl Pts',(13.6567866189482,52.18,-7.7505983397612));
#11027=CARTESIAN_POINT('Ctrl Pts',(13.773046693891,52.58,-7.63102338861395));
#11028=CARTESIAN_POINT('Ctrl Pts',(13.773046693891,52.18,-7.63102338861395));
#11029=CARTESIAN_POINT('Ctrl Pts',(13.8283780614741,52.58,-7.57411438026416));
#11030=CARTESIAN_POINT('Ctrl Pts',(13.8283780614741,52.18,-7.57411438026416));
#11031=CARTESIAN_POINT('',(13.423806617678,52.58,-7.85297143259036));
#11032=CARTESIAN_POINT('Ctrl Pts',(13.423806617678,52.58,-7.85297143259036));
#11033=CARTESIAN_POINT('Ctrl Pts',(13.50391987391,52.58,-7.81776909001857));
#11034=CARTESIAN_POINT('Ctrl Pts',(13.6567866189482,52.58,-7.7505983397612));
#11035=CARTESIAN_POINT('Ctrl Pts',(13.773046693891,52.58,-7.63102338861395));
#11036=CARTESIAN_POINT('Ctrl Pts',(13.8283780614741,52.58,-7.57411438026416));
#11037=CARTESIAN_POINT('',(13.423806617678,52.18,-7.85297143259036));
#11038=CARTESIAN_POINT('',(13.423806617678,52.58,-7.85297143259036));
#11039=CARTESIAN_POINT('Ctrl Pts',(13.423806617678,52.18,-7.85297143259036));
#11040=CARTESIAN_POINT('Ctrl Pts',(13.50391987391,52.18,-7.81776909001857));
#11041=CARTESIAN_POINT('Ctrl Pts',(13.6567866189482,52.18,-7.7505983397612));
#11042=CARTESIAN_POINT('Ctrl Pts',(13.773046693891,52.18,-7.63102338861395));
#11043=CARTESIAN_POINT('Ctrl Pts',(13.8283780614741,52.18,-7.57411438026416));
#11044=CARTESIAN_POINT('Ctrl Pts',(12.8500923911937,52.58,-7.95354294576633));
#11045=CARTESIAN_POINT('Ctrl Pts',(12.8500923911937,52.18,-7.95354294576633));
#11046=CARTESIAN_POINT('Ctrl Pts',(12.9513254855455,52.58,-7.94993613138421));
#11047=CARTESIAN_POINT('Ctrl Pts',(12.9513254855455,52.18,-7.94993613138421));
#11048=CARTESIAN_POINT('Ctrl Pts',(13.1473011123276,52.58,-7.9429537535981));
#11049=CARTESIAN_POINT('Ctrl Pts',(13.1473011123276,52.18,-7.9429537535981));
#11050=CARTESIAN_POINT('Ctrl Pts',(13.3336958661557,52.58,-7.88229589236722));
#11051=CARTESIAN_POINT('Ctrl Pts',(13.3336958661557,52.18,-7.88229589236722));
#11052=CARTESIAN_POINT('Ctrl Pts',(13.423806617678,52.58,-7.85297143259036));
#11053=CARTESIAN_POINT('Ctrl Pts',(13.423806617678,52.18,-7.85297143259036));
#11054=CARTESIAN_POINT('',(13.3382310865913,52.58,-7.88039999999994));
#11055=CARTESIAN_POINT('Ctrl Pts',(12.8500923911937,52.5746211777559,-7.95354294576633));
#11056=CARTESIAN_POINT('Ctrl Pts',(13.0145249343847,52.5754875186093,-7.94768441041812));
#11057=CARTESIAN_POINT('Ctrl Pts',(13.1811026485436,52.58,-7.92922405349669));
#11058=CARTESIAN_POINT('Ctrl Pts',(13.3382310865913,52.58,-7.88039999999993));
#11059=CARTESIAN_POINT('Ctrl Pts',(12.8500923911937,52.18,-7.95354294576633));
#11060=CARTESIAN_POINT('Ctrl Pts',(12.9513254855455,52.18,-7.94993613138421));
#11061=CARTESIAN_POINT('Ctrl Pts',(13.1473011123276,52.18,-7.9429537535981));
#11062=CARTESIAN_POINT('Ctrl Pts',(13.3336958661557,52.18,-7.88229589236722));
#11063=CARTESIAN_POINT('Ctrl Pts',(13.423806617678,52.18,-7.85297143259036));
#11064=CARTESIAN_POINT('Ctrl Pts',(13.3382310865913,52.58,-7.88039999999994));
#11065=CARTESIAN_POINT('Ctrl Pts',(13.3668034998997,52.58,-7.8715217787611));
#11066=CARTESIAN_POINT('Ctrl Pts',(13.3953050587888,52.58,-7.86224660567573));
#11067=CARTESIAN_POINT('Ctrl Pts',(13.423806617678,52.58,-7.85297143259036));
#11068=CARTESIAN_POINT('Ctrl Pts',(11.6615209008463,52.58,-7.46897148885715));
#11069=CARTESIAN_POINT('Ctrl Pts',(11.6615209008463,52.18,-7.46897148885715));
#11070=CARTESIAN_POINT('Ctrl Pts',(11.7402135360712,52.58,-7.54178791155356));
#11071=CARTESIAN_POINT('Ctrl Pts',(11.7402135360712,52.18,-7.54178791155356));
#11072=CARTESIAN_POINT('Ctrl Pts',(11.894632180259,52.58,-7.68467565746844));
#11073=CARTESIAN_POINT('Ctrl Pts',(11.894632180259,52.18,-7.68467565746844));
#11074=CARTESIAN_POINT('Ctrl Pts',(12.0817563020906,52.58,-7.78072611507095));
#11075=CARTESIAN_POINT('Ctrl Pts',(12.0817563020906,52.18,-7.78072611507095));
#11076=CARTESIAN_POINT('Ctrl Pts',(12.1735208879121,52.58,-7.82782870330798));
#11077=CARTESIAN_POINT('Ctrl Pts',(12.1735208879121,52.18,-7.82782870330798));
#11078=CARTESIAN_POINT('',(11.6615209008463,52.58,-7.46897148885715));
#11079=CARTESIAN_POINT('Ctrl Pts',(11.6615209008463,52.58,-7.46897148885715));
#11080=CARTESIAN_POINT('Ctrl Pts',(11.7402135360712,52.58,-7.54178791155356));
#11081=CARTESIAN_POINT('Ctrl Pts',(11.894632180259,52.58,-7.68467565746844));
#11082=CARTESIAN_POINT('Ctrl Pts',(12.0817563020906,52.58,-7.78072611507095));
#11083=CARTESIAN_POINT('Ctrl Pts',(12.1735208879121,52.58,-7.82782870330798));
#11084=CARTESIAN_POINT('',(11.6615209008463,52.18,-7.46897148885715));
#11085=CARTESIAN_POINT('',(11.6615209008463,52.58,-7.46897148885715));
#11086=CARTESIAN_POINT('Ctrl Pts',(11.6615209008463,52.18,-7.46897148885715));
#11087=CARTESIAN_POINT('Ctrl Pts',(11.7402135360712,52.18,-7.54178791155356));
#11088=CARTESIAN_POINT('Ctrl Pts',(11.894632180259,52.18,-7.68467565746844));
#11089=CARTESIAN_POINT('Ctrl Pts',(12.0817563020906,52.18,-7.78072611507095));
#11090=CARTESIAN_POINT('Ctrl Pts',(12.1735208879121,52.18,-7.82782870330798));
#11091=CARTESIAN_POINT('Origin',(12.0500923345692,52.58,-7.08040016689288));
#11092=CARTESIAN_POINT('',(12.0500923345692,52.58,-7.08040016689288));
#11093=CARTESIAN_POINT('',(24.2925724182925,52.58,5.16207639571782));
#11094=CARTESIAN_POINT('',(12.0500923345692,52.18,-7.08040016689288));
#11095=CARTESIAN_POINT('',(12.0500923345692,52.58,-7.08040016689288));
#11096=CARTESIAN_POINT('',(12.0500923345692,52.18,-7.08040016689288));
#11097=CARTESIAN_POINT('Ctrl Pts',(12.397520879925,52.58,-7.3181142190932));
#11098=CARTESIAN_POINT('Ctrl Pts',(12.397520879925,52.18,-7.3181142190932));
#11099=CARTESIAN_POINT('Ctrl Pts',(12.3390878065209,52.58,-7.28725749488618));
#11100=CARTESIAN_POINT('Ctrl Pts',(12.3390878065209,52.18,-7.28725749488618));
#11101=CARTESIAN_POINT('Ctrl Pts',(12.2142581553487,52.58,-7.22133876265652));
#11102=CARTESIAN_POINT('Ctrl Pts',(12.2142581553487,52.18,-7.22133876265652));
#11103=CARTESIAN_POINT('Ctrl Pts',(12.107093137998,52.58,-7.12933613392004));
#11104=CARTESIAN_POINT('Ctrl Pts',(12.107093137998,52.18,-7.12933613392004));
#11105=CARTESIAN_POINT('Ctrl Pts',(12.0500923345692,52.58,-7.08040016689288));
#11106=CARTESIAN_POINT('Ctrl Pts',(12.0500923345692,52.18,-7.08040016689288));
#11107=CARTESIAN_POINT('',(12.397520879925,52.58,-7.3181142190932));
#11108=CARTESIAN_POINT('Ctrl Pts',(12.397520879925,52.58,-7.3181142190932));
#11109=CARTESIAN_POINT('Ctrl Pts',(12.3390878065209,52.58,-7.28725749488618));
#11110=CARTESIAN_POINT('Ctrl Pts',(12.2142581553487,52.58,-7.22133876265652));
#11111=CARTESIAN_POINT('Ctrl Pts',(12.107093137998,52.58,-7.12933613392004));
#11112=CARTESIAN_POINT('Ctrl Pts',(12.0500923345692,52.58,-7.08040016689288));
#11113=CARTESIAN_POINT('',(12.397520879925,52.18,-7.3181142190932));
#11114=CARTESIAN_POINT('',(12.397520879925,52.58,-7.3181142190932));
#11115=CARTESIAN_POINT('Ctrl Pts',(12.397520879925,52.18,-7.3181142190932));
#11116=CARTESIAN_POINT('Ctrl Pts',(12.3390878065209,52.18,-7.28725749488618));
#11117=CARTESIAN_POINT('Ctrl Pts',(12.2142581553487,52.18,-7.22133876265652));
#11118=CARTESIAN_POINT('Ctrl Pts',(12.107093137998,52.18,-7.12933613392004));
#11119=CARTESIAN_POINT('Ctrl Pts',(12.0500923345692,52.18,-7.08040016689288));
#11120=CARTESIAN_POINT('Ctrl Pts',(12.7586637834914,52.58,-7.3958285430907));
#11121=CARTESIAN_POINT('Ctrl Pts',(12.7586637834914,52.18,-7.3958285430907));
#11122=CARTESIAN_POINT('Ctrl Pts',(12.6958460120902,52.58,-7.3926955237061));
#11123=CARTESIAN_POINT('Ctrl Pts',(12.6958460120902,52.18,-7.3926955237061));
#11124=CARTESIAN_POINT('Ctrl Pts',(12.5712101843885,52.58,-7.38647934545757));
#11125=CARTESIAN_POINT('Ctrl Pts',(12.5712101843885,52.18,-7.38647934545757));
#11126=CARTESIAN_POINT('Ctrl Pts',(12.4551068897825,52.58,-7.34078040946622));
#11127=CARTESIAN_POINT('Ctrl Pts',(12.4551068897825,52.18,-7.34078040946622));
#11128=CARTESIAN_POINT('Ctrl Pts',(12.397520879925,52.58,-7.3181142190932));
#11129=CARTESIAN_POINT('Ctrl Pts',(12.397520879925,52.18,-7.3181142190932));
#11130=CARTESIAN_POINT('',(12.7586637834914,52.58,-7.3958285430907));
#11131=CARTESIAN_POINT('Ctrl Pts',(12.7586637834914,52.58,-7.3958285430907));
#11132=CARTESIAN_POINT('Ctrl Pts',(12.6958460120902,52.58,-7.3926955237061));
#11133=CARTESIAN_POINT('Ctrl Pts',(12.5712101843885,52.58,-7.38647934545757));
#11134=CARTESIAN_POINT('Ctrl Pts',(12.4551068897825,52.58,-7.34078040946622));
#11135=CARTESIAN_POINT('Ctrl Pts',(12.397520879925,52.58,-7.3181142190932));
#11136=CARTESIAN_POINT('',(12.7586637834914,52.18,-7.3958285430907));
#11137=CARTESIAN_POINT('',(12.7586637834914,52.58,-7.3958285430907));
#11138=CARTESIAN_POINT('Ctrl Pts',(12.7586637834914,52.18,-7.3958285430907));
#11139=CARTESIAN_POINT('Ctrl Pts',(12.6958460120902,52.18,-7.3926955237061));
#11140=CARTESIAN_POINT('Ctrl Pts',(12.5712101843885,52.18,-7.38647934545757));
#11141=CARTESIAN_POINT('Ctrl Pts',(12.4551068897825,52.18,-7.34078040946622));
#11142=CARTESIAN_POINT('Ctrl Pts',(12.397520879925,52.18,-7.3181142190932));
#11143=CARTESIAN_POINT('Ctrl Pts',(13.080949525059,52.58,-7.31354284086215));
#11144=CARTESIAN_POINT('Ctrl Pts',(13.080949525059,52.18,-7.31354284086215));
#11145=CARTESIAN_POINT('Ctrl Pts',(13.0348117052775,52.58,-7.33749821228742));
#11146=CARTESIAN_POINT('Ctrl Pts',(13.0348117052775,52.18,-7.33749821228742));
#11147=CARTESIAN_POINT('Ctrl Pts',(12.9340713403976,52.58,-7.38980395342646));
#11148=CARTESIAN_POINT('Ctrl Pts',(12.9340713403976,52.18,-7.38980395342646));
#11149=CARTESIAN_POINT('Ctrl Pts',(12.8203189889842,52.58,-7.39371091874024));
#11150=CARTESIAN_POINT('Ctrl Pts',(12.8203189889842,52.18,-7.39371091874024));
#11151=CARTESIAN_POINT('Ctrl Pts',(12.7586637834914,52.58,-7.3958285430907));
#11152=CARTESIAN_POINT('Ctrl Pts',(12.7586637834914,52.18,-7.3958285430907));
#11153=CARTESIAN_POINT('',(13.080949525059,52.58,-7.31354284086215));
#11154=CARTESIAN_POINT('Ctrl Pts',(13.080949525059,52.58,-7.31354284086215));
#11155=CARTESIAN_POINT('Ctrl Pts',(13.0348117052775,52.58,-7.33749821228742));
#11156=CARTESIAN_POINT('Ctrl Pts',(12.9340713403976,52.58,-7.38980395342646));
#11157=CARTESIAN_POINT('Ctrl Pts',(12.8203189889842,52.58,-7.39371091874024));
#11158=CARTESIAN_POINT('Ctrl Pts',(12.7586637834914,52.58,-7.3958285430907));
#11159=CARTESIAN_POINT('',(13.080949525059,52.18,-7.31354284086215));
#11160=CARTESIAN_POINT('',(13.080949525059,52.58,-7.31354284086215));
#11161=CARTESIAN_POINT('Ctrl Pts',(13.080949525059,52.18,-7.31354284086215));
#11162=CARTESIAN_POINT('Ctrl Pts',(13.0348117052775,52.18,-7.33749821228742));
#11163=CARTESIAN_POINT('Ctrl Pts',(12.9340713403976,52.18,-7.38980395342646));
#11164=CARTESIAN_POINT('Ctrl Pts',(12.8203189889842,52.18,-7.39371091874024));
#11165=CARTESIAN_POINT('Ctrl Pts',(12.7586637834914,52.18,-7.3958285430907));
#11166=CARTESIAN_POINT('Ctrl Pts',(13.2020923892863,52.58,-7.06668588318812));
#11167=CARTESIAN_POINT('Ctrl Pts',(13.2020923892863,52.18,-7.06668588318812));
#11168=CARTESIAN_POINT('Ctrl Pts',(13.1977865262649,52.58,-7.11759333026215));
#11169=CARTESIAN_POINT('Ctrl Pts',(13.1977865262649,52.18,-7.11759333026215));
#11170=CARTESIAN_POINT('Ctrl Pts',(13.1894648145979,52.58,-7.21597943640363));
#11171=CARTESIAN_POINT('Ctrl Pts',(13.1894648145979,52.18,-7.21597943640363));
#11172=CARTESIAN_POINT('Ctrl Pts',(13.1162710122478,52.58,-7.28178616808987));
#11173=CARTESIAN_POINT('Ctrl Pts',(13.1162710122478,52.18,-7.28178616808987));
#11174=CARTESIAN_POINT('Ctrl Pts',(13.080949525059,52.58,-7.31354284086215));
#11175=CARTESIAN_POINT('Ctrl Pts',(13.080949525059,52.18,-7.31354284086215));
#11176=CARTESIAN_POINT('',(13.2020923892863,52.58,-7.06668588318812));
#11177=CARTESIAN_POINT('Ctrl Pts',(13.2020923892863,52.58,-7.06668588318812));
#11178=CARTESIAN_POINT('Ctrl Pts',(13.1977865262649,52.58,-7.11759333026215));
#11179=CARTESIAN_POINT('Ctrl Pts',(13.1894648145979,52.58,-7.21597943640363));
#11180=CARTESIAN_POINT('Ctrl Pts',(13.1162710122478,52.58,-7.28178616808987));
#11181=CARTESIAN_POINT('Ctrl Pts',(13.080949525059,52.58,-7.31354284086215));
#11182=CARTESIAN_POINT('',(13.2020923892863,52.18,-7.06668588318812));
#11183=CARTESIAN_POINT('',(13.2020923892863,52.58,-7.06668588318812));
#11184=CARTESIAN_POINT('Ctrl Pts',(13.2020923892863,52.18,-7.06668588318812));
#11185=CARTESIAN_POINT('Ctrl Pts',(13.1977865262649,52.18,-7.11759333026215));
#11186=CARTESIAN_POINT('Ctrl Pts',(13.1894648145979,52.18,-7.21597943640363));
#11187=CARTESIAN_POINT('Ctrl Pts',(13.1162710122478,52.18,-7.28178616808987));
#11188=CARTESIAN_POINT('Ctrl Pts',(13.080949525059,52.18,-7.31354284086215));
#11189=CARTESIAN_POINT('Origin',(13.2020923892863,52.58,-6.97068589725482));
#11190=CARTESIAN_POINT('',(13.2020923892863,52.58,-6.97068589725482));
#11191=CARTESIAN_POINT('',(13.2020923892863,52.58,-4.27554294862741));
#11192=CARTESIAN_POINT('',(13.2020923892863,52.18,-6.97068589725482));
#11193=CARTESIAN_POINT('',(13.2020923892863,52.58,-6.97068589725482));
#11194=CARTESIAN_POINT('',(13.2020923892863,52.18,-6.97068589725482));
#11195=CARTESIAN_POINT('Ctrl Pts',(13.0512351195224,52.58,-6.71011435785281));
#11196=CARTESIAN_POINT('Ctrl Pts',(13.0512351195224,52.18,-6.71011435785281));
#11197=CARTESIAN_POINT('Ctrl Pts',(13.0952283829862,52.58,-6.74108579507856));
#11198=CARTESIAN_POINT('Ctrl Pts',(13.0952283829862,52.18,-6.74108579507856));
#11199=CARTESIAN_POINT('Ctrl Pts',(13.1853248538516,52.58,-6.80451407868309));
#11200=CARTESIAN_POINT('Ctrl Pts',(13.1853248538516,52.18,-6.80451407868309));
#11201=CARTESIAN_POINT('Ctrl Pts',(13.1964166257779,52.58,-6.91443720479538));
#11202=CARTESIAN_POINT('Ctrl Pts',(13.1964166257779,52.18,-6.91443720479538));
#11203=CARTESIAN_POINT('Ctrl Pts',(13.2020923892863,52.58,-6.97068589725482));
#11204=CARTESIAN_POINT('Ctrl Pts',(13.2020923892863,52.18,-6.97068589725482));
#11205=CARTESIAN_POINT('',(13.0512351195224,52.58,-6.71011435785281));
#11206=CARTESIAN_POINT('Ctrl Pts',(13.0512351195224,52.58,-6.71011435785281));
#11207=CARTESIAN_POINT('Ctrl Pts',(13.0952283829862,52.58,-6.74108579507856));
#11208=CARTESIAN_POINT('Ctrl Pts',(13.1853248538516,52.58,-6.80451407868309));
#11209=CARTESIAN_POINT('Ctrl Pts',(13.1964166257779,52.58,-6.91443720479538));
#11210=CARTESIAN_POINT('Ctrl Pts',(13.2020923892863,52.58,-6.97068589725482));
#11211=CARTESIAN_POINT('',(13.0512351195224,52.18,-6.71011435785281));
#11212=CARTESIAN_POINT('',(13.0512351195224,52.58,-6.71011435785281));
#11213=CARTESIAN_POINT('Ctrl Pts',(13.0512351195224,52.18,-6.71011435785281));
#11214=CARTESIAN_POINT('Ctrl Pts',(13.0952283829862,52.18,-6.74108579507856));
#11215=CARTESIAN_POINT('Ctrl Pts',(13.1853248538516,52.18,-6.80451407868309));
#11216=CARTESIAN_POINT('Ctrl Pts',(13.1964166257779,52.18,-6.91443720479538));
#11217=CARTESIAN_POINT('Ctrl Pts',(13.2020923892863,52.18,-6.97068589725482));
#11218=CARTESIAN_POINT('Ctrl Pts',(12.6900923649676,52.58,-6.63240003385532));
#11219=CARTESIAN_POINT('Ctrl Pts',(12.6900923649676,52.18,-6.63240003385532));
#11220=CARTESIAN_POINT('Ctrl Pts',(12.756129247948,52.58,-6.63485281341179));
#11221=CARTESIAN_POINT('Ctrl Pts',(12.756129247948,52.18,-6.63485281341179));
#11222=CARTESIAN_POINT('Ctrl Pts',(12.8812337588479,52.58,-6.63949951647997));
#11223=CARTESIAN_POINT('Ctrl Pts',(12.8812337588479,52.18,-6.63949951647997));
#11224=CARTESIAN_POINT('Ctrl Pts',(12.9967123389188,52.58,-6.68746678910248));
#11225=CARTESIAN_POINT('Ctrl Pts',(12.9967123389188,52.18,-6.68746678910248));
#11226=CARTESIAN_POINT('Ctrl Pts',(13.0512351195224,52.58,-6.71011435785281));
#11227=CARTESIAN_POINT('Ctrl Pts',(13.0512351195224,52.18,-6.71011435785281));
#11228=CARTESIAN_POINT('',(12.6900923649676,52.58,-6.63240003385532));
#11229=CARTESIAN_POINT('Ctrl Pts',(12.6900923649676,52.58,-6.63240003385532));
#11230=CARTESIAN_POINT('Ctrl Pts',(12.756129247948,52.58,-6.63485281341179));
#11231=CARTESIAN_POINT('Ctrl Pts',(12.8812337588479,52.58,-6.63949951647997));
#11232=CARTESIAN_POINT('Ctrl Pts',(12.9967123389188,52.58,-6.68746678910248));
#11233=CARTESIAN_POINT('Ctrl Pts',(13.0512351195224,52.58,-6.71011435785281));
#11234=CARTESIAN_POINT('',(12.6900923649676,52.18,-6.63240003385532));
#11235=CARTESIAN_POINT('',(12.6900923649676,52.58,-6.63240003385532));
#11236=CARTESIAN_POINT('Ctrl Pts',(12.6900923649676,52.18,-6.63240003385532));
#11237=CARTESIAN_POINT('Ctrl Pts',(12.756129247948,52.18,-6.63485281341179));
#11238=CARTESIAN_POINT('Ctrl Pts',(12.8812337588479,52.18,-6.63949951647997));
#11239=CARTESIAN_POINT('Ctrl Pts',(12.9967123389188,52.18,-6.68746678910248));
#11240=CARTESIAN_POINT('Ctrl Pts',(13.0512351195224,52.18,-6.71011435785281));
#11241=CARTESIAN_POINT('Origin',(12.4432351837762,52.58,-6.63240003385532));
#11242=CARTESIAN_POINT('',(12.4432351837762,52.58,-6.63240003385532));
#11243=CARTESIAN_POINT('',(33.9816175918881,52.58,-6.63240003385532));
#11244=CARTESIAN_POINT('',(12.4432351837762,52.18,-6.63240003385532));
#11245=CARTESIAN_POINT('',(12.4432351837762,52.58,-6.63240003385532));
#11246=CARTESIAN_POINT('',(12.4432351837762,52.18,-6.63240003385532));
#11247=CARTESIAN_POINT('Origin',(12.4432351837762,52.58,-6.09754311838138));
#11248=CARTESIAN_POINT('',(12.4432351837762,52.58,-6.09754311838138));
#11249=CARTESIAN_POINT('',(12.4432351837762,52.58,-3.83897155919068));
#11250=CARTESIAN_POINT('',(12.4432351837762,52.18,-6.09754311838138));
#11251=CARTESIAN_POINT('',(12.4432351837762,52.58,-6.09754311838138));
#11252=CARTESIAN_POINT('',(12.4432351837762,52.18,-6.09754311838138));
#11253=CARTESIAN_POINT('Origin',(12.6900923649676,52.58,-6.09754311838138));
#11254=CARTESIAN_POINT('',(12.6900923649676,52.58,-6.09754311838138));
#11255=CARTESIAN_POINT('',(34.1050461824838,52.58,-6.09754311838138));
#11256=CARTESIAN_POINT('',(12.6900923649676,52.18,-6.09754311838138));
#11257=CARTESIAN_POINT('',(12.6900923649676,52.58,-6.09754311838138));
#11258=CARTESIAN_POINT('',(12.6900923649676,52.18,-6.09754311838138));
#11259=CARTESIAN_POINT('Ctrl Pts',(13.1106637815841,52.58,-6.00840019979465));
#11260=CARTESIAN_POINT('Ctrl Pts',(13.1106637815841,52.18,-6.00840019979465));
#11261=CARTESIAN_POINT('Ctrl Pts',(13.0451770864266,52.58,-6.03439374319451));
#11262=CARTESIAN_POINT('Ctrl Pts',(13.0451770864266,52.18,-6.03439374319451));
#11263=CARTESIAN_POINT('Ctrl Pts',(12.9101345380186,52.58,-6.08799599529212));
#11264=CARTESIAN_POINT('Ctrl Pts',(12.9101345380186,52.18,-6.08799599529212));
#11265=CARTESIAN_POINT('Ctrl Pts',(12.764898526568,52.58,-6.0942974513225));
#11266=CARTESIAN_POINT('Ctrl Pts',(12.764898526568,52.18,-6.0942974513225));
#11267=CARTESIAN_POINT('Ctrl Pts',(12.6900923649676,52.58,-6.09754311838138));
#11268=CARTESIAN_POINT('Ctrl Pts',(12.6900923649676,52.18,-6.09754311838138));
#11269=CARTESIAN_POINT('',(13.1106637815841,52.58,-6.00840019979465));
#11270=CARTESIAN_POINT('Ctrl Pts',(13.1106637815841,52.58,-6.00840019979465));
#11271=CARTESIAN_POINT('Ctrl Pts',(13.0451770864266,52.58,-6.03439374319451));
#11272=CARTESIAN_POINT('Ctrl Pts',(12.9101345380186,52.58,-6.08799599529212));
#11273=CARTESIAN_POINT('Ctrl Pts',(12.764898526568,52.58,-6.0942974513225));
#11274=CARTESIAN_POINT('Ctrl Pts',(12.6900923649676,52.58,-6.09754311838138));
#11275=CARTESIAN_POINT('',(13.1106637815841,52.18,-6.00840019979465));
#11276=CARTESIAN_POINT('',(13.1106637815841,52.58,-6.00840019979465));
#11277=CARTESIAN_POINT('Ctrl Pts',(13.1106637815841,52.18,-6.00840019979465));
#11278=CARTESIAN_POINT('Ctrl Pts',(13.0451770864266,52.18,-6.03439374319451));
#11279=CARTESIAN_POINT('Ctrl Pts',(12.9101345380186,52.18,-6.08799599529212));
#11280=CARTESIAN_POINT('Ctrl Pts',(12.764898526568,52.18,-6.0942974513225));
#11281=CARTESIAN_POINT('Ctrl Pts',(12.6900923649676,52.18,-6.09754311838138));
#11282=CARTESIAN_POINT('Ctrl Pts',(13.2980923752196,52.58,-5.69068568744647));
#11283=CARTESIAN_POINT('Ctrl Pts',(13.2980923752196,52.18,-5.69068568744647));
#11284=CARTESIAN_POINT('Ctrl Pts',(13.2912857570592,52.58,-5.76057116164286));
#11285=CARTESIAN_POINT('Ctrl Pts',(13.2912857570592,52.18,-5.76057116164286));
#11286=CARTESIAN_POINT('Ctrl Pts',(13.2780773477898,52.58,-5.89618563617738));
#11287=CARTESIAN_POINT('Ctrl Pts',(13.2780773477898,52.18,-5.89618563617738));
#11288=CARTESIAN_POINT('Ctrl Pts',(13.1653162919607,52.58,-5.97176751977058));
#11289=CARTESIAN_POINT('Ctrl Pts',(13.1653162919607,52.18,-5.97176751977058));
#11290=CARTESIAN_POINT('Ctrl Pts',(13.1106637815841,52.58,-6.00840019979465));
#11291=CARTESIAN_POINT('Ctrl Pts',(13.1106637815841,52.18,-6.00840019979465));
#11292=CARTESIAN_POINT('',(13.2980923752196,52.58,-5.69068568744647));
#11293=CARTESIAN_POINT('Ctrl Pts',(13.2980923752196,52.58,-5.69068568744647));
#11294=CARTESIAN_POINT('Ctrl Pts',(13.2912857570592,52.58,-5.76057116164286));
#11295=CARTESIAN_POINT('Ctrl Pts',(13.2780773477898,52.58,-5.89618563617738));
#11296=CARTESIAN_POINT('Ctrl Pts',(13.1653162919607,52.58,-5.97176751977058));
#11297=CARTESIAN_POINT('Ctrl Pts',(13.1106637815841,52.58,-6.00840019979465));
#11298=CARTESIAN_POINT('',(13.2980923752196,52.18,-5.69068568744647));
#11299=CARTESIAN_POINT('',(13.2980923752196,52.58,-5.69068568744647));
#11300=CARTESIAN_POINT('Ctrl Pts',(13.2980923752196,52.18,-5.69068568744647));
#11301=CARTESIAN_POINT('Ctrl Pts',(13.2912857570592,52.18,-5.76057116164286));
#11302=CARTESIAN_POINT('Ctrl Pts',(13.2780773477898,52.18,-5.89618563617738));
#11303=CARTESIAN_POINT('Ctrl Pts',(13.1653162919607,52.18,-5.97176751977058));
#11304=CARTESIAN_POINT('Ctrl Pts',(13.1106637815841,52.18,-6.00840019979465));
#11305=CARTESIAN_POINT('Origin',(13.2980923752196,52.58,-5.59468585052478));
#11306=CARTESIAN_POINT('',(13.2980923752196,52.58,-5.59468585052478));
#11307=CARTESIAN_POINT('',(13.2980923752196,52.58,-3.58754292526238));
#11308=CARTESIAN_POINT('',(13.2980923752196,52.18,-5.59468585052478));
#11309=CARTESIAN_POINT('',(13.2980923752196,52.58,-5.59468585052478));
#11310=CARTESIAN_POINT('',(13.2980923752196,52.18,-5.59468585052478));
#11311=CARTESIAN_POINT('Ctrl Pts',(13.1495209435828,52.58,-5.28382855453479));
#11312=CARTESIAN_POINT('Ctrl Pts',(13.1495209435828,52.18,-5.28382855453479));
#11313=CARTESIAN_POINT('Ctrl Pts',(13.1928276949049,52.58,-5.3234540212775));
#11314=CARTESIAN_POINT('Ctrl Pts',(13.1928276949049,52.18,-5.3234540212775));
#11315=CARTESIAN_POINT('Ctrl Pts',(13.2837499671342,52.58,-5.40664745796826));
#11316=CARTESIAN_POINT('Ctrl Pts',(13.2837499671342,52.18,-5.40664745796826));
#11317=CARTESIAN_POINT('Ctrl Pts',(13.2931628811329,52.58,-5.53005694450983));
#11318=CARTESIAN_POINT('Ctrl Pts',(13.2931628811329,52.18,-5.53005694450983));
#11319=CARTESIAN_POINT('Ctrl Pts',(13.2980923752196,52.58,-5.59468585052478));
#11320=CARTESIAN_POINT('Ctrl Pts',(13.2980923752196,52.18,-5.59468585052478));
#11321=CARTESIAN_POINT('',(13.1495209435828,52.58,-5.28382855453479));
#11322=CARTESIAN_POINT('Ctrl Pts',(13.1495209435828,52.58,-5.28382855453479));
#11323=CARTESIAN_POINT('Ctrl Pts',(13.1928276949049,52.58,-5.3234540212775));
#11324=CARTESIAN_POINT('Ctrl Pts',(13.2837499671342,52.58,-5.40664745796826));
#11325=CARTESIAN_POINT('Ctrl Pts',(13.2931628811329,52.58,-5.53005694450983));
#11326=CARTESIAN_POINT('Ctrl Pts',(13.2980923752196,52.58,-5.59468585052478));
#11327=CARTESIAN_POINT('',(13.1495209435828,52.18,-5.28382855453479));
#11328=CARTESIAN_POINT('',(13.1495209435828,52.58,-5.28382855453479));
#11329=CARTESIAN_POINT('Ctrl Pts',(13.1495209435828,52.18,-5.28382855453479));
#11330=CARTESIAN_POINT('Ctrl Pts',(13.1928276949049,52.18,-5.3234540212775));
#11331=CARTESIAN_POINT('Ctrl Pts',(13.2837499671342,52.18,-5.40664745796826));
#11332=CARTESIAN_POINT('Ctrl Pts',(13.2931628811329,52.18,-5.53005694450983));
#11333=CARTESIAN_POINT('Ctrl Pts',(13.2980923752196,52.18,-5.59468585052478));
#11334=CARTESIAN_POINT('Ctrl Pts',(12.7540923307545,52.58,-5.18325733938205));
#11335=CARTESIAN_POINT('Ctrl Pts',(12.7540923307545,52.18,-5.18325733938205));
#11336=CARTESIAN_POINT('Ctrl Pts',(12.8297418688715,52.58,-5.18583622766998));
#11337=CARTESIAN_POINT('Ctrl Pts',(12.8297418688715,52.18,-5.18583622766998));
#11338=CARTESIAN_POINT('Ctrl Pts',(12.9692578741925,52.58,-5.19059232005413));
#11339=CARTESIAN_POINT('Ctrl Pts',(12.9692578741925,52.18,-5.19059232005413));
#11340=CARTESIAN_POINT('Ctrl Pts',(13.0929144658151,52.58,-5.25455037319614));
#11341=CARTESIAN_POINT('Ctrl Pts',(13.0929144658151,52.18,-5.25455037319614));
#11342=CARTESIAN_POINT('Ctrl Pts',(13.1495209435828,52.58,-5.28382855453479));
#11343=CARTESIAN_POINT('Ctrl Pts',(13.1495209435828,52.18,-5.28382855453479));
#11344=CARTESIAN_POINT('',(12.7540923307545,52.58,-5.18325733938205));
#11345=CARTESIAN_POINT('Ctrl Pts',(12.7540923307545,52.58,-5.18325733938205));
#11346=CARTESIAN_POINT('Ctrl Pts',(12.8297418688715,52.58,-5.18583622766998));
#11347=CARTESIAN_POINT('Ctrl Pts',(12.9692578741925,52.58,-5.19059232005413));
#11348=CARTESIAN_POINT('Ctrl Pts',(13.0929144658151,52.58,-5.25455037319614));
#11349=CARTESIAN_POINT('Ctrl Pts',(13.1495209435828,52.58,-5.28382855453479));
#11350=CARTESIAN_POINT('',(12.7540923307545,52.18,-5.18325733938205));
#11351=CARTESIAN_POINT('',(12.7540923307545,52.58,-5.18325733938205));
#11352=CARTESIAN_POINT('Ctrl Pts',(12.7540923307545,52.18,-5.18325733938205));
#11353=CARTESIAN_POINT('Ctrl Pts',(12.8297418688715,52.18,-5.18583622766998));
#11354=CARTESIAN_POINT('Ctrl Pts',(12.9692578741925,52.18,-5.19059232005413));
#11355=CARTESIAN_POINT('Ctrl Pts',(13.0929144658151,52.18,-5.25455037319614));
#11356=CARTESIAN_POINT('Ctrl Pts',(13.1495209435828,52.18,-5.28382855453479));
#11357=CARTESIAN_POINT('Ctrl Pts',(12.0226637671597,52.58,-5.52154290475833));
#11358=CARTESIAN_POINT('Ctrl Pts',(12.0226637671597,52.18,-5.52154290475833));
#11359=CARTESIAN_POINT('Ctrl Pts',(12.1297916706706,52.58,-5.42290246524491));
#11360=CARTESIAN_POINT('Ctrl Pts',(12.1297916706706,52.18,-5.42290246524491));
#11361=CARTESIAN_POINT('Ctrl Pts',(12.3377952064545,52.58,-5.23137850633558));
#11362=CARTESIAN_POINT('Ctrl Pts',(12.3377952064545,52.18,-5.23137850633558));
#11363=CARTESIAN_POINT('Ctrl Pts',(12.6181354907664,52.58,-5.19897304197439));
#11364=CARTESIAN_POINT('Ctrl Pts',(12.6181354907664,52.18,-5.19897304197439));
#11365=CARTESIAN_POINT('Ctrl Pts',(12.7540923307545,52.58,-5.18325733938205));
#11366=CARTESIAN_POINT('Ctrl Pts',(12.7540923307545,52.18,-5.18325733938205));
#11367=CARTESIAN_POINT('',(12.0226637671597,52.58,-5.52154290475833));
#11368=CARTESIAN_POINT('Ctrl Pts',(12.0226637671597,52.58,-5.52154290475833));
#11369=CARTESIAN_POINT('Ctrl Pts',(12.1297916706706,52.58,-5.42290246524491));
#11370=CARTESIAN_POINT('Ctrl Pts',(12.3377952064545,52.58,-5.23137850633558));
#11371=CARTESIAN_POINT('Ctrl Pts',(12.6181354907664,52.58,-5.19897304197439));
#11372=CARTESIAN_POINT('Ctrl Pts',(12.7540923307545,52.58,-5.18325733938205));
#11373=CARTESIAN_POINT('',(12.0226637671597,52.18,-5.52154290475833));
#11374=CARTESIAN_POINT('',(12.0226637671597,52.58,-5.52154290475833));
#11375=CARTESIAN_POINT('Ctrl Pts',(12.0226637671597,52.18,-5.52154290475833));
#11376=CARTESIAN_POINT('Ctrl Pts',(12.1297916706706,52.18,-5.42290246524491));
#11377=CARTESIAN_POINT('Ctrl Pts',(12.3377952064545,52.18,-5.23137850633558));
#11378=CARTESIAN_POINT('Ctrl Pts',(12.6181354907664,52.18,-5.19897304197439));
#11379=CARTESIAN_POINT('Ctrl Pts',(12.7540923307545,52.18,-5.18325733938205));
#11380=CARTESIAN_POINT('Origin',(11.5975209071197,52.58,-5.11468577184665));
#11381=CARTESIAN_POINT('',(11.5975209071197,52.58,-5.11468577184665));
#11382=CARTESIAN_POINT('',(22.1778543330143,52.58,-15.2399507768932));
#11383=CARTESIAN_POINT('',(11.5975209071197,52.18,-5.11468577184665));
#11384=CARTESIAN_POINT('',(11.5975209071197,52.58,-5.11468577184665));
#11385=CARTESIAN_POINT('',(11.5975209071197,52.18,-5.11468577184665));
#11386=CARTESIAN_POINT('Ctrl Pts',(12.0935209120519,52.58,-4.73982858457553));
#11387=CARTESIAN_POINT('Ctrl Pts',(12.0935209120519,52.18,-4.73982858457553));
#11388=CARTESIAN_POINT('Ctrl Pts',(12.0012609080607,52.58,-4.78878085218784));
#11389=CARTESIAN_POINT('Ctrl Pts',(12.0012609080607,52.18,-4.78878085218784));
#11390=CARTESIAN_POINT('Ctrl Pts',(11.81586022992,52.58,-4.88715266249795));
#11391=CARTESIAN_POINT('Ctrl Pts',(11.81586022992,52.18,-4.88715266249795));
#11392=CARTESIAN_POINT('Ctrl Pts',(11.6705307907572,52.58,-5.03860160329573));
#11393=CARTESIAN_POINT('Ctrl Pts',(11.6705307907572,52.18,-5.03860160329573));
#11394=CARTESIAN_POINT('Ctrl Pts',(11.5975209071197,52.58,-5.11468577184665));
#11395=CARTESIAN_POINT('Ctrl Pts',(11.5975209071197,52.18,-5.11468577184665));
#11396=CARTESIAN_POINT('',(12.0935209120519,52.58,-4.73982858457553));
#11397=CARTESIAN_POINT('Ctrl Pts',(12.0935209120519,52.58,-4.73982858457553));
#11398=CARTESIAN_POINT('Ctrl Pts',(12.0012609080607,52.58,-4.78878085218784));
#11399=CARTESIAN_POINT('Ctrl Pts',(11.81586022992,52.58,-4.88715266249795));
#11400=CARTESIAN_POINT('Ctrl Pts',(11.6705307907572,52.58,-5.03860160329573));
#11401=CARTESIAN_POINT('Ctrl Pts',(11.5975209071197,52.58,-5.11468577184665));
#11402=CARTESIAN_POINT('',(12.0935209120519,52.18,-4.73982858457553));
#11403=CARTESIAN_POINT('',(12.0935209120519,52.58,-4.73982858457553));
#11404=CARTESIAN_POINT('Ctrl Pts',(12.0935209120519,52.18,-4.73982858457553));
#11405=CARTESIAN_POINT('Ctrl Pts',(12.0012609080607,52.18,-4.78878085218784));
#11406=CARTESIAN_POINT('Ctrl Pts',(11.81586022992,52.18,-4.88715266249795));
#11407=CARTESIAN_POINT('Ctrl Pts',(11.6705307907572,52.18,-5.03860160329573));
#11408=CARTESIAN_POINT('Ctrl Pts',(11.5975209071197,52.18,-5.11468577184665));
#11409=CARTESIAN_POINT('Ctrl Pts',(12.8043780128367,52.58,-4.607257125759));
#11410=CARTESIAN_POINT('Ctrl Pts',(12.8043780128367,52.18,-4.607257125759));
#11411=CARTESIAN_POINT('Ctrl Pts',(12.6728308159811,52.58,-4.61086466059165));
#11412=CARTESIAN_POINT('Ctrl Pts',(12.6728308159811,52.18,-4.61086466059165));
#11413=CARTESIAN_POINT('Ctrl Pts',(12.4285616970186,52.58,-4.61756346813952));
#11414=CARTESIAN_POINT('Ctrl Pts',(12.4285616970186,52.18,-4.61756346813952));
#11415=CARTESIAN_POINT('Ctrl Pts',(12.199311917766,52.58,-4.70122268878048));
#11416=CARTESIAN_POINT('Ctrl Pts',(12.199311917766,52.18,-4.70122268878048));
#11417=CARTESIAN_POINT('Ctrl Pts',(12.0935209120519,52.58,-4.73982858457553));
#11418=CARTESIAN_POINT('Ctrl Pts',(12.0935209120519,52.18,-4.73982858457553));
#11419=CARTESIAN_POINT('',(12.8043780128367,52.58,-4.607257125759));
#11420=CARTESIAN_POINT('Ctrl Pts',(12.8043780128367,52.58,-4.607257125759));
#11421=CARTESIAN_POINT('Ctrl Pts',(12.6728308159811,52.58,-4.61086466059165));
#11422=CARTESIAN_POINT('Ctrl Pts',(12.4285616970186,52.58,-4.61756346813952));
#11423=CARTESIAN_POINT('Ctrl Pts',(12.199311917766,52.58,-4.70122268878048));
#11424=CARTESIAN_POINT('Ctrl Pts',(12.0935209120519,52.58,-4.73982858457553));
#11425=CARTESIAN_POINT('',(12.8043780128367,52.18,-4.607257125759));
#11426=CARTESIAN_POINT('',(12.8043780128367,52.58,-4.607257125759));
#11427=CARTESIAN_POINT('Ctrl Pts',(12.8043780128367,52.18,-4.607257125759));
#11428=CARTESIAN_POINT('Ctrl Pts',(12.6728308159811,52.18,-4.61086466059165));
#11429=CARTESIAN_POINT('Ctrl Pts',(12.4285616970186,52.18,-4.61756346813952));
#11430=CARTESIAN_POINT('Ctrl Pts',(12.199311917766,52.18,-4.70122268878048));
#11431=CARTESIAN_POINT('Ctrl Pts',(12.0935209120519,52.18,-4.73982858457553));
#11432=CARTESIAN_POINT('Ctrl Pts',(13.4626637796767,52.58,-4.72382861175525));
#11433=CARTESIAN_POINT('Ctrl Pts',(13.4626637796767,52.18,-4.72382861175525));
#11434=CARTESIAN_POINT('Ctrl Pts',(13.3599207076952,52.58,-4.68984243865037));
#11435=CARTESIAN_POINT('Ctrl Pts',(13.3599207076952,52.18,-4.68984243865037));
#11436=CARTESIAN_POINT('Ctrl Pts',(13.1462477067714,52.58,-4.61916197857477));
#11437=CARTESIAN_POINT('Ctrl Pts',(13.1462477067714,52.18,-4.61916197857477));
#11438=CARTESIAN_POINT('Ctrl Pts',(12.9212086923113,52.58,-4.6113254946966));
#11439=CARTESIAN_POINT('Ctrl Pts',(12.9212086923113,52.18,-4.6113254946966));
#11440=CARTESIAN_POINT('Ctrl Pts',(12.8043780128367,52.58,-4.607257125759));
#11441=CARTESIAN_POINT('Ctrl Pts',(12.8043780128367,52.18,-4.607257125759));
#11442=CARTESIAN_POINT('Ctrl Pts',(13.4626637796767,52.58,-4.72382861175525));
#11443=CARTESIAN_POINT('Ctrl Pts',(13.3599207076952,52.58,-4.68984243865037));
#11444=CARTESIAN_POINT('Ctrl Pts',(13.1462477067714,52.58,-4.61916197857477));
#11445=CARTESIAN_POINT('Ctrl Pts',(12.9212086923113,52.58,-4.6113254946966));
#11446=CARTESIAN_POINT('Ctrl Pts',(12.8043780128367,52.58,-4.607257125759));
#11447=CARTESIAN_POINT('Ctrl Pts',(13.4626637796767,52.18,-4.72382861175525));
#11448=CARTESIAN_POINT('Ctrl Pts',(13.3599207076952,52.18,-4.68984243865037));
#11449=CARTESIAN_POINT('Ctrl Pts',(13.1462477067714,52.18,-4.61916197857477));
#11450=CARTESIAN_POINT('Ctrl Pts',(12.9212086923113,52.18,-4.6113254946966));
#11451=CARTESIAN_POINT('Ctrl Pts',(12.8043780128367,52.18,-4.607257125759));
#11452=CARTESIAN_POINT('Origin',(30.2626644519053,52.18,-6.28040003576266));
#11453=CARTESIAN_POINT('Origin',(54.52,52.08,-7.88039999999994));
#11454=CARTESIAN_POINT('',(54.52,52.58,-7.88039999999994));
#11455=CARTESIAN_POINT('',(54.52,52.58,-7.88039999999994));
#11456=CARTESIAN_POINT('',(54.52,52.58,-7.88039999999994));
#11457=CARTESIAN_POINT('',(51.52,52.58,-7.88039999999994));
#11458=CARTESIAN_POINT('',(54.52,52.58,-7.88039999999994));
#11459=CARTESIAN_POINT('',(51.52,52.08,-8.38039999999994));
#11460=CARTESIAN_POINT('Origin',(51.52,52.08,-7.88039999999994));
#11461=CARTESIAN_POINT('',(1.8,52.08,-8.38039999999994));
#11462=CARTESIAN_POINT('',(54.52,52.08,-8.38039999999994));
#11463=CARTESIAN_POINT('',(1.8,52.58,-7.88039999999994));
#11464=CARTESIAN_POINT('Origin',(1.8,52.08,-7.88039999999994));
#11465=CARTESIAN_POINT('',(54.52,52.58,-7.88039999999994));
#11466=CARTESIAN_POINT('',(54.52,52.58,-7.88039999999994));
#11467=CARTESIAN_POINT('Origin',(55.52,52.58,-1.58039999999999));
#11468=CARTESIAN_POINT('Origin',(55.52,52.58,-1.58039999999999));
#11469=CARTESIAN_POINT('Origin',(-0.2,50.78,-1.58039999999999));
#11470=CARTESIAN_POINT('',(51.52,50.78,-8.38039999999994));
#11471=CARTESIAN_POINT('',(1.8,50.78,-8.38039999999994));
#11472=CARTESIAN_POINT('',(26.66,50.78,-8.38039999999994));
#11473=CARTESIAN_POINT('Origin',(51.52,50.78,-10.3803999999999));
#11474=CARTESIAN_POINT('',(13.23,50.78,-5.08039999999999));
#11475=CARTESIAN_POINT('Origin',(1.8,50.78,-10.3803999999999));
#11476=CARTESIAN_POINT('Origin',(51.52,27.24,-10.3803999999999));
#11477=CARTESIAN_POINT('',(51.52,27.24,-8.38039999999994));
#11478=CARTESIAN_POINT('',(53.12,52.08,-9.18039999999994));
#11479=CARTESIAN_POINT('Origin',(51.52,52.08,-10.3803999999999));
#11480=CARTESIAN_POINT('Ctrl Pts',(53.52,51.9942135623731,-10.3803999999999));
#11481=CARTESIAN_POINT('Ctrl Pts',(53.52,51.9942135623731,-10.1655300112371));
#11482=CARTESIAN_POINT('Ctrl Pts',(53.4500919193337,52.0295510015147,-9.73661978219381));
#11483=CARTESIAN_POINT('Ctrl Pts',(53.2489219932577,52.08,-9.35229599101022));
#11484=CARTESIAN_POINT('Ctrl Pts',(53.12,52.08,-9.18039999999994));
#11485=CARTESIAN_POINT('Origin',(53.52,52.58,-8.38039999999994));
#11486=CARTESIAN_POINT('',(1.8,47.5399994002282,-8.38039999999994));
#11487=CARTESIAN_POINT('Origin',(1.8,47.5399994002282,-13.3803999999999));
#11488=CARTESIAN_POINT('',(0.48433551534097,52.08,-14.886728969318));
#11489=CARTESIAN_POINT('',(0.48433551534097,47.5399994002282,-14.886728969318));
#11490=CARTESIAN_POINT('',(0.200000000000003,52.08,-14.5803999999999));
#11491=CARTESIAN_POINT('Origin',(1.8,52.08,-13.3803999999999));
#11492=CARTESIAN_POINT('Ctrl Pts',(-0.200000000000001,51.9942135623731,
-13.3803999999999));
#11493=CARTESIAN_POINT('Ctrl Pts',(-0.2,51.9942135623731,-13.5952699545911));
#11494=CARTESIAN_POINT('Ctrl Pts',(-0.130092493993487,52.0295489677508,
-14.024180216341));
#11495=CARTESIAN_POINT('Ctrl Pts',(0.0710780272452816,52.08,-14.408504036327));
#11496=CARTESIAN_POINT('Ctrl Pts',(0.200000000000003,52.08,-14.5803999999999));
#11497=CARTESIAN_POINT('Origin',(-1.48916121164757,47.5399994002282,-17.1462224232952));
#11498=CARTESIAN_POINT('',(1.42650327301146,52.08,-16.439893453977));
#11499=CARTESIAN_POINT('',(1.42650327301146,47.5399994002282,-16.439893453977));
#11500=CARTESIAN_POINT('Origin',(-1.48916121164757,52.08,-17.1462224232952));
#11501=CARTESIAN_POINT('Origin',(5.80000000000001,52.58,-15.3803999999999));
#11502=CARTESIAN_POINT('',(10.1370496884403,52.08,-16.5803999999999));
#11503=CARTESIAN_POINT('',(10.1370496884403,52.58,-16.5803999999999));
#11504=CARTESIAN_POINT('Origin',(5.80000000000001,52.08,-15.3803999999999));
#11505=CARTESIAN_POINT('Origin',(13.0284161474005,52.58,-17.3803999999999));
#11506=CARTESIAN_POINT('',(13.0284161474005,52.08,-14.3803999999999));
#11507=CARTESIAN_POINT('',(13.0284161474005,52.58,-14.3803999999999));
#11508=CARTESIAN_POINT('Origin',(13.0284161474005,52.08,-17.3803999999999));
#11509=CARTESIAN_POINT('Origin',(1.8,52.08,-13.3803999999999));
#11510=CARTESIAN_POINT('Origin',(-0.199999999999996,52.08,-14.8803999999999));
#11511=CARTESIAN_POINT('Origin',(0.155419394176212,52.08,-15.2633112116475));
#11512=CARTESIAN_POINT('Origin',(-1.48916121164757,52.08,-17.1462224232952));
#11513=CARTESIAN_POINT('Origin',(0.940559192234953,52.08,-16.5576149488634));
#11514=CARTESIAN_POINT('Origin',(5.80000000000001,52.08,-15.3803999999999));
#11515=CARTESIAN_POINT('Origin',(10.618944098267,52.08,-16.7137333333333));
#11516=CARTESIAN_POINT('Origin',(13.0284161474005,52.08,-17.3803999999999));
#11517=CARTESIAN_POINT('Origin',(13.0284161474005,52.08,-14.8803999999999));
#11518=CARTESIAN_POINT('Origin',(27.66,52.08,-14.8803999999999));
#11519=CARTESIAN_POINT('',(51.52,52.08,-14.3803999999999));
#11520=CARTESIAN_POINT('Origin',(51.52,52.08,-14.8803999999999));
#11521=CARTESIAN_POINT('',(27.66,52.08,-14.3803999999999));
#11522=CARTESIAN_POINT('Origin',(51.52,52.08,-12.3803999999999));
#11523=CARTESIAN_POINT('',(53.12,52.08,-13.5803999999999));
#11524=CARTESIAN_POINT('Origin',(53.52,52.08,-13.8803999999999));
#11525=CARTESIAN_POINT('Origin',(51.52,52.08,-12.3803999999999));
#11526=CARTESIAN_POINT('Origin',(54.02,51.9942135623731,-1.5804));
#11527=CARTESIAN_POINT('Origin',(54.02,51.9942135623731,-12.3803999999999));
#11528=CARTESIAN_POINT('Origin',(54.02,51.9942135623731,-10.3803999999999));
#11529=CARTESIAN_POINT('Ctrl Pts',(53.12,52.08,-13.5803999999999));
#11530=CARTESIAN_POINT('Ctrl Pts',(53.2489225965055,52.08,-13.4085032046593));
#11531=CARTESIAN_POINT('Ctrl Pts',(53.4500914941975,52.0295510958421,-13.0241808668462));
#11532=CARTESIAN_POINT('Ctrl Pts',(53.52,51.9942135623731,-12.5952709941757));
#11533=CARTESIAN_POINT('Ctrl Pts',(53.52,51.9942135623731,-12.3803999999999));
#11534=CARTESIAN_POINT('Ctrl Pts',(53.12,52.1547998250855,-13.5803999999999));
#11535=CARTESIAN_POINT('Ctrl Pts',(53.2517998133609,52.1588998176478,-13.4046422362335));
#11536=CARTESIAN_POINT('Ctrl Pts',(53.4530310224081,52.1162525882667,-13.0146704661404));
#11537=CARTESIAN_POINT('Ctrl Pts',(53.52,52.0851960974326,-12.5917961730647));
#11538=CARTESIAN_POINT('Ctrl Pts',(53.52,52.0851960974326,-12.3803999999999));
#11539=CARTESIAN_POINT('Ctrl Pts',(53.1473810080541,52.3041136482483,-13.6009357560405));
#11540=CARTESIAN_POINT('Ctrl Pts',(53.2902164909053,52.3163636551021,-13.416815129521));
#11541=CARTESIAN_POINT('Ctrl Pts',(53.5035463106312,52.2891288851319,-13.0118853967463));
#11542=CARTESIAN_POINT('Ctrl Pts',(53.5709587832599,52.2664922804373,-12.5903817680329));
#11543=CARTESIAN_POINT('Ctrl Pts',(53.5709587832599,52.2664922804373,-12.3803999999999));
#11544=CARTESIAN_POINT('Ctrl Pts',(53.2812002805848,52.5143946626208,-13.7013002104385));
#11545=CARTESIAN_POINT('Ctrl Pts',(53.4568274138505,52.5325923687313,-13.502374034813));
#11546=CARTESIAN_POINT('Ctrl Pts',(53.7243460505566,52.5128016805742,-13.0641686566875));
#11547=CARTESIAN_POINT('Ctrl Pts',(53.8123370143062,52.4931250704851,-12.6077187972864));
#11548=CARTESIAN_POINT('Ctrl Pts',(53.8123370143062,52.4931250704851,-12.3803999999999));
#11549=CARTESIAN_POINT('Ctrl Pts',(53.4302402098974,52.58,-13.813080157423));
#11550=CARTESIAN_POINT('Ctrl Pts',(53.6329866979608,52.5897765464411,-13.6041577162004));
#11551=CARTESIAN_POINT('Ctrl Pts',(53.9488457748848,52.5457759410951,-13.1394841003598));
#11552=CARTESIAN_POINT('Ctrl Pts',(54.0579979316465,52.5111093506939,-12.6333936892221));
#11553=CARTESIAN_POINT('Ctrl Pts',(54.0579979316465,52.5111093506939,-12.3803999999999));
#11554=CARTESIAN_POINT('Ctrl Pts',(53.52,52.58,-13.8803999999999));
#11555=CARTESIAN_POINT('Ctrl Pts',(53.7348709941759,52.58,-13.6655290058241));
#11556=CARTESIAN_POINT('Ctrl Pts',(54.0701524903292,52.5127347944561,-13.1851260835577));
#11557=CARTESIAN_POINT('Ctrl Pts',(54.1866666666667,52.4656180831641,-12.6489887427197));
#11558=CARTESIAN_POINT('Ctrl Pts',(54.1866666666667,52.4656180831641,-12.3803999999999));
#11559=CARTESIAN_POINT('Ctrl Pts',(53.12,52.08,-13.5803999999999));
#11560=CARTESIAN_POINT('Ctrl Pts',(53.2489225965055,52.08,-13.4085032046593));
#11561=CARTESIAN_POINT('Ctrl Pts',(53.4500914941975,52.0295510958421,-13.0241808668462));
#11562=CARTESIAN_POINT('Ctrl Pts',(53.52,51.9942135623731,-12.5952709941757));
#11563=CARTESIAN_POINT('Ctrl Pts',(53.52,51.9942135623731,-12.3803999999999));
#11564=CARTESIAN_POINT('Origin',(51.52,52.08,-10.3803999999999));
#11565=CARTESIAN_POINT('Origin',(53.52,52.08,-8.88039999999994));
#11566=CARTESIAN_POINT('Origin',(51.52,52.58,-10.3803999999999));
#11567=CARTESIAN_POINT('Origin',(1.8,52.08,-10.3803999999999));
#11568=CARTESIAN_POINT('',(0.200000000000002,52.08,-9.18039999999993));
#11569=CARTESIAN_POINT('Origin',(-0.199999999999996,52.08,-8.88039999999993));
#11570=CARTESIAN_POINT('Origin',(1.8,52.58,-10.3803999999999));
#11571=CARTESIAN_POINT('Origin',(1.8,52.08,-10.3803999999999));
#11572=CARTESIAN_POINT('Ctrl Pts',(53.52,51.9942135623731,-10.3803999999999));
#11573=CARTESIAN_POINT('Ctrl Pts',(53.52,51.9942135623731,-10.1655300112371));
#11574=CARTESIAN_POINT('Ctrl Pts',(53.4500919193337,52.0295510015147,-9.73661978219381));
#11575=CARTESIAN_POINT('Ctrl Pts',(53.2489219932577,52.08,-9.35229599101022));
#11576=CARTESIAN_POINT('Ctrl Pts',(53.12,52.08,-9.18039999999994));
#11577=CARTESIAN_POINT('Ctrl Pts',(53.52,52.0851960974326,-10.3803999999999));
#11578=CARTESIAN_POINT('Ctrl Pts',(53.52,52.0851960974326,-10.1690048160889));
#11579=CARTESIAN_POINT('Ctrl Pts',(53.4530314557506,52.1162525059062,-9.74613020111664));
#11580=CARTESIAN_POINT('Ctrl Pts',(53.2517991966502,52.1588997984633,-9.35615694136995));
#11581=CARTESIAN_POINT('Ctrl Pts',(53.12,52.1547998250855,-9.18039999999994));
#11582=CARTESIAN_POINT('Ctrl Pts',(53.5709585825305,52.2664929235934,-10.3803999999999));
#11583=CARTESIAN_POINT('Ctrl Pts',(53.5709585825305,52.2664929235934,-10.1704192145025));
#11584=CARTESIAN_POINT('Ctrl Pts',(53.5035466024818,52.2891292852448,-9.7489153682097));
#11585=CARTESIAN_POINT('Ctrl Pts',(53.2902156857753,52.3163638795358,-9.34398411153776));
#11586=CARTESIAN_POINT('Ctrl Pts',(53.1473808712723,52.3041139300016,-9.15986434654573));
#11587=CARTESIAN_POINT('Ctrl Pts',(53.8123368418518,52.4931263559297,-10.3803999999999));
#11588=CARTESIAN_POINT('Ctrl Pts',(53.8123368418518,52.4931263559297,-10.1530822663715));
#11589=CARTESIAN_POINT('Ctrl Pts',(53.724346440944,52.51280256663,-9.6966321928912));
#11590=CARTESIAN_POINT('Ctrl Pts',(53.4568264000468,52.5325928474572,-9.25842517839594));
#11591=CARTESIAN_POINT('Ctrl Pts',(53.2812000885663,52.5143952264964,-9.05949993357526));
#11592=CARTESIAN_POINT('Ctrl Pts',(54.0579979316465,52.5111093506939,-10.3803999999999));
#11593=CARTESIAN_POINT('Ctrl Pts',(54.0579979316465,52.5111093506939,-10.1274074945723));
#11594=CARTESIAN_POINT('Ctrl Pts',(53.9488464380771,52.5457758275466,-9.62131668304289));
#11595=CARTESIAN_POINT('Ctrl Pts',(53.6329857492801,52.5897765006952,-9.15664130622064));
#11596=CARTESIAN_POINT('Ctrl Pts',(53.4302402098974,52.58,-8.94771984257686));
#11597=CARTESIAN_POINT('Ctrl Pts',(54.1866666666667,52.4656180831641,-10.3803999999999));
#11598=CARTESIAN_POINT('Ctrl Pts',(54.1866666666667,52.4656180831641,-10.1118125140463));
#11599=CARTESIAN_POINT('Ctrl Pts',(54.0701531988895,52.5127346686862,-9.57567472774227));
#11600=CARTESIAN_POINT('Ctrl Pts',(53.7348699887629,52.58,-9.09526998876282));
#11601=CARTESIAN_POINT('Ctrl Pts',(53.52,52.58,-8.88039999999994));
#11602=CARTESIAN_POINT('Origin',(-0.700000000000001,51.9942135623731,-1.58039999999999));
#11603=CARTESIAN_POINT('Origin',(-0.700000000000001,51.9942135623731,-10.3803999999999));
#11604=CARTESIAN_POINT('Origin',(-0.700000000000001,51.9942135623731,-13.3803999999999));
#11605=CARTESIAN_POINT('Ctrl Pts',(0.200000000000003,52.08,-9.18039999999993));
#11606=CARTESIAN_POINT('Ctrl Pts',(0.071077403494527,52.08,-9.35229679534056));
#11607=CARTESIAN_POINT('Ctrl Pts',(-0.130092157355029,52.0295486965304,
-9.73661911606331));
#11608=CARTESIAN_POINT('Ctrl Pts',(-0.200000000000003,51.9942135623731,
-10.1655290058241));
#11609=CARTESIAN_POINT('Ctrl Pts',(-0.200000000000003,51.9942135623731,
-10.3803999999999));
#11610=CARTESIAN_POINT('Ctrl Pts',(0.200000000000003,52.1547998250855,-9.18039999999993));
#11611=CARTESIAN_POINT('Ctrl Pts',(0.068200186639101,52.1588998176478,-9.35615776376633));
#11612=CARTESIAN_POINT('Ctrl Pts',(-0.133031735627391,52.1162501296757,
-9.74612978726102));
#11613=CARTESIAN_POINT('Ctrl Pts',(-0.200000000000003,52.0851960974326,
-10.1690038269352));
#11614=CARTESIAN_POINT('Ctrl Pts',(-0.200000000000003,52.0851960974326,
-10.3803999999999));
#11615=CARTESIAN_POINT('Ctrl Pts',(0.17262345243984,52.3041227071396,-9.15986758932981));
#11616=CARTESIAN_POINT('Ctrl Pts',(0.0297879695886434,52.3163727139934,
-9.34398821584928));
#11617=CARTESIAN_POINT('Ctrl Pts',(-0.183541305763803,52.2891410628662,
-9.74891726267968));
#11618=CARTESIAN_POINT('Ctrl Pts',(-0.25095215352857,52.2665129604127,-10.170418231967));
#11619=CARTESIAN_POINT('Ctrl Pts',(-0.25095215352857,52.2665129604127,-10.3803999999999));
#11620=CARTESIAN_POINT('Ctrl Pts',(0.0388059604871566,52.5144131258072,
-9.05950447036529));
#11621=CARTESIAN_POINT('Ctrl Pts',(-0.136821172778557,52.5326108319177,
-9.25843064599075));
#11622=CARTESIAN_POINT('Ctrl Pts',(-0.40434096816364,52.5128294905467,-9.69663497044945));
#11623=CARTESIAN_POINT('Ctrl Pts',(-0.492331497347466,52.4931671593025,
-10.1530812027135));
#11624=CARTESIAN_POINT('Ctrl Pts',(-0.492331497347465,52.4931671593025,
-10.3803999999999));
#11625=CARTESIAN_POINT('Ctrl Pts',(-0.110240209897429,52.58,-8.94771984257685));
#11626=CARTESIAN_POINT('Ctrl Pts',(-0.312986697960696,52.5897765464411,
-9.15664228379939));
#11627=CARTESIAN_POINT('Ctrl Pts',(-0.628846640774968,52.5457719443232,
-9.621315825392));
#11628=CARTESIAN_POINT('Ctrl Pts',(-0.73799793164647,52.5111093506939,-10.1274063107778));
#11629=CARTESIAN_POINT('Ctrl Pts',(-0.737997931646469,52.5111093506939,
-10.3803999999999));
#11630=CARTESIAN_POINT('Ctrl Pts',(-0.199999999999994,52.58,-8.88039999999993));
#11631=CARTESIAN_POINT('Ctrl Pts',(-0.414870994175786,52.58,-9.09527099417572));
#11632=CARTESIAN_POINT('Ctrl Pts',(-0.750153595591711,52.5127315953739,
-9.57567389507915));
#11633=CARTESIAN_POINT('Ctrl Pts',(-0.866666666666668,52.4656180831641,
-10.1118112572802));
#11634=CARTESIAN_POINT('Ctrl Pts',(-0.866666666666667,52.4656180831641,
-10.3803999999999));
#11635=CARTESIAN_POINT('Ctrl Pts',(0.200000000000003,52.08,-9.18039999999993));
#11636=CARTESIAN_POINT('Ctrl Pts',(0.071077403494527,52.08,-9.35229679534056));
#11637=CARTESIAN_POINT('Ctrl Pts',(-0.130092157355029,52.0295486965304,
-9.73661911606331));
#11638=CARTESIAN_POINT('Ctrl Pts',(-0.200000000000003,51.9942135623731,
-10.1655290058241));
#11639=CARTESIAN_POINT('Ctrl Pts',(-0.200000000000003,51.9942135623731,
-10.3803999999999));
#11640=CARTESIAN_POINT('Ctrl Pts',(-0.200000000000001,51.9942135623731,
-13.3803999999999));
#11641=CARTESIAN_POINT('Ctrl Pts',(-0.2,51.9942135623731,-13.5952699545911));
#11642=CARTESIAN_POINT('Ctrl Pts',(-0.130092493993487,52.0295489677508,
-14.024180216341));
#11643=CARTESIAN_POINT('Ctrl Pts',(0.0710780272452816,52.08,-14.408504036327));
#11644=CARTESIAN_POINT('Ctrl Pts',(0.200000000000003,52.08,-14.5803999999999));
#11645=CARTESIAN_POINT('Ctrl Pts',(-0.200000000000001,52.0851960974326,
-13.3803999999999));
#11646=CARTESIAN_POINT('Ctrl Pts',(-0.2,52.0851960974326,-13.5917951502919));
#11647=CARTESIAN_POINT('Ctrl Pts',(-0.13303207308526,52.1162504223165,-14.0146695677898));
#11648=CARTESIAN_POINT('Ctrl Pts',(0.0682008243103488,52.1588997978112,
-14.4046430865813));
#11649=CARTESIAN_POINT('Ctrl Pts',(0.200000000000003,52.1547998250854,-14.5803999999999));
#11650=CARTESIAN_POINT('Ctrl Pts',(-0.25095293526258,52.2665105837192,-13.3803999999999));
#11651=CARTESIAN_POINT('Ctrl Pts',(-0.25095293526258,52.2665105837192,-13.5903807521032));
#11652=CARTESIAN_POINT('Ctrl Pts',(-0.183542348923105,52.2891397018474,
-14.0118823531572));
#11653=CARTESIAN_POINT('Ctrl Pts',(0.0297881409781858,52.3163716136767,
-14.4168130647151));
#11654=CARTESIAN_POINT('Ctrl Pts',(0.172622932765579,52.3041216660906,-14.6009328004258));
#11655=CARTESIAN_POINT('Ctrl Pts',(-0.49233212822421,52.4931622367835,-13.3803999999999));
#11656=CARTESIAN_POINT('Ctrl Pts',(-0.492332128224209,52.4931622367835,
-13.607717697477));
#11657=CARTESIAN_POINT('Ctrl Pts',(-0.404342114402814,52.512826285959,-14.064164703406));
#11658=CARTESIAN_POINT('Ctrl Pts',(-0.136821047882026,52.5326085844555,
-14.5023708600642));
#11659=CARTESIAN_POINT('Ctrl Pts',(0.0388052356679721,52.5144109663888,
-14.701296073249));
#11660=CARTESIAN_POINT('Ctrl Pts',(-0.737997931646469,52.5111093506939,
-13.3803999999999));
#11661=CARTESIAN_POINT('Ctrl Pts',(-0.737997931646468,52.5111093506939,
-13.633392465193));
#11662=CARTESIAN_POINT('Ctrl Pts',(-0.628847191787147,52.5457724408681,
-14.1394833604596));
#11663=CARTESIAN_POINT('Ctrl Pts',(-0.312985717036655,52.5897764991404,
-14.6041587270049));
#11664=CARTESIAN_POINT('Ctrl Pts',(-0.110240209897429,52.58,-14.813080157423));
#11665=CARTESIAN_POINT('Ctrl Pts',(-0.866666666666667,52.4656180831641,
-13.3803999999999));
#11666=CARTESIAN_POINT('Ctrl Pts',(-0.866666666666666,52.4656180831641,
-13.6489874432389));
#11667=CARTESIAN_POINT('Ctrl Pts',(-0.750154156655809,52.512731957001,-14.1851252704262));
#11668=CARTESIAN_POINT('Ctrl Pts',(-0.414869954591199,52.58,-14.6655300454087));
#11669=CARTESIAN_POINT('Ctrl Pts',(-0.199999999999994,52.58,-14.8803999999999));
#11670=CARTESIAN_POINT('Origin',(-0.199999999999999,52.58,-14.3803999999999));
#11671=CARTESIAN_POINT('',(51.52,27.24,-14.3803999999999));
#11672=CARTESIAN_POINT('Origin',(55.52,52.58,-1.58039999999999));
#11673=CARTESIAN_POINT('',(41.09,52.58,-0.0804000000000019));
#11674=CARTESIAN_POINT('Origin',(51.52,27.24,-12.3803999999999));
#11675=CARTESIAN_POINT('Origin',(1.8,47.5399994002282,-10.3803999999999));
#11676=CARTESIAN_POINT('Origin',(-0.199999999999996,-4.10000000000004,-0.0803999999999394));
#11677=CARTESIAN_POINT('',(-0.199999999999996,-5.60000000000004,0.419600000000062));
#11678=CARTESIAN_POINT('Origin',(-0.199999999999996,-5.60000000000004,-0.0803999999999377));
#11679=CARTESIAN_POINT('',(-1.7,-4.10000000000004,0.419600000000061));
#11680=CARTESIAN_POINT('Origin',(-0.199999999999996,-4.10000000000004,0.419600000000061));
#11681=CARTESIAN_POINT('Origin',(-1.7,-4.10000000000004,-0.0803999999999394));
#11682=CARTESIAN_POINT('Origin',(-1.7,37.91,-0.0803999999999856));
#11683=CARTESIAN_POINT('',(-1.7,50.58,0.4196));
#11684=CARTESIAN_POINT('Origin',(-1.7,50.58,-0.0803999999999997));
#11685=CARTESIAN_POINT('',(-1.7,37.91,0.419600000000014));
#11686=CARTESIAN_POINT('Origin',(-0.200000000000005,50.58,-0.0803999999999996));
#11687=CARTESIAN_POINT('',(-0.200000000000004,52.08,0.419599999999999));
#11688=CARTESIAN_POINT('Origin',(-0.200000000000004,52.08,-0.0804000000000013));
#11689=CARTESIAN_POINT('Origin',(-0.200000000000005,50.58,0.4196));
#11690=CARTESIAN_POINT('Origin',(41.09,52.08,-0.0804000000000014));
#11691=CARTESIAN_POINT('',(53.52,52.08,0.419599999999999));
#11692=CARTESIAN_POINT('Origin',(53.52,52.08,-0.0804000000000014));
#11693=CARTESIAN_POINT('',(41.09,52.08,0.419599999999999));
#11694=CARTESIAN_POINT('Origin',(53.52,50.58,-0.0803999999999999));
#11695=CARTESIAN_POINT('',(55.02,50.58,0.4196));
#11696=CARTESIAN_POINT('Origin',(55.02,50.58,-0.0803999999999999));
#11697=CARTESIAN_POINT('Origin',(53.52,50.58,0.4196));
#11698=CARTESIAN_POINT('Origin',(55.02,8.56999999999996,-0.0803999999999534));
#11699=CARTESIAN_POINT('',(55.02,-4.10000000000005,0.419600000000061));
#11700=CARTESIAN_POINT('Origin',(55.02,-4.10000000000005,-0.0803999999999394));
#11701=CARTESIAN_POINT('',(55.02,8.56999999999996,0.419600000000047));
#11702=CARTESIAN_POINT('Origin',(53.52,-4.10000000000005,-0.0803999999999394));
#11703=CARTESIAN_POINT('',(53.52,-5.60000000000005,0.419600000000062));
#11704=CARTESIAN_POINT('',(53.52,-6.10000000000005,-0.0803999999999372));
#11705=CARTESIAN_POINT('Origin',(53.52,-5.60000000000005,-0.0803999999999377));
#11706=CARTESIAN_POINT('Origin',(53.52,-4.10000000000005,-0.0803999999999394));
#11707=CARTESIAN_POINT('Origin',(53.52,-4.10000000000005,0.419600000000061));
#11708=CARTESIAN_POINT('Origin',(12.23,-5.60000000000005,-0.0803999999999377));
#11709=CARTESIAN_POINT('',(12.23,-5.60000000000005,0.419600000000062));
#11710=CARTESIAN_POINT('',(12.23,-6.10000000000005,-0.0803999999999371));
#11711=CARTESIAN_POINT('Origin',(53.52,-4.10000000000006,-1.58039999999994));
#11712=CARTESIAN_POINT('',(53.52,-6.10000000000006,-1.58039999999994));
#11713=CARTESIAN_POINT('Origin',(-2.2,-6.10000000000005,-1.58039999999994));
#11714=CARTESIAN_POINT('Origin',(26.66,23.24,0.419600000000031));
#11715=CARTESIAN_POINT('Origin',(26.66,23.24,-1.58039999999996));
#11716=CARTESIAN_POINT('',(48.52,47.4999988004565,-1.58039999999999));
#11717=CARTESIAN_POINT('Origin',(48.52,42.4999988004565,-1.58039999999996));
#11718=CARTESIAN_POINT('',(52.52,0.899999999999941,-1.58039999999994));
#11719=CARTESIAN_POINT('Origin',(52.52,1.89999999999993,-1.58039999999993));
#11720=CARTESIAN_POINT('',(49.52,0.899999999999943,-1.58039999999994));
#11721=CARTESIAN_POINT('',(38.09,0.899999999999941,-1.58039999999994));
#11722=CARTESIAN_POINT('',(48.52,-0.100000000000059,-1.58039999999994));
#11723=CARTESIAN_POINT('Origin',(49.52,-0.100000000000053,-1.58039999999994));
#11724=CARTESIAN_POINT('',(48.52,-3.10000000000006,-1.58039999999994));
#11725=CARTESIAN_POINT('',(48.52,10.07,-1.58039999999995));
#11726=CARTESIAN_POINT('Origin',(47.52,-3.10000000000006,-1.58039999999994));
#11727=CARTESIAN_POINT('',(6.18471991848508,-2.88125000000005,-1.58039999999994));
#11728=CARTESIAN_POINT('Origin',(7.65811682275086,-2.60000000000005,-1.58039999999994));
#11729=CARTESIAN_POINT('',(1.08395061728395,2.27192834331771,-1.58039999999994));
#11730=CARTESIAN_POINT('Origin',(-0.199999999999996,-4.10000000000005,-1.58039999999994));
#11731=CARTESIAN_POINT('Origin',(1.4,3.84040301244208,-1.58039999999995));
#11732=CARTESIAN_POINT('',(4.8,47.4999988004565,-1.58039999999999));
#11733=CARTESIAN_POINT('Origin',(4.8,42.4999988004565,-1.58039999999999));
#11734=CARTESIAN_POINT('',(37.59,47.4999988004565,-1.58039999999999));
#11735=CARTESIAN_POINT('',(19.2239999999999,37.1719999999999,-1.58039999999976));
#11736=CARTESIAN_POINT('Origin',(15.7239999999999,37.1719999999999,-1.5803999999999));
#11737=CARTESIAN_POINT('Origin',(4.8,42.4999988004565,-1.58039999999998));
#11738=CARTESIAN_POINT('',(4.8,47.4999988004565,-5.08039999999999));
#11739=CARTESIAN_POINT('Origin',(4.8,42.4999988004565,-5.08039999999998));
#11740=CARTESIAN_POINT('',(4.8,47.4999988004565,-1.58039999999999));
#11741=CARTESIAN_POINT('Origin',(7.65811682275086,-2.60000000000005,-1.58039999999994));
#11742=CARTESIAN_POINT('',(6.18471991848508,-2.88125000000005,-5.58039999999994));
#11743=CARTESIAN_POINT('Origin',(7.65811682275086,-2.60000000000005,-5.58039999999994));
#11744=CARTESIAN_POINT('',(6.18471991848508,-2.88125000000005,-1.58039999999994));
#11745=CARTESIAN_POINT('Origin',(1.4,3.84040301244208,-1.58039999999995));
#11746=CARTESIAN_POINT('',(1.08395061728395,2.2719283433177,-5.58039999999995));
#11747=CARTESIAN_POINT('',(1.08395061728395,2.27192834331771,-1.58039999999994));
#11748=CARTESIAN_POINT('Origin',(1.4,3.84040301244207,-5.58039999999995));
#11749=CARTESIAN_POINT('Origin',(52.52,1.89999999999993,-1.58039999999994));
#11750=CARTESIAN_POINT('',(52.52,0.899999999999938,-5.58039999999994));
#11751=CARTESIAN_POINT('Origin',(52.52,1.89999999999993,-5.58039999999994));
#11752=CARTESIAN_POINT('',(52.52,0.899999999999941,-1.58039999999994));
#11753=CARTESIAN_POINT('Origin',(47.52,-3.10000000000006,-1.58039999999994));
#11754=CARTESIAN_POINT('',(48.52,-3.10000000000006,-5.58039999999994));
#11755=CARTESIAN_POINT('',(48.52,-3.10000000000006,-1.58039999999994));
#11756=CARTESIAN_POINT('Origin',(47.52,-3.10000000000007,-5.58039999999994));
#11757=CARTESIAN_POINT('Origin',(48.52,47.4999988004565,-1.58039999999999));
#11758=CARTESIAN_POINT('',(48.52,47.4999988004565,-5.08039999999999));
#11759=CARTESIAN_POINT('',(4.8,47.4999988004565,-5.08039999999999));
#11760=CARTESIAN_POINT('',(48.52,47.4999988004565,-1.58039999999999));
#11761=CARTESIAN_POINT('Origin',(48.52,42.4999988004565,-1.58039999999998));
#11762=CARTESIAN_POINT('Origin',(48.52,42.4999988004565,-5.08039999999998));
#11763=CARTESIAN_POINT('Origin',(26.66,47.1399994002282,-5.08039999999998));
#11764=CARTESIAN_POINT('Origin',(15.7239999999999,37.1719999999999,-5.58039999999976));
#11765=CARTESIAN_POINT('',(17.2239999999999,37.1719999999999,-1.58039999999976));
#11766=CARTESIAN_POINT('Origin',(15.7239999999999,37.1719999999999,-1.5803999999999));
#11767=CARTESIAN_POINT('',(17.2239999999999,37.1719999999999,-5.58039999999976));
#11768=CARTESIAN_POINT('',(17.2239999999999,37.1719999999999,-5.58039999999976));
#11769=CARTESIAN_POINT('Origin',(15.7239999999999,37.1719999999999,-5.58039999999976));
#11770=CARTESIAN_POINT('Origin',(15.7239999999999,37.1719999999999,-5.58039999999976));
#11771=CARTESIAN_POINT('',(19.2239999999999,37.1719999999999,-5.58039999999976));
#11772=CARTESIAN_POINT('',(19.2239999999999,37.1719999999999,-5.58039999999976));
#11773=CARTESIAN_POINT('Origin',(15.7239999999999,37.1719999999999,-5.58039999999976));
#11774=CARTESIAN_POINT('Origin',(15.7239999999999,37.1719999999999,-5.58039999999976));
#11775=CARTESIAN_POINT('Origin',(2.516,-1.38400000000005,-1.58039999999994));
#11776=CARTESIAN_POINT('',(1.016,-1.38400000000006,-5.58039999999994));
#11777=CARTESIAN_POINT('Origin',(2.516,-1.38400000000006,-5.58039999999994));
#11778=CARTESIAN_POINT('',(1.016,-1.38400000000005,-1.58039999999994));
#11779=CARTESIAN_POINT('',(1.016,-1.38400000000005,-1.58039999999994));
#11780=CARTESIAN_POINT('Origin',(2.516,-1.38400000000005,-1.58039999999994));
#11781=CARTESIAN_POINT('Origin',(-0.199999999999996,-4.10000000000005,-1.58039999999994));
#11782=CARTESIAN_POINT('Origin',(-0.199999999999996,-4.10000000000005,-5.58039999999994));
#11783=CARTESIAN_POINT('Origin',(3.45489267269804,-0.417096828399731,-5.58039999999994));
#11784=CARTESIAN_POINT('Origin',(26.66,23.24,-1.58039999999996));
#11785=CARTESIAN_POINT('Origin',(50.804,-1.38400000000005,-1.58039999999994));
#11786=CARTESIAN_POINT('',(49.304,-1.38400000000006,-5.58039999999994));
#11787=CARTESIAN_POINT('Origin',(50.804,-1.38400000000006,-5.58039999999994));
#11788=CARTESIAN_POINT('',(49.304,-1.38400000000005,-1.58039999999994));
#11789=CARTESIAN_POINT('',(49.304,-1.38400000000005,-1.58039999999994));
#11790=CARTESIAN_POINT('Origin',(50.804,-1.38400000000005,-1.58039999999994));
#11791=CARTESIAN_POINT('Origin',(48.52,-3.10000000000006,-1.58039999999994));
#11792=CARTESIAN_POINT('',(48.52,-0.100000000000063,-5.58039999999994));
#11793=CARTESIAN_POINT('',(48.52,-0.100000000000059,-1.58039999999994));
#11794=CARTESIAN_POINT('',(48.52,-0.100000000000063,-5.58039999999994));
#11795=CARTESIAN_POINT('Origin',(49.52,0.899999999999941,-1.58039999999994));
#11796=CARTESIAN_POINT('',(49.52,0.89999999999994,-5.58039999999994));
#11797=CARTESIAN_POINT('',(52.52,0.899999999999937,-5.58039999999994));
#11798=CARTESIAN_POINT('',(49.52,0.899999999999943,-1.58039999999994));
#11799=CARTESIAN_POINT('Origin',(49.52,-0.100000000000053,-1.58039999999994));
#11800=CARTESIAN_POINT('Origin',(49.52,-0.100000000000057,-5.58039999999994));
#11801=CARTESIAN_POINT('Origin',(50.72,-1.30000000000007,-5.58039999999994));
#11802=CARTESIAN_POINT('Origin',(26.66,23.24,-1.58039999999996));
#11803=CARTESIAN_POINT('Origin',(26.66,23.24,-1.58039999999996));
#11804=CARTESIAN_POINT('Origin',(37.9492799421693,49.85,-28.8804));
#11805=CARTESIAN_POINT('',(49.2385598843387,49.85,-29.3804));
#11806=CARTESIAN_POINT('',(49.2385598843387,49.35,-28.8804));
#11807=CARTESIAN_POINT('Origin',(49.2385598843387,49.85,-28.8804));
#11808=CARTESIAN_POINT('',(13.9143945580573,49.35,-28.8804));
#11809=CARTESIAN_POINT('',(37.9492799421693,49.35,-28.8804));
#11810=CARTESIAN_POINT('',(13.9143945580573,49.85,-29.3804));
#11811=CARTESIAN_POINT('Origin',(13.9143945580573,49.85,-28.8804));
#11812=CARTESIAN_POINT('',(37.9492799421693,49.85,-29.3804));
#11813=CARTESIAN_POINT('Origin',(13.9143945580573,46.35,-28.8804));
#11814=CARTESIAN_POINT('',(13.9143945580573,43.35,-28.8804));
#11815=CARTESIAN_POINT('',(13.9143945580573,42.85,-29.3804));
#11816=CARTESIAN_POINT('Origin',(13.9143945580573,42.85,-28.8804));
#11817=CARTESIAN_POINT('Origin',(13.9143945580573,46.35,-29.3804));
#11818=CARTESIAN_POINT('Origin',(13.9143945580573,46.35,-28.8804));
#11819=CARTESIAN_POINT('Origin',(20.2871972790287,42.85,-28.8804));
#11820=CARTESIAN_POINT('',(49.2385598843387,43.35,-28.8804));
#11821=CARTESIAN_POINT('',(49.2385598843387,42.85,-29.3804));
#11822=CARTESIAN_POINT('Origin',(49.2385598843387,42.85,-28.8804));
#11823=CARTESIAN_POINT('',(20.2871972790287,42.85,-29.3804));
#11824=CARTESIAN_POINT('',(20.2871972790287,43.35,-28.8804));
#11825=CARTESIAN_POINT('Origin',(49.2385598843387,46.35,-28.8804));
#11826=CARTESIAN_POINT('Origin',(49.2385598843387,46.35,-29.3804));
#11827=CARTESIAN_POINT('Origin',(49.2385598843387,46.35,-28.8804));
#11828=CARTESIAN_POINT('Origin',(13.9143945580573,46.35,-29.3804));
#11829=CARTESIAN_POINT('',(13.9143945580573,49.35,-26.3804));
#11830=CARTESIAN_POINT('',(13.9143945580573,49.35,-29.3804));
#11831=CARTESIAN_POINT('',(13.9143945580573,43.35,-26.3804));
#11832=CARTESIAN_POINT('Origin',(13.9143945580573,46.35,-26.3804));
#11833=CARTESIAN_POINT('',(13.9143945580573,43.35,-29.3804));
#11834=CARTESIAN_POINT('Origin',(49.2385598843387,49.35,-29.3804));
#11835=CARTESIAN_POINT('',(49.2385598843387,49.35,-26.3804));
#11836=CARTESIAN_POINT('',(49.2385598843387,49.35,-29.3804));
#11837=CARTESIAN_POINT('',(37.9492799421693,49.35,-26.3804));
#11838=CARTESIAN_POINT('Origin',(26.66,23.24,-29.3804));
#11839=CARTESIAN_POINT('',(-0.2,52.08,-29.3804));
#11840=CARTESIAN_POINT('',(-1.7,50.58,-29.3804));
#11841=CARTESIAN_POINT('Origin',(-0.2,50.58,-29.3804));
#11842=CARTESIAN_POINT('',(53.52,52.08,-29.3804));
#11843=CARTESIAN_POINT('',(12.23,52.08,-29.3804));
#11844=CARTESIAN_POINT('',(55.02,50.58,-29.3804));
#11845=CARTESIAN_POINT('Origin',(53.52,50.58,-29.3804));
#11846=CARTESIAN_POINT('',(55.02,-4.10000000000006,-29.3804));
#11847=CARTESIAN_POINT('',(55.02,37.91,-29.3804));
#11848=CARTESIAN_POINT('',(53.52,-5.60000000000006,-29.3804));
#11849=CARTESIAN_POINT('Origin',(53.52,-4.10000000000006,-29.3804));
#11850=CARTESIAN_POINT('',(-0.199999999999996,-5.60000000000005,-29.3804));
#11851=CARTESIAN_POINT('',(41.09,-5.60000000000006,-29.3804));
#11852=CARTESIAN_POINT('',(-1.7,-4.10000000000005,-29.3804));
#11853=CARTESIAN_POINT('Origin',(-0.199999999999996,-4.10000000000005,-29.3804));
#11854=CARTESIAN_POINT('',(-1.7,8.56999999999996,-29.3804));
#11855=CARTESIAN_POINT('',(12.1239999999999,37.1719999999999,-29.3804));
#11856=CARTESIAN_POINT('Origin',(15.7239999999999,37.1719999999999,-29.3804));
#11857=CARTESIAN_POINT('',(-1.084,-1.38400000000005,-29.3804));
#11858=CARTESIAN_POINT('Origin',(2.516,-1.38400000000005,-29.3804));
#11859=CARTESIAN_POINT('',(47.204,-1.38400000000005,-29.3804));
#11860=CARTESIAN_POINT('Origin',(50.804,-1.38400000000005,-29.3804));
#11861=CARTESIAN_POINT('Origin',(13.9143945580573,43.35,-29.3804));
#11862=CARTESIAN_POINT('',(49.2385598843387,43.35,-26.3804));
#11863=CARTESIAN_POINT('',(20.2871972790287,43.35,-26.3804));
#11864=CARTESIAN_POINT('',(49.2385598843387,43.35,-29.3804));
#11865=CARTESIAN_POINT('Origin',(49.2385598843387,46.35,-29.3804));
#11866=CARTESIAN_POINT('Origin',(49.2385598843387,46.35,-26.3804));
#11867=CARTESIAN_POINT('Origin',(26.66,23.24,-26.3804));
#11868=CARTESIAN_POINT('',(53.32,-3.90000000000005,-26.3804));
#11869=CARTESIAN_POINT('',(4.44089209850063E-15,-3.90000000000005,-26.3804));
#11870=CARTESIAN_POINT('',(13.33,-3.90000000000005,-26.3804));
#11871=CARTESIAN_POINT('',(53.32,50.38,-26.3804));
#11872=CARTESIAN_POINT('',(53.32,9.66999999999996,-26.3804));
#11873=CARTESIAN_POINT('',(0.,50.38,-26.3804));
#11874=CARTESIAN_POINT('',(39.99,50.38,-26.3804));
#11875=CARTESIAN_POINT('',(0.,36.81,-26.3804));
#11876=CARTESIAN_POINT('',(14.1239999999999,37.1719999999999,-26.3804));
#11877=CARTESIAN_POINT('Origin',(15.7239999999999,37.1719999999999,-26.3804));
#11878=CARTESIAN_POINT('',(0.915999999999999,-1.38400000000005,-26.3804));
#11879=CARTESIAN_POINT('Origin',(2.516,-1.38400000000005,-26.3804));
#11880=CARTESIAN_POINT('',(49.204,-1.38400000000005,-26.3804));
#11881=CARTESIAN_POINT('Origin',(50.804,-1.38400000000005,-26.3804));
#11882=CARTESIAN_POINT('Origin',(53.32,-3.90000000000006,-27.3804));
#11883=CARTESIAN_POINT('',(53.32,-3.90000000000006,-27.3804));
#11884=CARTESIAN_POINT('',(53.32,-3.90000000000006,-27.3804));
#11885=CARTESIAN_POINT('',(53.32,50.38,-27.3804));
#11886=CARTESIAN_POINT('',(53.32,9.66999999999996,-27.3804));
#11887=CARTESIAN_POINT('',(53.32,50.38,-27.3804));
#11888=CARTESIAN_POINT('Origin',(4.28688621624419E-15,-3.90000000000004,
-27.3804));
#11889=CARTESIAN_POINT('',(4.28688621624419E-15,-3.90000000000004,-27.3804));
#11890=CARTESIAN_POINT('',(4.28688621624419E-15,-3.90000000000004,-27.3804));
#11891=CARTESIAN_POINT('',(13.33,-3.90000000000005,-27.3804));
#11892=CARTESIAN_POINT('Origin',(-0.2,50.58,-28.8804));
#11893=CARTESIAN_POINT('',(-0.2,52.58,-28.8804));
#11894=CARTESIAN_POINT('Origin',(-0.2,52.08,-28.8804));
#11895=CARTESIAN_POINT('',(-2.2,50.58,-28.8804));
#11896=CARTESIAN_POINT('Origin',(-1.7,50.58,-28.8804));
#11897=CARTESIAN_POINT('Origin',(-0.2,50.58,-28.8804));
#11898=CARTESIAN_POINT('Origin',(-1.7,8.56999999999996,-28.8804));
#11899=CARTESIAN_POINT('',(-2.2,-4.10000000000005,-28.8804));
#11900=CARTESIAN_POINT('Origin',(-1.7,-4.10000000000005,-28.8804));
#11901=CARTESIAN_POINT('',(-2.2,8.56999999999996,-28.8804));
#11902=CARTESIAN_POINT('Origin',(-0.199999999999996,-4.10000000000005,-28.8804));
#11903=CARTESIAN_POINT('',(-0.199999999999996,-6.10000000000005,-28.8804));
#11904=CARTESIAN_POINT('Origin',(-0.199999999999996,-5.60000000000005,-28.8804));
#11905=CARTESIAN_POINT('Origin',(-0.199999999999996,-4.10000000000005,-28.8804));
#11906=CARTESIAN_POINT('Origin',(41.09,-5.60000000000006,-28.8804));
#11907=CARTESIAN_POINT('',(53.52,-6.10000000000006,-28.8804));
#11908=CARTESIAN_POINT('Origin',(53.52,-5.60000000000006,-28.8804));
#11909=CARTESIAN_POINT('',(41.09,-6.10000000000006,-28.8804));
#11910=CARTESIAN_POINT('Origin',(53.52,-4.10000000000006,-28.8804));
#11911=CARTESIAN_POINT('',(55.52,-4.10000000000006,-28.8804));
#11912=CARTESIAN_POINT('Origin',(55.02,-4.10000000000006,-28.8804));
#11913=CARTESIAN_POINT('Origin',(53.52,-4.10000000000006,-28.8804));
#11914=CARTESIAN_POINT('Origin',(55.02,37.91,-28.8804));
#11915=CARTESIAN_POINT('',(55.52,50.58,-28.8804));
#11916=CARTESIAN_POINT('Origin',(55.02,50.58,-28.8804));
#11917=CARTESIAN_POINT('',(55.52,37.91,-28.8804));
#11918=CARTESIAN_POINT('Origin',(53.52,50.58,-28.8804));
#11919=CARTESIAN_POINT('',(53.52,52.58,-28.8804));
#11920=CARTESIAN_POINT('Origin',(53.52,52.08,-28.8804));
#11921=CARTESIAN_POINT('Origin',(53.52,50.58,-28.8804));
#11922=CARTESIAN_POINT('Origin',(12.23,52.08,-28.8804));
#11923=CARTESIAN_POINT('',(12.23,52.58,-28.8804));
#11924=CARTESIAN_POINT('Origin',(55.52,52.58,-27.3804));
#11925=CARTESIAN_POINT('',(55.52,50.58,-27.3804));
#11926=CARTESIAN_POINT('',(55.52,50.58,-27.3804));
#11927=CARTESIAN_POINT('',(55.52,-4.10000000000006,-27.3804));
#11928=CARTESIAN_POINT('',(55.52,52.58,-27.3804));
#11929=CARTESIAN_POINT('',(55.52,-4.10000000000006,-27.3804));
#11930=CARTESIAN_POINT('Origin',(53.52,50.58,-27.3804));
#11931=CARTESIAN_POINT('',(53.52,52.58,-27.3804));
#11932=CARTESIAN_POINT('',(53.52,52.58,-27.3804));
#11933=CARTESIAN_POINT('Origin',(53.52,50.58,-27.3804));
#11934=CARTESIAN_POINT('Origin',(-2.2,52.58,-27.3804));
#11935=CARTESIAN_POINT('',(-0.2,52.58,-27.3804));
#11936=CARTESIAN_POINT('',(-0.2,52.58,-27.3804));
#11937=CARTESIAN_POINT('',(-2.2,52.58,-27.3804));
#11938=CARTESIAN_POINT('Origin',(-0.2,50.58,-27.3804));
#11939=CARTESIAN_POINT('',(-2.2,50.58,-27.3804));
#11940=CARTESIAN_POINT('',(-2.2,50.58,-27.3804));
#11941=CARTESIAN_POINT('Origin',(-0.2,50.58,-27.3804));
#11942=CARTESIAN_POINT('Origin',(-0.199999999999996,-4.10000000000005,-27.3804));
#11943=CARTESIAN_POINT('',(-0.199999999999996,-6.10000000000005,-27.3804));
#11944=CARTESIAN_POINT('',(-0.199999999999996,-6.10000000000005,-27.3804));
#11945=CARTESIAN_POINT('',(-2.2,-4.10000000000005,-27.3804));
#11946=CARTESIAN_POINT('Origin',(-0.199999999999996,-4.10000000000005,-27.3804));
#11947=CARTESIAN_POINT('',(-2.2,-4.10000000000005,-27.3804));
#11948=CARTESIAN_POINT('Origin',(55.52,-6.10000000000006,-27.3804));
#11949=CARTESIAN_POINT('',(53.52,-6.10000000000006,-27.3804));
#11950=CARTESIAN_POINT('',(53.52,-6.10000000000006,-27.3804));
#11951=CARTESIAN_POINT('',(55.52,-6.10000000000006,-27.3804));
#11952=CARTESIAN_POINT('Origin',(53.52,-4.10000000000006,-27.3804));
#11953=CARTESIAN_POINT('Origin',(53.52,-4.10000000000006,-27.3804));
#11954=CARTESIAN_POINT('Origin',(-2.2,-6.10000000000005,-27.3804));
#11955=CARTESIAN_POINT('',(-2.2,-6.10000000000005,-27.3804));
#11956=CARTESIAN_POINT('Origin',(50.804,-1.38400000000005,-28.3804));
#11957=CARTESIAN_POINT('',(49.204,-1.38400000000005,-27.3804));
#11958=CARTESIAN_POINT('',(48.204,-1.38400000000005,-28.3804));
#11959=CARTESIAN_POINT('Origin',(50.804,-1.38400000000005,-27.3804));
#11960=CARTESIAN_POINT('Origin',(50.804,-1.38400000000005,-27.3804));
#11961=CARTESIAN_POINT('',(49.204,-1.38400000000005,-27.3804));
#11962=CARTESIAN_POINT('Origin',(15.7239999999999,37.1719999999999,-28.3804));
#11963=CARTESIAN_POINT('',(14.1239999999999,37.1719999999999,-27.3804));
#11964=CARTESIAN_POINT('',(13.1239999999999,37.1719999999999,-28.3804));
#11965=CARTESIAN_POINT('Origin',(15.7239999999999,37.1719999999999,-27.3804));
#11966=CARTESIAN_POINT('Origin',(15.7239999999999,37.1719999999999,-27.3804));
#11967=CARTESIAN_POINT('',(14.1239999999999,37.1719999999999,-27.3804));
#11968=CARTESIAN_POINT('Origin',(2.516,-1.38400000000005,-28.3804));
#11969=CARTESIAN_POINT('',(0.916,-1.38400000000005,-27.3804));
#11970=CARTESIAN_POINT('',(-0.0840000000000002,-1.38400000000005,-28.3804));
#11971=CARTESIAN_POINT('Origin',(2.516,-1.38400000000005,-27.3804));
#11972=CARTESIAN_POINT('Origin',(2.516,-1.38400000000005,-27.3804));
#11973=CARTESIAN_POINT('',(0.916,-1.38400000000005,-27.3804));
#11974=CARTESIAN_POINT('Origin',(0.,50.38,-27.3804));
#11975=CARTESIAN_POINT('',(0.,50.38,-27.3804));
#11976=CARTESIAN_POINT('',(0.,50.38,-27.3804));
#11977=CARTESIAN_POINT('',(0.,36.81,-27.3804));
#11978=CARTESIAN_POINT('Origin',(53.32,50.38,-27.3804));
#11979=CARTESIAN_POINT('',(39.99,50.38,-27.3804));
#11980=CARTESIAN_POINT('Origin',(26.66,23.24,-27.3804));
#11981=UNCERTAINTY_MEASURE_WITH_UNIT(LENGTH_MEASURE(0.01),#11985,
'DISTANCE_ACCURACY_VALUE',
'Maximum model space distance between geometric entities at asserted c
onnectivities');
#11982=UNCERTAINTY_MEASURE_WITH_UNIT(LENGTH_MEASURE(0.01),#11985,
'DISTANCE_ACCURACY_VALUE',
'Maximum model space distance between geometric entities at asserted c
onnectivities');
#11983=(
GEOMETRIC_REPRESENTATION_CONTEXT(3)
GLOBAL_UNCERTAINTY_ASSIGNED_CONTEXT((#11981))
GLOBAL_UNIT_ASSIGNED_CONTEXT((#11985,#11986,#11987))
REPRESENTATION_CONTEXT('','3D')
);
#11984=(
GEOMETRIC_REPRESENTATION_CONTEXT(3)
GLOBAL_UNCERTAINTY_ASSIGNED_CONTEXT((#11982))
GLOBAL_UNIT_ASSIGNED_CONTEXT((#11985,#11986,#11987))
REPRESENTATION_CONTEXT('','3D')
);
#11985=(
LENGTH_UNIT()
NAMED_UNIT(*)
SI_UNIT(.MILLI.,.METRE.)
);
#11986=(
NAMED_UNIT(*)
PLANE_ANGLE_UNIT()
SI_UNIT($,.RADIAN.)
);
#11987=(
NAMED_UNIT(*)
SI_UNIT($,.STERADIAN.)
SOLID_ANGLE_UNIT()
);
#11988=SHAPE_DEFINITION_REPRESENTATION(#11989,#11990);
#11989=PRODUCT_DEFINITION_SHAPE('',$,#11992);
#11990=SHAPE_REPRESENTATION('',(#6159),#11983);
#11991=PRODUCT_DEFINITION_CONTEXT('part definition',#11996,'design');
#11992=PRODUCT_DEFINITION('2026-01-08-18-00-45-278',
'esp_home_light_housing',#11993,#11991);
#11993=PRODUCT_DEFINITION_FORMATION('',$,#11998);
#11994=PRODUCT_RELATED_PRODUCT_CATEGORY('esp_home_light_housing',
'esp_home_light_housing',(#11998));
#11995=APPLICATION_PROTOCOL_DEFINITION('international standard',
'automotive_design',2009,#11996);
#11996=APPLICATION_CONTEXT(
'Core Data for Automotive Mechanical Design Process');
#11997=PRODUCT_CONTEXT('part definition',#11996,'mechanical');
#11998=PRODUCT('2026-01-08-18-00-45-278','esp_home_light_housing',$,(#11997));
#11999=PRESENTATION_STYLE_ASSIGNMENT((#12004));
#12000=PRESENTATION_STYLE_ASSIGNMENT((#12005));
#12001=PRESENTATION_STYLE_ASSIGNMENT((#12006));
#12002=PRESENTATION_STYLE_ASSIGNMENT((#12007));
#12003=PRESENTATION_STYLE_ASSIGNMENT((#12008));
#12004=SURFACE_STYLE_USAGE(.BOTH.,#12009);
#12005=SURFACE_STYLE_USAGE(.BOTH.,#12010);
#12006=SURFACE_STYLE_USAGE(.BOTH.,#12011);
#12007=SURFACE_STYLE_USAGE(.BOTH.,#12012);
#12008=SURFACE_STYLE_USAGE(.BOTH.,#12013);
#12009=SURFACE_SIDE_STYLE('',(#12014));
#12010=SURFACE_SIDE_STYLE('',(#12015));
#12011=SURFACE_SIDE_STYLE('',(#12016));
#12012=SURFACE_SIDE_STYLE('',(#12017));
#12013=SURFACE_SIDE_STYLE('',(#12018));
#12014=SURFACE_STYLE_FILL_AREA(#12019);
#12015=SURFACE_STYLE_FILL_AREA(#12020);
#12016=SURFACE_STYLE_FILL_AREA(#12021);
#12017=SURFACE_STYLE_FILL_AREA(#12022);
#12018=SURFACE_STYLE_FILL_AREA(#12023);
#12019=FILL_AREA_STYLE('Opaque(255,191,0)',(#12024));
#12020=FILL_AREA_STYLE('Steel - Satin',(#12025));
#12021=FILL_AREA_STYLE('Opaque(120,110,70)',(#12026));
#12022=FILL_AREA_STYLE('SemiTransparent(0,128,0)',(#12027));
#12023=FILL_AREA_STYLE('Opaque(215,15,15)',(#12028));
#12024=FILL_AREA_STYLE_COLOUR('Opaque(255,191,0)',#12029);
#12025=FILL_AREA_STYLE_COLOUR('Steel - Satin',#12030);
#12026=FILL_AREA_STYLE_COLOUR('Opaque(120,110,70)',#12031);
#12027=FILL_AREA_STYLE_COLOUR('SemiTransparent(0,128,0)',#12032);
#12028=FILL_AREA_STYLE_COLOUR('Opaque(215,15,15)',#12033);
#12029=COLOUR_RGB('Opaque(255,191,0)',1.,0.749019607843137,0.);
#12030=COLOUR_RGB('Steel - Satin',0.627450980392157,0.627450980392157,0.627450980392157);
#12031=COLOUR_RGB('Opaque(120,110,70)',0.470588235294118,0.431372549019608,
0.274509803921569);
#12032=COLOUR_RGB('SemiTransparent(0,128,0)',0.,0.501960784313725,0.);
#12033=COLOUR_RGB('Opaque(215,15,15)',0.843137254901961,0.0588235294117647,
0.0588235294117647);
ENDSEC;
END-ISO-10303-21;
